#pragma once
#include <Arduino.h>
#include <lvgl.h>

static const uint16_t cinemaWallpaperPixels[240 * 320] PROGMEM = {
  0x2040, 0x2040, 0x2040, 0x2040, 0x30A0, 0x38C0, 0x2040, 0x1000, 0x1020, 0x1820, 0x1840, 0x1840,
  0x1840, 0x1020, 0x1820, 0x1020, 0x1020, 0x1820, 0x1820, 0x1820, 0x1020, 0x0000, 0x0000, 0x1020,
  0x1840, 0x2040, 0x1840, 0x1840, 0x1840, 0x1820, 0x1840, 0x1840, 0x1820, 0x1840, 0x1820, 0x1840,
  0x2040, 0x0820, 0x1020, 0x2060, 0x1020, 0x0000, 0x0800, 0x1840, 0x1840, 0x0820, 0x0000, 0x1020,
  0x1820, 0x1020, 0x0000, 0x0800, 0x1840, 0x1820, 0x0800, 0x0000, 0x1020, 0x1840, 0x1020, 0x0000,
  0x0800, 0x1020, 0x1020, 0x0000, 0x0000, 0x1020, 0x1020, 0x0000, 0x0000, 0x1020, 0x1020, 0x0000,
  0x0000, 0x1020, 0x1020, 0x0000, 0x0800, 0x1840, 0x1840, 0x1040, 0x0820, 0x0000, 0x0800, 0x0800,
  0x0000, 0x0000, 0x0800, 0x0800, 0x0800, 0x0000, 0x0800, 0x1020, 0x0800, 0x0000, 0x0800, 0x1020,
  0x0000, 0x0000, 0x1000, 0x1000, 0x0000, 0x0000, 0x1020, 0x1020, 0x0000, 0x0800, 0x1020, 0x1020,
  0x0000, 0x0800, 0x1020, 0x1020, 0x0000, 0x0800, 0x1820, 0x1020, 0x0000, 0x0800, 0x1820, 0x1020,
  0x0000, 0x0800, 0x1020, 0x0820, 0x0000, 0x0820, 0x1820, 0x1020, 0x0000, 0x1020, 0x1820, 0x1020,
  0x0000, 0x0820, 0x1820, 0x1020, 0x0000, 0x1020, 0x1840, 0x0820, 0x0000, 0x1020, 0x1820, 0x0800,
  0x0000, 0x1020, 0x1820, 0x0800, 0x0000, 0x1020, 0x1020, 0x0000, 0x0000, 0x1020, 0x1840, 0x0000,
  0x0800, 0x2060, 0x2040, 0x0000, 0x0800, 0x1840, 0x1840, 0x0000, 0x1020, 0x1820, 0x0800, 0x0000,
  0x1840, 0x1840, 0x0800, 0x0000, 0x1020, 0x1020, 0x0800, 0x0000, 0x1020, 0x1020, 0x0800, 0x0000,
  0x0800, 0x1020, 0x0800, 0x0000, 0x0800, 0x1020, 0x0800, 0x0000, 0x0800, 0x0800, 0x0800, 0x0000,
  0x0000, 0x0000, 0x0000, 0x0000, 0x0000, 0x0800, 0x0800, 0x0800, 0x0000, 0x1020, 0x1020, 0x0800,
  0x1020, 0x1020, 0x1840, 0x2040, 0x1020, 0x1840, 0x1020, 0x1020, 0x0800, 0x0000, 0x0800, 0x0800,
  0x0800, 0x0000, 0x0800, 0x0800, 0x0800, 0x0000, 0x0000, 0x0800, 0x0800, 0x0000, 0x0000, 0x0800,
  0x0800, 0x0000, 0x0000, 0x0000, 0x0800, 0x0800, 0x0000, 0x0000, 0x0800, 0x0800, 0x0000, 0x0000,
  0x1840, 0x2040, 0x2040, 0x2060, 0x2040, 0x2060, 0x3080, 0x30A0, 0x2060, 0x1020, 0x1020, 0x1840,
  0x1840, 0x1840, 0x1820, 0x1820, 0x1820, 0x1820, 0x1840, 0x1840, 0x1840, 0x1840, 0x0800, 0x0000,
  0x0000, 0x1040, 0x2060, 0x1840, 0x1840, 0x1840, 0x1840, 0x1840, 0x1840, 0x1020, 0x1820, 0x1020,
  0x1840, 0x2060, 0x1020, 0x0800, 0x1840, 0x1840, 0x0800, 0x0000, 0x1820, 0x1840, 0x1020, 0x0000,
  0x1020, 0x1840, 0x1820, 0x0800, 0x0000, 0x1820, 0x1840, 0x0800, 0x0000, 0x1020, 0x1840, 0x1020,
  0x0000, 0x0800, 0x1020, 0x1020, 0x0000, 0x0000, 0x1020, 0x1020, 0x0000, 0x0000, 0x1020, 0x1020,
  0x0000, 0x0000, 0x1020, 0x1820, 0x1020, 0x2840, 0x3880, 0x1800, 0x1000, 0x0800, 0x0800, 0x0800,
  0x0800, 0x0000, 0x0000, 0x0800, 0x0800, 0x0000, 0x0000, 0x1000, 0x1020, 0x0000, 0x0000, 0x1020,
  0x1020, 0x0000, 0x0800, 0x1020, 0x0800, 0x0000, 0x1020, 0x1020, 0x0800, 0x0000, 0x1020, 0x1020,
  0x0000, 0x0000, 0x1020, 0x1020, 0x0000, 0x0000, 0x1820, 0x1020, 0x0000, 0x0000, 0x1820, 0x1020,
  0x0000, 0x0800, 0x1820, 0x1020, 0x0000, 0x0800, 0x1840, 0x1020, 0x0000, 0x0820, 0x1820, 0x1020,
  0x0000, 0x0820, 0x1820, 0x1020, 0x0000, 0x1020, 0x1820, 0x0820, 0x0000, 0x1020, 0x1840, 0x0800,
  0x0000, 0x1020, 0x1820, 0x0000, 0x0000, 0x1020, 0x1020, 0x0000, 0x0000, 0x1820, 0x1820, 0x0000,
  0x1020, 0x2860, 0x1840, 0x0000, 0x1020, 0x1840, 0x1020, 0x0000, 0x1820, 0x1820, 0x0000, 0x0800,
  0x1840, 0x1820, 0x0000, 0x0820, 0x1820, 0x1020, 0x0000, 0x0800, 0x1020, 0x1020, 0x0000, 0x0000,
  0x1020, 0x1020, 0x0000, 0x0000, 0x1020, 0x1020, 0x0000, 0x0000, 0x0800, 0x0800, 0x0000, 0x0000,
  0x0800, 0x0000, 0x0000, 0x0000, 0x0800, 0x0800, 0x0800, 0x0000, 0x0800, 0x1820, 0x0800, 0x0800,
  0x0800, 0x1820, 0x48E0, 0x71E2, 0x61C3, 0x38C0, 0x1020, 0x0800, 0x0000, 0x0800, 0x0800, 0x0000,
  0x0000, 0x0800, 0x0800, 0x0000, 0x0000, 0x0800, 0x0800, 0x0800, 0x0000, 0x0000, 0x0800, 0x0800,
  0x0000, 0x0000, 0x0800, 0x0800, 0x0000, 0x0000, 0x0000, 0x0800, 0x0800, 0x0000, 0x0000, 0x0800,
  0x1020, 0x3080, 0x2860, 0x2060, 0x2060, 0x2040, 0x1840, 0x2060, 0x30A0, 0x38C0, 0x2060, 0x1020,
  0x1020, 0x1840, 0x1840, 0x1840, 0x1840, 0x1840, 0x1840, 0x1840, 0x1840, 0x1840, 0x1840, 0x1840,
  0x0800, 0x0000, 0x0800, 0x1840, 0x2040, 0x1840, 0x1840, 0x1840, 0x1840, 0x1840, 0x1840, 0x1840,
  0x1820, 0x1020, 0x1840, 0x1840, 0x0800, 0x1020, 0x2040, 0x1020, 0x0000, 0x0820, 0x2040, 0x1820,
  0x0000, 0x0820, 0x1840, 0x1840, 0x0820, 0x0000, 0x1020, 0x2040, 0x1020, 0x0000, 0x0800, 0x1820,
  0x1820, 0x0000, 0x0000, 0x1020, 0x1020, 0x0000, 0x0000, 0x1020, 0x1020, 0x0000, 0x0000, 0x1020,
  0x1020, 0x0000, 0x0000, 0x1820, 0x4900, 0xA3EB, 0xB4F0, 0x9369, 0x4102, 0x0800, 0x0000, 0x0800,
  0x0800, 0x0800, 0x0000, 0x0000, 0x1000, 0x1020, 0x0000, 0x0800, 0x1020, 0x0820, 0x0000, 0x0800,
  0x1020, 0x0800, 0x0000, 0x1020, 0x1020, 0x0000, 0x0000, 0x1020, 0x1020, 0x0000, 0x0820, 0x1820,
  0x1020, 0x0000, 0x1020, 0x1820, 0x0800, 0x0000, 0x1020, 0x1820, 0x0800, 0x0000, 0x1820, 0x1820,
  0x0800, 0x0000, 0x1820, 0x1820, 0x0000, 0x0000, 0x1840, 0x1840, 0x0000, 0x0800, 0x1820, 0x1020,
  0x0000, 0x0800, 0x1840, 0x1020, 0x0000, 0x1020, 0x1840, 0x1020, 0x0000, 0x1020, 0x1840, 0x0800,
  0x0000, 0x1820, 0x1840, 0x0000, 0x0000, 0x1820, 0x1020, 0x0000, 0x0800, 0x1840, 0x1020, 0x0000,
  0x1840, 0x2860, 0x1020, 0x0000, 0x1820, 0x1840, 0x0000, 0x0800, 0x1840, 0x1020, 0x0000, 0x1820,
  0x1840, 0x0800, 0x0000, 0x1820, 0x1840, 0x0800, 0x0000, 0x1020, 0x1820, 0x0800, 0x0000, 0x0820,
  0x1020, 0x0800, 0x0000, 0x1020, 0x1020, 0x0800, 0x0000, 0x0800, 0x0800, 0x0000, 0x0000, 0x0800,
  0x0000, 0x0000, 0x0000, 0x0800, 0x0800, 0x0800, 0x0000, 0x0800, 0x1820, 0x0800, 0x0000, 0x0000,
  0x1840, 0x38A0, 0xAC2C, 0xC5F5, 0xC592, 0x8AC6, 0x2020, 0x0800, 0x0800, 0x0800, 0x0000, 0x0000,
  0x0800, 0x0800, 0x0000, 0x0000, 0x0800, 0x1000, 0x0800, 0x0000, 0x0800, 0x0800, 0x0800, 0x0000,
  0x0000, 0x0800, 0x0800, 0x0000, 0x0000, 0x0800, 0x0800, 0x0000, 0x0000, 0x0000, 0x0800, 0x0800,
  0x1020, 0x38A0, 0x38A0, 0x3080, 0x2880, 0x2860, 0x2060, 0x2040, 0x1840, 0x2060, 0x38A0, 0x38C0,
  0x2880, 0x1020, 0x1020, 0x1840, 0x1840, 0x1840, 0x1840, 0x1840, 0x1840, 0x1840, 0x1840, 0x1840,
  0x1840, 0x1040, 0x0000, 0x0000, 0x0820, 0x1840, 0x1840, 0x1840, 0x1840, 0x1840, 0x1840, 0x1840,
  0x1840, 0x1020, 0x1020, 0x1840, 0x1840, 0x1020, 0x0820, 0x1840, 0x1840, 0x0000, 0x0000, 0x1840,
  0x2040, 0x0800, 0x0000, 0x1840, 0x2040, 0x1020, 0x0000, 0x0800, 0x2040, 0x1840, 0x0000, 0x0000,
  0x1820, 0x2040, 0x0800, 0x0000, 0x1020, 0x1820, 0x0800, 0x0000, 0x1020, 0x1020, 0x0800, 0x0000,
  0x1020, 0x1020, 0x0800, 0x0000, 0x3080, 0x7A85, 0x8B69, 0x9369, 0x5162, 0x1820, 0x0800, 0x0000,
  0x0800, 0x0800, 0x0800, 0x0000, 0x0800, 0x1000, 0x0820, 0x0000, 0x0800, 0x1020, 0x0800, 0x0000,
  0x1020, 0x1020, 0x0000, 0x0800, 0x1020, 0x0820, 0x0000, 0x1020, 0x1820, 0x0800, 0x0000, 0x1020,
  0x1820, 0x0000, 0x0000, 0x1820, 0x1020, 0x0000, 0x0800, 0x1820, 0x1020, 0x0000, 0x1020, 0x1840,
  0x1020, 0x0000, 0x1020, 0x1840, 0x0820, 0x0000, 0x1840, 0x1840, 0x0800, 0x0000, 0x1820, 0x1820,
  0x0000, 0x0800, 0x1840, 0x1820, 0x0000, 0x0820, 0x1840, 0x1020, 0x0000, 0x1020, 0x1840, 0x0800,
  0x0000, 0x1840, 0x1820, 0x0000, 0x0000, 0x1820, 0x1020, 0x0000, 0x0820, 0x1840, 0x1020, 0x0000,
  0x2040, 0x3060, 0x1020, 0x0000, 0x1840, 0x1820, 0x0000, 0x1020, 0x1840, 0x0800, 0x0000, 0x2040,
  0x1840, 0x0000, 0x0800, 0x1840, 0x1820, 0x0000, 0x0800, 0x1820, 0x1020, 0x0000, 0x0800, 0x1020,
  0x1020, 0x0000, 0x0820, 0x1020, 0x1000, 0x0000, 0x0800, 0x0800, 0x0800, 0x0000, 0x0800, 0x0000,
  0x0000, 0x0000, 0x0800, 0x0000, 0x0800, 0x0000, 0x1020, 0x1820, 0x0800, 0x0000, 0x0800, 0x0800,
  0x1820, 0x2880, 0x5162, 0x69C2, 0x5121, 0x3080, 0x1020, 0x1020, 0x0800, 0x0000, 0x0000, 0x1020,
  0x0800, 0x0000, 0x0000, 0x1020, 0x1000, 0x0000, 0x0000, 0x0800, 0x1000, 0x0000, 0x0000, 0x0800,
  0x0800, 0x0800, 0x0000, 0x0000, 0x0800, 0x0800, 0x0000, 0x0000, 0x0800, 0x0800, 0x0000, 0x0000,
  0x1020, 0x38C0, 0x38A0, 0x3080, 0x30A0, 0x30A0, 0x3080, 0x2060, 0x2040, 0x1840, 0x1840, 0x2060,
  0x38C0, 0x38C0, 0x2880, 0x1020, 0x1020, 0x1840, 0x1840, 0x1840, 0x2040, 0x1840, 0x1840, 0x1840,
  0x1840, 0x1840, 0x1840, 0x1020, 0x0000, 0x0000, 0x1020, 0x1840, 0x1840, 0x1840, 0x1840, 0x1840,
  0x1840, 0x1020, 0x1020, 0x1020, 0x1020, 0x1840, 0x1840, 0x0800, 0x1020, 0x2040, 0x1020, 0x0000,
  0x1020, 0x2860, 0x1020, 0x0000, 0x1020, 0x2040, 0x1840, 0x0000, 0x0000, 0x1840, 0x1840, 0x0800,
  0x0000, 0x1020, 0x2040, 0x0800, 0x0000, 0x1020, 0x1820, 0x0800, 0x0000, 0x1020, 0x1820, 0x0800,
  0x0000, 0x1020, 0x1820, 0x0800, 0x0800, 0x2020, 0x2020, 0x1000, 0x1000, 0x1020, 0x1020, 0x0800,
  0x0000, 0x0800, 0x0800, 0x0800, 0x0000, 0x0800, 0x1020, 0x0800, 0x0000, 0x1020, 0x1020, 0x0000,
  0x0000, 0x1020, 0x1020, 0x0000, 0x1020, 0x1020, 0x0000, 0x0000, 0x1020, 0x1020, 0x0000, 0x0820,
  0x1840, 0x1020, 0x0000, 0x1020, 0x1840, 0x0800, 0x0000, 0x1820, 0x1840, 0x0000, 0x0800, 0x1840,
  0x1020, 0x0000, 0x0820, 0x1840, 0x1020, 0x0000, 0x1020, 0x1840, 0x1020, 0x0000, 0x1820, 0x1840,
  0x0800, 0x0800, 0x1840, 0x1840, 0x0000, 0x0820, 0x1840, 0x1020, 0x0000, 0x1020, 0x1840, 0x0800,
  0x0000, 0x1840, 0x1820, 0x0000, 0x0800, 0x1840, 0x1020, 0x0000, 0x1020, 0x1840, 0x0800, 0x0000,
  0x2860, 0x2860, 0x0000, 0x0800, 0x2040, 0x1020, 0x0000, 0x1840, 0x1840, 0x0000, 0x1020, 0x2040,
  0x1020, 0x0000, 0x1840, 0x1840, 0x0820, 0x0000, 0x1840, 0x1820, 0x0800, 0x0000, 0x1020, 0x1020,
  0x0000, 0x0800, 0x1820, 0x1020, 0x0000, 0x0800, 0x1020, 0x1020, 0x0000, 0x0800, 0x0800, 0x0000,
  0x0000, 0x0800, 0x0000, 0x0800, 0x0000, 0x1020, 0x1820, 0x0800, 0x0000, 0x0800, 0x1020, 0x0800,
  0x0820, 0x0820, 0x1020, 0x1820, 0x1820, 0x1020, 0x1020, 0x0800, 0x0000, 0x0800, 0x1020, 0x0800,
  0x0000, 0x0000, 0x1020, 0x1000, 0x0000, 0x0000, 0x1000, 0x0800, 0x0000, 0x0000, 0x0800, 0x0800,
  0x0000, 0x0000, 0x0800, 0x0800, 0x0000, 0x0000, 0x0800, 0x0800, 0x0800, 0x0000, 0x0000, 0x0800,
  0x1040, 0x40C0, 0x38C0, 0x38C0, 0x30A0, 0x30A0, 0x30A0, 0x30A0, 0x3080, 0x2860, 0x2040, 0x1840,
  0x1840, 0x2060, 0x38C0, 0x40C0, 0x2880, 0x1820, 0x1820, 0x1840, 0x2040, 0x1840, 0x1840, 0x2040,
  0x1840, 0x1840, 0x1840, 0x1840, 0x1840, 0x1020, 0x0000, 0x0000, 0x1020, 0x1840, 0x1840, 0x1840,
  0x1840, 0x1840, 0x1820, 0x1020, 0x1020, 0x1020, 0x1020, 0x1840, 0x1020, 0x0820, 0x1840, 0x1840,
  0x0000, 0x0800, 0x2040, 0x2040, 0x0000, 0x0800, 0x2040, 0x2040, 0x0820, 0x0000, 0x1820, 0x2040,
  0x1020, 0x0000, 0x1020, 0x2040, 0x1020, 0x0000, 0x0820, 0x1840, 0x1020, 0x0000, 0x0800, 0x1820,
  0x0800, 0x0000, 0x1020, 0x1820, 0x0000, 0x0800, 0x1840, 0x1020, 0x1020, 0x1020, 0x1000, 0x1820,
  0x0800, 0x0000, 0x1020, 0x0800, 0x0800, 0x0000, 0x1020, 0x1020, 0x0000, 0x0000, 0x1020, 0x1020,
  0x0000, 0x0800, 0x1020, 0x0800, 0x0000, 0x1020, 0x1020, 0x0000, 0x0820, 0x1820, 0x0800, 0x0000,
  0x1820, 0x1820, 0x0000, 0x0800, 0x1840, 0x1020, 0x0000, 0x1020, 0x1840, 0x0820, 0x0000, 0x1820,
  0x1840, 0x0000, 0x0800, 0x1840, 0x1840, 0x0000, 0x1020, 0x1840, 0x1020, 0x0000, 0x1820, 0x1840,
  0x0820, 0x0800, 0x1840, 0x1840, 0x0800, 0x0820, 0x1840, 0x1020, 0x0000, 0x1020, 0x1840, 0x0800,
  0x0000, 0x1840, 0x1820, 0x0000, 0x0800, 0x1840, 0x1020, 0x0000, 0x1020, 0x1840, 0x0000, 0x0800,
  0x3060, 0x2060, 0x0000, 0x1020, 0x2040, 0x0800, 0x0800, 0x1840, 0x1820, 0x0000, 0x1840, 0x1840,
  0x0800, 0x0800, 0x2040, 0x1840, 0x0000, 0x0800, 0x1840, 0x1020, 0x0000, 0x0800, 0x1020, 0x0820,
  0x0000, 0x1820, 0x1020, 0x0800, 0x0000, 0x1020, 0x1020, 0x0000, 0x0800, 0x0800, 0x0800, 0x0000,
  0x0820, 0x0800, 0x0800, 0x0800, 0x1020, 0x1840, 0x0800, 0x0000, 0x1020, 0x1020, 0x0800, 0x0800,
  0x0800, 0x1020, 0x1020, 0x0800, 0x1020, 0x1020, 0x0800, 0x0000, 0x0800, 0x1020, 0x0800, 0x0000,
  0x0800, 0x1020, 0x0800, 0x0000, 0x0800, 0x1020, 0x0800, 0x0000, 0x0000, 0x1000, 0x0800, 0x0000,
  0x0000, 0x0800, 0x0800, 0x0000, 0x0000, 0x0800, 0x0800, 0x0000, 0x0000, 0x0800, 0x0800, 0x0000,
  0x1840, 0x40E0, 0x38C0, 0x38C0, 0x38C0, 0x38C0, 0x38C0, 0x38A0, 0x3080, 0x3080, 0x3080, 0x2060,
  0x2060, 0x2060, 0x1840, 0x2860, 0x38C0, 0x40E0, 0x2880, 0x1840, 0x1020, 0x1840, 0x2040, 0x1840,
  0x1840, 0x2040, 0x2040, 0x1840, 0x1840, 0x2040, 0x1840, 0x0820, 0x0000, 0x0000, 0x1840, 0x1840,
  0x1840, 0x1840, 0x1840, 0x1820, 0x1840, 0x1020, 0x1020, 0x1020, 0x1820, 0x1840, 0x1020, 0x1020,
  0x2040, 0x1020, 0x0000, 0x1840, 0x2060, 0x1020, 0x0000, 0x1840, 0x2860, 0x1020, 0x0000, 0x1020,
  0x2040, 0x1820, 0x0000, 0x0800, 0x1840, 0x1020, 0x0000, 0x0800, 0x1840, 0x1020, 0x0000, 0x0800,
  0x1840, 0x0820, 0x0000, 0x1020, 0x1820, 0x0000, 0x0000, 0x0820, 0x0800, 0x0800, 0x0800, 0x1020,
  0x1020, 0x0800, 0x0800, 0x1820, 0x0800, 0x0000, 0x0000, 0x1020, 0x1000, 0x0000, 0x0800, 0x1020,
  0x0800, 0x0000, 0x1020, 0x1020, 0x0000, 0x0820, 0x1820, 0x0800, 0x0000, 0x1820, 0x1820, 0x0000,
  0x0820, 0x1840, 0x1020, 0x0000, 0x1840, 0x1840, 0x0000, 0x0800, 0x2040, 0x1840, 0x0000, 0x1020,
  0x2040, 0x1020, 0x0000, 0x1840, 0x2040, 0x0800, 0x0800, 0x2040, 0x1840, 0x0000, 0x1020, 0x2040,
  0x1020, 0x0800, 0x1840, 0x1840, 0x0800, 0x0820, 0x1840, 0x1020, 0x0000, 0x1020, 0x1840, 0x0800,
  0x0000, 0x1840, 0x1820, 0x0000, 0x1020, 0x2040, 0x1020, 0x0000, 0x1840, 0x1840, 0x0000, 0x1020,
  0x3080, 0x1840, 0x0000, 0x1840, 0x2040, 0x0000, 0x1020, 0x2040, 0x0820, 0x0800, 0x2040, 0x1820,
  0x0000, 0x1820, 0x2040, 0x1020, 0x0000, 0x1840, 0x1840, 0x0000, 0x0000, 0x1820, 0x1020, 0x0000,
  0x1020, 0x1820, 0x1020, 0x0000, 0x1020, 0x1020, 0x0800, 0x0000, 0x1020, 0x0800, 0x0000, 0x1020,
  0x0800, 0x0800, 0x1020, 0x1820, 0x1820, 0x0800, 0x0000, 0x1020, 0x1020, 0x0800, 0x0000, 0x0800,
  0x1000, 0x0800, 0x0800, 0x0800, 0x1020, 0x0800, 0x0000, 0x0800, 0x1020, 0x0800, 0x0000, 0x0800,
  0x1020, 0x0800, 0x0000, 0x0800, 0x1020, 0x0800, 0x0000, 0x0800, 0x1000, 0x0000, 0x0000, 0x0800,
  0x1000, 0x0000, 0x0000, 0x0800, 0x1000, 0x0800, 0x0000, 0x0800, 0x1020, 0x0800, 0x0000, 0x0800,
  0x1840, 0x48E0, 0x40E0, 0x40E0, 0x40E0, 0x38C0, 0x40C0, 0x38C0, 0x38A0, 0x3080, 0x3080, 0x3080,
  0x3080, 0x2860, 0x2060, 0x2040, 0x1840, 0x2060, 0x38A0, 0x40E0, 0x2880, 0x1840, 0x1840, 0x2040,
  0x2040, 0x1840, 0x2040, 0x2040, 0x2040, 0x2040, 0x2040, 0x2040, 0x1840, 0x0800, 0x0000, 0x0800,
  0x1840, 0x1840, 0x1840, 0x1840, 0x1820, 0x1820, 0x1020, 0x1020, 0x1020, 0x1020, 0x1840, 0x1820,
  0x1020, 0x1840, 0x1840, 0x0000, 0x1020, 0x2060, 0x1840, 0x0800, 0x1020, 0x2060, 0x1840, 0x0000,
  0x0800, 0x2040, 0x1820, 0x0000, 0x0000, 0x1840, 0x1820, 0x0000, 0x0800, 0x1840, 0x1020, 0x0000,
  0x0820, 0x1840, 0x1020, 0x0000, 0x1020, 0x1820, 0x0000, 0x0000, 0x0800, 0x0800, 0x0000, 0x1020,
  0x1020, 0x1020, 0x0800, 0x1020, 0x1020, 0x1000, 0x0000, 0x0800, 0x1020, 0x0800, 0x0000, 0x1020,
  0x1020, 0x0000, 0x0800, 0x1020, 0x1020, 0x0000, 0x1820, 0x1820, 0x0000, 0x0820, 0x1840, 0x0800,
  0x0000, 0x1820, 0x1840, 0x0000, 0x1020, 0x2040, 0x1020, 0x0000, 0x1840, 0x2040, 0x0000, 0x0800,
  0x2040, 0x1840, 0x0000, 0x1840, 0x2060, 0x1020, 0x0000, 0x2040, 0x2040, 0x0800, 0x1020, 0x2040,
  0x1820, 0x0800, 0x1840, 0x1840, 0x0800, 0x1020, 0x1840, 0x1840, 0x0000, 0x1040, 0x2040, 0x0800,
  0x0800, 0x1840, 0x1820, 0x0000, 0x1020, 0x2040, 0x0800, 0x0000, 0x2040, 0x1840, 0x0000, 0x1840,
  0x3080, 0x1020, 0x0000, 0x2040, 0x1840, 0x0000, 0x1820, 0x1840, 0x0000, 0x1020, 0x2040, 0x1020,
  0x0000, 0x2040, 0x1840, 0x0000, 0x0800, 0x2040, 0x1020, 0x0000, 0x1020, 0x1020, 0x0800, 0x0800,
  0x1840, 0x1020, 0x0000, 0x0820, 0x1020, 0x1020, 0x0000, 0x1020, 0x1020, 0x0800, 0x0820, 0x1020,
  0x0800, 0x1820, 0x2060, 0x1840, 0x0800, 0x0000, 0x1020, 0x1020, 0x0800, 0x0800, 0x1020, 0x1000,
  0x0800, 0x0800, 0x0800, 0x0800, 0x0800, 0x0000, 0x0800, 0x1020, 0x0800, 0x0000, 0x1020, 0x1020,
  0x0000, 0x0000, 0x1020, 0x1020, 0x0000, 0x0000, 0x1020, 0x1000, 0x0000, 0x0000, 0x1000, 0x0800,
  0x0000, 0x0000, 0x1000, 0x0800, 0x0000, 0x0000, 0x1000, 0x1000, 0x0000, 0x0800, 0x1000, 0x0800,
  0x1840, 0x4900, 0x4900, 0x4901, 0x40E0, 0x40E0, 0x40E0, 0x40E0, 0x38C0, 0x38A0, 0x38A0, 0x30A0,
  0x3080, 0x3080, 0x3080, 0x2860, 0x2060, 0x2040, 0x2040, 0x2060, 0x38C0, 0x40E0, 0x2880, 0x1840,
  0x1840, 0x1840, 0x2040, 0x1840, 0x2040, 0x2040, 0x2040, 0x1840, 0x1840, 0x1840, 0x1020, 0x0000,
  0x0000, 0x0820, 0x1840, 0x1840, 0x1820, 0x1020, 0x1020, 0x1020, 0x1020, 0x1020, 0x1020, 0x1840,
  0x1840, 0x1020, 0x1020, 0x2040, 0x1020, 0x0800, 0x2040, 0x2060, 0x0800, 0x0800, 0x2040, 0x2040,
  0x0800, 0x0000, 0x1820, 0x1840, 0x0800, 0x0000, 0x1840, 0x1840, 0x0000, 0x0000, 0x1840, 0x1820,
  0x0000, 0x0800, 0x1840, 0x1020, 0x0000, 0x1020, 0x1820, 0x0000, 0x0000, 0x0800, 0x0800, 0x1840,
  0x2060, 0x0800, 0x1020, 0x0000, 0x0820, 0x1020, 0x1020, 0x0000, 0x0800, 0x1020, 0x0000, 0x0000,
  0x1020, 0x1020, 0x0000, 0x0820, 0x1820, 0x0000, 0x0800, 0x1840, 0x0820, 0x0000, 0x1820, 0x1820,
  0x0000, 0x1020, 0x2040, 0x0820, 0x0000, 0x2040, 0x1840, 0x0000, 0x1020, 0x2040, 0x1020, 0x0000,
  0x2040, 0x2040, 0x0000, 0x1020, 0x2060, 0x1840, 0x0000, 0x1840, 0x2060, 0x0800, 0x1020, 0x2060,
  0x1840, 0x0800, 0x1840, 0x1840, 0x0820, 0x1020, 0x1840, 0x1840, 0x0000, 0x1840, 0x2060, 0x0800,
  0x0800, 0x2040, 0x1840, 0x0000, 0x1020, 0x2040, 0x0800, 0x0800, 0x2040, 0x1840, 0x0000, 0x2060,
  0x3060, 0x0800, 0x0800, 0x2860, 0x1820, 0x0000, 0x2040, 0x1820, 0x0000, 0x1840, 0x2040, 0x0000,
  0x1020, 0x2060, 0x1020, 0x0000, 0x1840, 0x1840, 0x0000, 0x0800, 0x1840, 0x1020, 0x0000, 0x1840,
  0x1840, 0x0800, 0x0800, 0x1840, 0x1020, 0x0000, 0x0800, 0x1020, 0x0800, 0x0800, 0x1020, 0x0800,
  0x1020, 0x2060, 0x1840, 0x0800, 0x0000, 0x0800, 0x1020, 0x0800, 0x0800, 0x1820, 0x1020, 0x0000,
  0x0800, 0x1020, 0x0800, 0x0800, 0x0000, 0x0800, 0x1000, 0x0000, 0x0800, 0x1020, 0x1000, 0x0000,
  0x0000, 0x1020, 0x1020, 0x0000, 0x0800, 0x1820, 0x0800, 0x0000, 0x0800, 0x1020, 0x0800, 0x0000,
  0x1000, 0x1020, 0x0800, 0x0000, 0x0800, 0x1020, 0x0800, 0x0000, 0x1000, 0x1000, 0x0800, 0x1020,
  0x1840, 0x5121, 0x4900, 0x4900, 0x4901, 0x4901, 0x40E0, 0x40E0, 0x40C0, 0x38C0, 0x38A0, 0x38A0,
  0x38A0, 0x30A0, 0x30A0, 0x3080, 0x2880, 0x2860, 0x2060, 0x2060, 0x1840, 0x2060, 0x38C0, 0x40E0,
  0x2880, 0x1840, 0x1840, 0x1840, 0x1840, 0x1840, 0x1840, 0x1840, 0x1840, 0x1840, 0x1840, 0x1840,
  0x1020, 0x0000, 0x0000, 0x1020, 0x1840, 0x1820, 0x1020, 0x1020, 0x1020, 0x1820, 0x1820, 0x1820,
  0x1840, 0x1840, 0x1820, 0x1020, 0x2040, 0x1840, 0x0800, 0x1840, 0x2860, 0x1840, 0x0800, 0x1840,
  0x2860, 0x1020, 0x0000, 0x1020, 0x2040, 0x1020, 0x0000, 0x1820, 0x2040, 0x0800, 0x0000, 0x1840,
  0x1820, 0x0000, 0x0800, 0x1840, 0x1020, 0x0000, 0x1020, 0x1820, 0x0000, 0x0000, 0x0800, 0x0800,
  0x1840, 0x1840, 0x0800, 0x1020, 0x0000, 0x0800, 0x1020, 0x0800, 0x0000, 0x1000, 0x1020, 0x0000,
  0x0800, 0x1020, 0x0800, 0x0000, 0x1020, 0x1820, 0x0000, 0x1020, 0x1840, 0x0000, 0x0820, 0x1840,
  0x0820, 0x0000, 0x1840, 0x1840, 0x0000, 0x1020, 0x2040, 0x0800, 0x0000, 0x2040, 0x1840, 0x0000,
  0x1840, 0x2860, 0x0820, 0x0800, 0x2060, 0x1840, 0x0000, 0x1840, 0x2060, 0x1020, 0x0800, 0x2040,
  0x1840, 0x0800, 0x1840, 0x1840, 0x0820, 0x0820, 0x1840, 0x1840, 0x0000, 0x1840, 0x2040, 0x0800,
  0x0820, 0x2040, 0x1820, 0x0000, 0x1840, 0x2040, 0x0000, 0x0820, 0x2060, 0x1020, 0x0000, 0x2860,
  0x3060, 0x0000, 0x1820, 0x2860, 0x0820, 0x0800, 0x2040, 0x1020, 0x0000, 0x2040, 0x1820, 0x0000,
  0x1840, 0x2040, 0x0800, 0x0820, 0x2040, 0x1020, 0x0000, 0x1840, 0x1840, 0x0800, 0x1020, 0x1840,
  0x1020, 0x0000, 0x1840, 0x1840, 0x0800, 0x0000, 0x1020, 0x1020, 0x0800, 0x1020, 0x0820, 0x0800,
  0x1840, 0x1840, 0x0800, 0x0000, 0x0820, 0x1020, 0x0800, 0x0000, 0x1020, 0x1000, 0x0000, 0x0800,
  0x1020, 0x1000, 0x0000, 0x0000, 0x1020, 0x1000, 0x0000, 0x0800, 0x1020, 0x0800, 0x0000, 0x0800,
  0x1820, 0x0800, 0x0000, 0x1020, 0x1820, 0x0800, 0x0000, 0x1020, 0x1020, 0x0000, 0x0800, 0x1020,
  0x1000, 0x0000, 0x0800, 0x1020, 0x1000, 0x0800, 0x0800, 0x1020, 0x0800, 0x1000, 0x1820, 0x1020,
  0x1860, 0x5121, 0x4901, 0x5121, 0x5101, 0x4901, 0x4901, 0x48E0, 0x40E0, 0x38C0, 0x38C0, 0x38C0,
  0x38C0, 0x38A0, 0x38A0, 0x30A0, 0x3080, 0x2880, 0x2860, 0x2860, 0x2860, 0x2060, 0x2040, 0x2860,
  0x38C0, 0x40E0, 0x3080, 0x1840, 0x1820, 0x1840, 0x1840, 0x1840, 0x1840, 0x1840, 0x1840, 0x1840,
  0x1840, 0x1840, 0x0820, 0x0000, 0x0000, 0x1020, 0x1820, 0x1020, 0x1020, 0x1820, 0x1820, 0x1820,
  0x1840, 0x1840, 0x1840, 0x1840, 0x1020, 0x1820, 0x2060, 0x1840, 0x1820, 0x2860, 0x2060, 0x1000,
  0x1820, 0x2040, 0x1840, 0x0800, 0x0800, 0x2040, 0x1820, 0x0000, 0x1020, 0x2040, 0x1020, 0x0000,
  0x1020, 0x1840, 0x0000, 0x0800, 0x1840, 0x1020, 0x0000, 0x1000, 0x1820, 0x0800, 0x0000, 0x0800,
  0x0800, 0x1840, 0x2040, 0x1000, 0x1020, 0x0000, 0x1020, 0x1020, 0x0000, 0x0000, 0x1020, 0x1020,
  0x0000, 0x1020, 0x1820, 0x0000, 0x0800, 0x1840, 0x0820, 0x0000, 0x1840, 0x1020, 0x0000, 0x1820,
  0x1840, 0x0000, 0x1020, 0x2040, 0x0800, 0x0000, 0x2040, 0x1840, 0x0000, 0x1840, 0x2060, 0x0000,
  0x1020, 0x2860, 0x1840, 0x0000, 0x1840, 0x2060, 0x0800, 0x1020, 0x2860, 0x1840, 0x0800, 0x2040,
  0x1840, 0x0800, 0x1820, 0x2040, 0x1020, 0x0820, 0x2040, 0x1840, 0x0000, 0x1840, 0x2040, 0x0800,
  0x0820, 0x2060, 0x1820, 0x0000, 0x1840, 0x2040, 0x0000, 0x1020, 0x2060, 0x0820, 0x0800, 0x3080,
  0x2860, 0x0000, 0x2040, 0x2860, 0x0000, 0x1020, 0x2040, 0x0800, 0x1020, 0x2040, 0x0820, 0x0800,
  0x2040, 0x1840, 0x0000, 0x1840, 0x1840, 0x0000, 0x1020, 0x1840, 0x0820, 0x0800, 0x1840, 0x1820,
  0x0000, 0x1020, 0x1840, 0x1020, 0x0000, 0x1020, 0x1820, 0x0800, 0x1020, 0x1020, 0x0800, 0x1840,
  0x1840, 0x0800, 0x0800, 0x1020, 0x1820, 0x0800, 0x0000, 0x1020, 0x1000, 0x0000, 0x0800, 0x1820,
  0x1020, 0x0000, 0x0000, 0x1000, 0x0800, 0x0000, 0x0800, 0x1020, 0x0800, 0x0000, 0x1020, 0x1020,
  0x0000, 0x0000, 0x1820, 0x1020, 0x0000, 0x0800, 0x1820, 0x1020, 0x0000, 0x0800, 0x1020, 0x0800,
  0x0800, 0x1020, 0x1000, 0x0800, 0x1020, 0x1020, 0x1000, 0x1020, 0x1820, 0x1820, 0x1000, 0x0800,
  0x2060, 0x5121, 0x5121, 0x5941, 0x5121, 0x4901, 0x4900, 0x4900, 0x48E1, 0x40E0, 0x40E0, 0x40C0,
  0x38C0, 0x38C0, 0x38C0, 0x38A0, 0x38A0, 0x3080, 0x2880, 0x2880, 0x2880, 0x2860, 0x2860, 0x2060,
  0x2040, 0x3080, 0x40E0, 0x4901, 0x30A0, 0x1840, 0x1820, 0x1840, 0x1840, 0x1840, 0x1840, 0x1840,
  0x1840, 0x1840, 0x1840, 0x1820, 0x0820, 0x0000, 0x0800, 0x1020, 0x1840, 0x1840, 0x1840, 0x1840,
  0x1840, 0x1840, 0x1840, 0x1840, 0x2040, 0x1840, 0x1840, 0x2060, 0x2040, 0x1840, 0x2060, 0x2060,
  0x1820, 0x1020, 0x1820, 0x2040, 0x1020, 0x0820, 0x1820, 0x1840, 0x0000, 0x0800, 0x2040, 0x1020,
  0x0000, 0x1020, 0x2040, 0x0800, 0x0000, 0x1840, 0x1020, 0x0000, 0x1000, 0x1820, 0x0800, 0x0000,
  0x0800, 0x0800, 0x1840, 0x2040, 0x1000, 0x0820, 0x0000, 0x1020, 0x1020, 0x0000, 0x0800, 0x1020,
  0x0800, 0x0000, 0x1820, 0x1020, 0x0000, 0x1020, 0x1840, 0x0000, 0x1020, 0x2040, 0x0800, 0x0800,
  0x1840, 0x0820, 0x0000, 0x2040, 0x1840, 0x0000, 0x1840, 0x2040, 0x0000, 0x0820, 0x2860, 0x1020,
  0x0000, 0x2860, 0x2060, 0x0000, 0x1020, 0x2860, 0x1020, 0x0800, 0x2860, 0x1840, 0x0000, 0x1840,
  0x2040, 0x0800, 0x1020, 0x2040, 0x1020, 0x0800, 0x2040, 0x1840, 0x0000, 0x1840, 0x2060, 0x0800,
  0x1020, 0x2060, 0x1020, 0x0000, 0x2040, 0x2040, 0x0000, 0x1820, 0x2060, 0x0800, 0x1020, 0x3880,
  0x1840, 0x0000, 0x2860, 0x2040, 0x0000, 0x2040, 0x1840, 0x0000, 0x1820, 0x2040, 0x0000, 0x1820,
  0x2060, 0x0820, 0x0800, 0x2040, 0x1020, 0x0000, 0x1840, 0x1820, 0x0000, 0x1820, 0x1820, 0x0800,
  0x0800, 0x2040, 0x1020, 0x0000, 0x1020, 0x1840, 0x0800, 0x1020, 0x1820, 0x0800, 0x1840, 0x1840,
  0x0800, 0x0800, 0x1020, 0x1820, 0x0800, 0x0000, 0x1020, 0x1020, 0x0800, 0x0800, 0x1020, 0x1000,
  0x0000, 0x0800, 0x1020, 0x0800, 0x0000, 0x1000, 0x1020, 0x0000, 0x0000, 0x1020, 0x1020, 0x0000,
  0x0800, 0x1820, 0x0800, 0x0000, 0x1020, 0x1020, 0x0800, 0x1020, 0x1020, 0x1000, 0x1000, 0x1020,
  0x1000, 0x0800, 0x1020, 0x1820, 0x1000, 0x1000, 0x1840, 0x1840, 0x1020, 0x1020, 0x1020, 0x1020,
  0x2080, 0x5941, 0x5941, 0x5941, 0x5941, 0x5121, 0x5101, 0x4901, 0x4901, 0x4901, 0x40E0, 0x40E0,
  0x40E0, 0x38C0, 0x38C0, 0x38A0, 0x38A0, 0x30A0, 0x30A0, 0x30A0, 0x3080, 0x2880, 0x3080, 0x2880,
  0x2880, 0x2880, 0x2860, 0x3080, 0x40E0, 0x40E0, 0x2880, 0x1020, 0x1020, 0x1840, 0x1840, 0x1840,
  0x1840, 0x1840, 0x1820, 0x1820, 0x1840, 0x1020, 0x0800, 0x0000, 0x0820, 0x1840, 0x1840, 0x1840,
  0x1840, 0x1840, 0x1840, 0x2040, 0x2060, 0x2860, 0x2860, 0x1840, 0x1840, 0x2040, 0x1840, 0x1840,
  0x2040, 0x2040, 0x1840, 0x1820, 0x2040, 0x1840, 0x0820, 0x1020, 0x2040, 0x0820, 0x0000, 0x1840,
  0x1820, 0x0000, 0x0820, 0x1840, 0x0800, 0x0000, 0x1840, 0x1020, 0x0000, 0x0800, 0x1820, 0x0800,
  0x0000, 0x0800, 0x0000, 0x1020, 0x1840, 0x1020, 0x0800, 0x0800, 0x1820, 0x1020, 0x0000, 0x1020,
  0x1020, 0x0000, 0x0800, 0x1820, 0x0820, 0x0000, 0x1840, 0x1020, 0x0000, 0x2040, 0x1840, 0x0000,
  0x1020, 0x1840, 0x0000, 0x1020, 0x2040, 0x0800, 0x0820, 0x2060, 0x1020, 0x0000, 0x2060, 0x2040,
  0x0000, 0x2040, 0x2860, 0x0800, 0x0820, 0x2860, 0x1840, 0x0800, 0x2860, 0x2060, 0x0000, 0x1840,
  0x2060, 0x0820, 0x1020, 0x2040, 0x1020, 0x0800, 0x2040, 0x1840, 0x0000, 0x1840, 0x2060, 0x0800,
  0x1020, 0x2060, 0x1020, 0x0000, 0x2060, 0x1840, 0x0000, 0x1840, 0x2060, 0x0000, 0x1840, 0x3880,
  0x1020, 0x0820, 0x3080, 0x1020, 0x0800, 0x2060, 0x1040, 0x0000, 0x2040, 0x1820, 0x0000, 0x2040,
  0x1840, 0x0000, 0x1820, 0x2040, 0x0000, 0x1020, 0x1840, 0x0800, 0x1020, 0x1840, 0x1020, 0x0000,
  0x1840, 0x1840, 0x0000, 0x0800, 0x2040, 0x1020, 0x0800, 0x1020, 0x0800, 0x1020, 0x2040, 0x0800,
  0x0800, 0x1020, 0x1820, 0x0800, 0x0800, 0x1020, 0x1820, 0x1020, 0x0800, 0x1020, 0x1020, 0x0000,
  0x0800, 0x1020, 0x0800, 0x0800, 0x1020, 0x1020, 0x0000, 0x0800, 0x1020, 0x0800, 0x0800, 0x1820,
  0x1020, 0x0800, 0x0820, 0x1820, 0x1000, 0x0000, 0x1020, 0x1820, 0x0800, 0x1020, 0x1820, 0x1000,
  0x1020, 0x1820, 0x1820, 0x1000, 0x1820, 0x2040, 0x1840, 0x1020, 0x1020, 0x1020, 0x1020, 0x1020,
  0x2080, 0x6182, 0x5961, 0x6161, 0x5961, 0x5941, 0x5121, 0x5121, 0x4901, 0x5101, 0x4901, 0x40E0,
  0x40E0, 0x40E0, 0x38C0, 0x38C0, 0x38A0, 0x38A0, 0x38A0, 0x38A0, 0x30A0, 0x30A0, 0x3080, 0x3080,
  0x30A0, 0x30A0, 0x3080, 0x2880, 0x2060, 0x30A0, 0x40E0, 0x40E0, 0x2880, 0x1840, 0x1820, 0x1840,
  0x1840, 0x1840, 0x1020, 0x1020, 0x1020, 0x1820, 0x1840, 0x1020, 0x0800, 0x0000, 0x1020, 0x1840,
  0x1840, 0x1840, 0x2060, 0x2060, 0x2060, 0x2860, 0x2880, 0x2880, 0x2860, 0x1840, 0x2060, 0x2860,
  0x1020, 0x1020, 0x2860, 0x2860, 0x1020, 0x1020, 0x2040, 0x1020, 0x0800, 0x2040, 0x1840, 0x0000,
  0x1020, 0x1840, 0x0000, 0x0800, 0x2040, 0x1020, 0x0000, 0x1820, 0x1820, 0x0000, 0x0800, 0x1820,
  0x0800, 0x0000, 0x0800, 0x0800, 0x1840, 0x1840, 0x1820, 0x0800, 0x0800, 0x1820, 0x0800, 0x0000,
  0x1020, 0x1020, 0x0000, 0x1020, 0x1840, 0x0000, 0x0800, 0x2040, 0x0800, 0x1020, 0x2040, 0x0800,
  0x0800, 0x1840, 0x0820, 0x0000, 0x2040, 0x1840, 0x0000, 0x2040, 0x2040, 0x0000, 0x1840, 0x2860,
  0x0800, 0x1020, 0x3080, 0x1020, 0x0000, 0x2860, 0x2040, 0x0000, 0x2040, 0x2060, 0x0800, 0x1020,
  0x2060, 0x1020, 0x1020, 0x2040, 0x1020, 0x0800, 0x2040, 0x1840, 0x0000, 0x1840, 0x2060, 0x0800,
  0x1020, 0x2060, 0x1020, 0x0800, 0x2060, 0x1840, 0x0000, 0x2040, 0x2040, 0x0000, 0x2040, 0x3080,
  0x0800, 0x1840, 0x3060, 0x0800, 0x1020, 0x2860, 0x0820, 0x0820, 0x2040, 0x0820, 0x0820, 0x2040,
  0x1020, 0x0000, 0x2040, 0x1020, 0x0000, 0x1840, 0x1020, 0x0800, 0x2040, 0x1840, 0x0000, 0x1020,
  0x2040, 0x0800, 0x0000, 0x1840, 0x1020, 0x0000, 0x1020, 0x0820, 0x0800, 0x2040, 0x1020, 0x0800,
  0x1020, 0x1020, 0x0800, 0x0800, 0x1820, 0x1020, 0x1820, 0x0800, 0x0800, 0x1020, 0x0800, 0x0800,
  0x0800, 0x0800, 0x0800, 0x1820, 0x1000, 0x0000, 0x1020, 0x1820, 0x0000, 0x0820, 0x1840, 0x0800,
  0x0000, 0x1820, 0x2040, 0x0800, 0x0800, 0x1820, 0x1020, 0x0800, 0x1820, 0x1820, 0x0800, 0x1820,
  0x1840, 0x1020, 0x1020, 0x2040, 0x2040, 0x1820, 0x1820, 0x1820, 0x1820, 0x1820, 0x1820, 0x1820,
  0x28A0, 0x71C2, 0x69A2, 0x6182, 0x6181, 0x5961, 0x5141, 0x5121, 0x5121, 0x5121, 0x4901, 0x4900,
  0x40E0, 0x40E0, 0x40E0, 0x38C0, 0x38C0, 0x38C0, 0x38C0, 0x38C0, 0x38A0, 0x38A0, 0x38A0, 0x38C0,
  0x38C0, 0x38A0, 0x38A0, 0x30A0, 0x3080, 0x2880, 0x2840, 0x38A0, 0x50E0, 0x40C0, 0x2860, 0x1820,
  0x1020, 0x1820, 0x1820, 0x1020, 0x1020, 0x1020, 0x1020, 0x1820, 0x1840, 0x1020, 0x0800, 0x0800,
  0x1840, 0x2060, 0x2060, 0x2060, 0x2860, 0x2880, 0x2880, 0x2880, 0x3080, 0x30A0, 0x2040, 0x2040,
  0x3080, 0x2060, 0x0800, 0x1840, 0x2860, 0x1020, 0x0800, 0x2860, 0x1840, 0x0000, 0x2040, 0x2040,
  0x0000, 0x1020, 0x1840, 0x0800, 0x0000, 0x1840, 0x1020, 0x0000, 0x1820, 0x1840, 0x0000, 0x0820,
  0x1820, 0x0800, 0x0000, 0x0800, 0x0800, 0x1020, 0x1820, 0x1840, 0x0000, 0x1020, 0x1840, 0x0000,
  0x0800, 0x1840, 0x1020, 0x0000, 0x1840, 0x1020, 0x0000, 0x1820, 0x1840, 0x0000, 0x1840, 0x2040,
  0x0000, 0x1020, 0x1840, 0x0000, 0x1820, 0x2860, 0x0000, 0x1020, 0x2860, 0x0820, 0x0800, 0x3080,
  0x1820, 0x0000, 0x2860, 0x2040, 0x0000, 0x2060, 0x2860, 0x0800, 0x1840, 0x2860, 0x0820, 0x0800,
  0x2060, 0x1020, 0x0820, 0x2040, 0x1840, 0x0800, 0x1840, 0x1840, 0x0000, 0x1840, 0x2060, 0x0800,
  0x1020, 0x2060, 0x1020, 0x0800, 0x2860, 0x1020, 0x0000, 0x2840, 0x1840, 0x0000, 0x2860, 0x2860,
  0x0000, 0x2040, 0x2860, 0x0000, 0x1820, 0x2040, 0x0000, 0x1840, 0x2040, 0x0000, 0x1840, 0x2040,
  0x0000, 0x1020, 0x2040, 0x0800, 0x1020, 0x1840, 0x0800, 0x1820, 0x2040, 0x0800, 0x0800, 0x2040,
  0x1020, 0x0000, 0x1840, 0x2040, 0x0000, 0x1000, 0x1020, 0x1020, 0x1840, 0x1020, 0x0800, 0x1840,
  0x1820, 0x0800, 0x1020, 0x1820, 0x1020, 0x1020, 0x0800, 0x0800, 0x1020, 0x1000, 0x0800, 0x0800,
  0x0800, 0x0800, 0x1820, 0x0800, 0x0800, 0x1820, 0x1020, 0x0000, 0x1020, 0x1840, 0x0800, 0x0800,
  0x2040, 0x1820, 0x0800, 0x1020, 0x1840, 0x1020, 0x1020, 0x1820, 0x1820, 0x1820, 0x1840, 0x1020,
  0x1020, 0x2040, 0x2060, 0x2040, 0x1840, 0x1840, 0x1840, 0x1840, 0x1840, 0x2040, 0x2040, 0x2860,
  0x30C1, 0x8202, 0x71C2, 0x71C2, 0x69A2, 0x6182, 0x5961, 0x5961, 0x5961, 0x5941, 0x5121, 0x5121,
  0x4901, 0x4901, 0x40E1, 0x40E0, 0x40E0, 0x40E0, 0x40E0, 0x38C0, 0x38C0, 0x38A0, 0x38C0, 0x40E0,
  0x40E0, 0x40E0, 0x40E0, 0x4900, 0x6181, 0x9AC4, 0x6A03, 0x38C0, 0x2840, 0x3060, 0x40C0, 0x38A0,
  0x2040, 0x1020, 0x1020, 0x1020, 0x1020, 0x1020, 0x1020, 0x1020, 0x1020, 0x1840, 0x1840, 0x1020,
  0x0800, 0x0820, 0x2060, 0x2880, 0x2860, 0x2860, 0x2880, 0x3080, 0x3080, 0x38A0, 0x38A0, 0x2880,
  0x2040, 0x2880, 0x2880, 0x0820, 0x1020, 0x2860, 0x1840, 0x0800, 0x2060, 0x2040, 0x0000, 0x1820,
  0x2040, 0x0800, 0x0800, 0x2040, 0x0820, 0x0000, 0x1840, 0x1020, 0x0000, 0x1820, 0x1840, 0x0000,
  0x0820, 0x1840, 0x0800, 0x0800, 0x1020, 0x0000, 0x0800, 0x1820, 0x1020, 0x0000, 0x1020, 0x1840,
  0x0000, 0x1020, 0x1840, 0x0000, 0x0800, 0x2040, 0x0800, 0x0800, 0x2040, 0x0820, 0x0800, 0x2060,
  0x1020, 0x0800, 0x2040, 0x1020, 0x0000, 0x2860, 0x1020, 0x0000, 0x2860, 0x2040, 0x0000, 0x2860,
  0x2040, 0x0000, 0x2040, 0x2860, 0x0000, 0x1840, 0x3080, 0x0820, 0x0820, 0x2860, 0x1020, 0x0800,
  0x2860, 0x1840, 0x0800, 0x2040, 0x1840, 0x0800, 0x1840, 0x2040, 0x0000, 0x1840, 0x2860, 0x0000,
  0x1020, 0x2060, 0x0820, 0x0820, 0x2860, 0x1020, 0x0800, 0x2860, 0x1020, 0x0000, 0x3080, 0x2060,
  0x0000, 0x2860, 0x2040, 0x0000, 0x2040, 0x1840, 0x0000, 0x2040, 0x1840, 0x0800, 0x2040, 0x1820,
  0x0000, 0x2040, 0x1820, 0x0000, 0x1840, 0x1820, 0x1020, 0x2040, 0x1020, 0x0800, 0x2040, 0x1840,
  0x0000, 0x1020, 0x2040, 0x0820, 0x1020, 0x1020, 0x1020, 0x1840, 0x1820, 0x0800, 0x1020, 0x2040,
  0x0800, 0x0820, 0x1820, 0x0820, 0x0800, 0x0800, 0x1000, 0x1820, 0x1020, 0x0800, 0x0000, 0x1000,
  0x1000, 0x1020, 0x0800, 0x0800, 0x1820, 0x1020, 0x0800, 0x1840, 0x1820, 0x0800, 0x1020, 0x2860,
  0x1020, 0x0800, 0x2040, 0x1840, 0x1020, 0x1820, 0x1820, 0x1820, 0x2040, 0x1820, 0x1820, 0x2040,
  0x2060, 0x2040, 0x2040, 0x1840, 0x2040, 0x2040, 0x2040, 0x2040, 0x2860, 0x2880, 0x2060, 0x1020,
  0x38E1, 0x9263, 0x7A02, 0x7A03, 0x71C2, 0x69C2, 0x69A2, 0x6181, 0x6181, 0x6161, 0x5941, 0x5141,
  0x5121, 0x4901, 0x4901, 0x4901, 0x4901, 0x48E0, 0x40E0, 0x40E0, 0x40C0, 0x40C0, 0x40C0, 0x48E0,
  0x40E0, 0x40E0, 0x4900, 0x5121, 0x71A1, 0xAAE3, 0xC3E6, 0xA345, 0x7223, 0x38E1, 0x2040, 0x2860,
  0x3880, 0x3080, 0x1840, 0x1020, 0x1020, 0x1020, 0x1020, 0x1020, 0x1020, 0x1020, 0x1840, 0x2040,
  0x2040, 0x1020, 0x0800, 0x1020, 0x2860, 0x3080, 0x3080, 0x3080, 0x38A0, 0x38A0, 0x38A0, 0x38A0,
  0x38A0, 0x2060, 0x2040, 0x2880, 0x1840, 0x0800, 0x2060, 0x2860, 0x0800, 0x1840, 0x2860, 0x0820,
  0x0820, 0x2040, 0x0820, 0x0800, 0x1840, 0x1020, 0x0000, 0x1820, 0x1840, 0x0000, 0x1020, 0x1840,
  0x0000, 0x1020, 0x1840, 0x0800, 0x1020, 0x1820, 0x0800, 0x0000, 0x1840, 0x1020, 0x0000, 0x1840,
  0x1020, 0x0000, 0x1820, 0x1820, 0x0000, 0x1820, 0x1840, 0x0000, 0x1020, 0x2040, 0x0000, 0x1020,
  0x2060, 0x0800, 0x1840, 0x2040, 0x0000, 0x1840, 0x2040, 0x0000, 0x1840, 0x2860, 0x0000, 0x1020,
  0x2860, 0x0000, 0x1020, 0x3060, 0x1020, 0x0820, 0x3080, 0x1020, 0x0000, 0x2860, 0x1840, 0x0000,
  0x2860, 0x2040, 0x0800, 0x2040, 0x1840, 0x0800, 0x1840, 0x2040, 0x0000, 0x1840, 0x2860, 0x0000,
  0x1020, 0x2860, 0x0800, 0x1020, 0x2860, 0x0800, 0x0820, 0x3060, 0x1020, 0x0820, 0x3880, 0x1840,
  0x0800, 0x3060, 0x1020, 0x0800, 0x2860, 0x1020, 0x0800, 0x2860, 0x0820, 0x1020, 0x2040, 0x0800,
  0x1020, 0x2840, 0x0800, 0x0800, 0x2040, 0x0800, 0x1840, 0x1840, 0x0800, 0x1820, 0x2060, 0x0800,
  0x0820, 0x2040, 0x1020, 0x0800, 0x1840, 0x0800, 0x1020, 0x1820, 0x0800, 0x1020, 0x1840, 0x1020,
  0x1020, 0x1820, 0x1020, 0x1020, 0x1000, 0x1000, 0x1820, 0x1020, 0x0800, 0x0800, 0x1020, 0x1020,
  0x1000, 0x0800, 0x1020, 0x1820, 0x0800, 0x0800, 0x1840, 0x1020, 0x0800, 0x2040, 0x2860, 0x1020,
  0x1020, 0x2860, 0x1820, 0x1020, 0x2060, 0x2040, 0x2040, 0x2040, 0x1820, 0x1840, 0x2860, 0x2060,
  0x1840, 0x2040, 0x2040, 0x2040, 0x2060, 0x2060, 0x2860, 0x2860, 0x2860, 0x1840, 0x0800, 0x1020,
  0x4142, 0xAB04, 0x8A63, 0x8243, 0x7A23, 0x7A02, 0x71E2, 0x69C2, 0x69A2, 0x6982, 0x6181, 0x5961,
  0x5941, 0x5121, 0x5121, 0x5121, 0x4901, 0x4900, 0x40E0, 0x40E0, 0x40E0, 0x48E0, 0x40E0, 0x48E0,
  0x48E0, 0x48E0, 0x4901, 0x5120, 0x6981, 0x8A22, 0x9242, 0x9A83, 0xB365, 0xB3A6, 0x8284, 0x4101,
  0x2040, 0x2840, 0x3080, 0x2860, 0x1840, 0x1020, 0x1020, 0x1020, 0x1020, 0x1020, 0x1020, 0x1840,
  0x1840, 0x2060, 0x2060, 0x1020, 0x0820, 0x2040, 0x38A0, 0x38A0, 0x30A0, 0x38A0, 0x38C0, 0x38C0,
  0x38C0, 0x38A0, 0x2880, 0x2040, 0x2860, 0x2860, 0x0820, 0x1820, 0x2860, 0x1020, 0x1020, 0x2860,
  0x1020, 0x0800, 0x2040, 0x1020, 0x0000, 0x1820, 0x1840, 0x0000, 0x1820, 0x1840, 0x0000, 0x1020,
  0x1840, 0x0000, 0x1020, 0x2040, 0x0800, 0x1020, 0x1820, 0x0800, 0x0800, 0x1840, 0x1820, 0x0800,
  0x1840, 0x1020, 0x0800, 0x2040, 0x1020, 0x0000, 0x2040, 0x1020, 0x0000, 0x2040, 0x1020, 0x0000,
  0x2860, 0x1840, 0x0800, 0x2860, 0x1020, 0x0000, 0x2060, 0x1020, 0x0800, 0x3080, 0x1840, 0x0000,
  0x2860, 0x1020, 0x0000, 0x2860, 0x2040, 0x0800, 0x2860, 0x1840, 0x0000, 0x2040, 0x2040, 0x0000,
  0x2060, 0x2060, 0x0800, 0x1840, 0x2040, 0x0800, 0x1840, 0x2040, 0x0000, 0x1840, 0x2860, 0x0000,
  0x1840, 0x2860, 0x0800, 0x1020, 0x2860, 0x0800, 0x1020, 0x3080, 0x0800, 0x1020, 0x3080, 0x0820,
  0x1020, 0x2860, 0x0800, 0x1020, 0x2860, 0x0800, 0x1820, 0x2040, 0x0000, 0x1840, 0x1840, 0x0000,
  0x2040, 0x1840, 0x0000, 0x1840, 0x1820, 0x0800, 0x2040, 0x1020, 0x0800, 0x2060, 0x1020, 0x0800,
  0x2040, 0x1840, 0x0800, 0x1840, 0x1020, 0x1020, 0x2040, 0x1000, 0x1020, 0x1840, 0x1000, 0x1000,
  0x2040, 0x1020, 0x1020, 0x1020, 0x1020, 0x1820, 0x1020, 0x0800, 0x0800, 0x1020, 0x0800, 0x0800,
  0x0800, 0x1020, 0x1820, 0x1000, 0x1020, 0x1840, 0x1020, 0x1020, 0x2040, 0x2040, 0x1020, 0x2040,
  0x2860, 0x1020, 0x1020, 0x2860, 0x2040, 0x2040, 0x2040, 0x2040, 0x2860, 0x2040, 0x1840, 0x2040,
  0x2040, 0x2060, 0x2060, 0x2060, 0x2860, 0x2880, 0x2880, 0x1840, 0x1020, 0x1820, 0x2880, 0x38A0,
  0x30E1, 0x9B25, 0xB366, 0xAB25, 0x92A4, 0x8A43, 0x8A43, 0x8223, 0x79E2, 0x79E2, 0x71C2, 0x69A2,
  0x6181, 0x5941, 0x5961, 0x5941, 0x5121, 0x5121, 0x4901, 0x4901, 0x4900, 0x4900, 0x4900, 0x4900,
  0x48E0, 0x4900, 0x4901, 0x4900, 0x5961, 0x79E2, 0x6161, 0x71A1, 0x9242, 0xA2C3, 0xB344, 0xB385,
  0x8AC5, 0x4942, 0x2040, 0x2040, 0x3060, 0x2860, 0x1840, 0x1020, 0x1020, 0x1020, 0x1020, 0x1020,
  0x1840, 0x1840, 0x2040, 0x2880, 0x2880, 0x1020, 0x1020, 0x2880, 0x38A0, 0x38C0, 0x38C0, 0x38C0,
  0x38A0, 0x30A0, 0x3080, 0x3080, 0x2060, 0x2040, 0x2860, 0x1840, 0x1020, 0x2860, 0x2040, 0x1020,
  0x2060, 0x1840, 0x0800, 0x1840, 0x1840, 0x0000, 0x1020, 0x1840, 0x0000, 0x1020, 0x2040, 0x0000,
  0x1020, 0x1840, 0x0000, 0x1820, 0x2040, 0x0800, 0x1020, 0x1840, 0x0800, 0x1020, 0x40C0, 0x30A0,
  0x1020, 0x1840, 0x1020, 0x1020, 0x2860, 0x0800, 0x1020, 0x2840, 0x0000, 0x0820, 0x2040, 0x0000,
  0x1840, 0x3060, 0x0800, 0x1840, 0x2040, 0x0000, 0x1840, 0x2860, 0x0000, 0x2060, 0x2860, 0x0000,
  0x1840, 0x2040, 0x0000, 0x2060, 0x2860, 0x0800, 0x2040, 0x2040, 0x0000, 0x2040, 0x2860, 0x0800,
  0x2040, 0x2860, 0x0800, 0x1840, 0x2060, 0x0800, 0x1840, 0x2060, 0x0000, 0x1840, 0x2060, 0x0000,
  0x1840, 0x2860, 0x0000, 0x1820, 0x2860, 0x0000, 0x1840, 0x3080, 0x0000, 0x2040, 0x2880, 0x0000,
  0x2040, 0x2860, 0x0000, 0x2040, 0x2060, 0x0800, 0x2040, 0x1820, 0x0800, 0x2060, 0x1020, 0x1020,
  0x2860, 0x0820, 0x0800, 0x2840, 0x0800, 0x1020, 0x1840, 0x0800, 0x2060, 0x2040, 0x0000, 0x1840,
  0x2040, 0x0820, 0x2040, 0x1820, 0x1020, 0x2860, 0x1840, 0x1020, 0x1820, 0x28A0, 0x61E3, 0x5182,
  0x1840, 0x1020, 0x1820, 0x1020, 0x1820, 0x1020, 0x0800, 0x0800, 0x1020, 0x1020, 0x0800, 0x1020,
  0x1820, 0x1020, 0x0800, 0x1820, 0x1820, 0x0800, 0x1820, 0x2060, 0x1020, 0x1020, 0x2860, 0x2040,
  0x1820, 0x2860, 0x3060, 0x2040, 0x2040, 0x3080, 0x2860, 0x2040, 0x1840, 0x1840, 0x1840, 0x2040,
  0x2060, 0x2860, 0x2860, 0x2880, 0x2880, 0x2040, 0x1020, 0x1840, 0x3080, 0x38A0, 0x3080, 0x3080,
  0x0000, 0x1040, 0x3942, 0x7264, 0x9B25, 0xAB65, 0xAB25, 0x9AC4, 0x8A63, 0x8223, 0x7A03, 0x71E2,
  0x71E2, 0x69A2, 0x6182, 0x6182, 0x6181, 0x5941, 0x5121, 0x5121, 0x5121, 0x5121, 0x4901, 0x5121,
  0x4901, 0x4900, 0x5101, 0x4900, 0x5941, 0x6181, 0x48E0, 0x5920, 0x71C1, 0x79E2, 0x8202, 0x9A83,
  0xBB65, 0xBBA6, 0x8AC4, 0x5162, 0x2860, 0x2040, 0x2860, 0x2860, 0x1840, 0x1020, 0x1020, 0x1820,
  0x1820, 0x1840, 0x1840, 0x2060, 0x2860, 0x3080, 0x2880, 0x1020, 0x1820, 0x30A0, 0x40E0, 0x40E0,
  0x38C0, 0x38A0, 0x30A0, 0x2880, 0x2880, 0x2860, 0x2060, 0x2860, 0x2860, 0x1020, 0x1840, 0x2860,
  0x1020, 0x1840, 0x2860, 0x1020, 0x1840, 0x2060, 0x0800, 0x1020, 0x2040, 0x0800, 0x1020, 0x2040,
  0x0000, 0x1820, 0x2040, 0x0800, 0x1820, 0x2040, 0x0000, 0x1820, 0x2040, 0x2040, 0x8B28, 0xAC4D,
  0x6225, 0x1000, 0x2060, 0x0820, 0x2040, 0x2040, 0x0000, 0x2040, 0x1840, 0x0000, 0x1840, 0x1840,
  0x0800, 0x3060, 0x2040, 0x0000, 0x2040, 0x0820, 0x0820, 0x3080, 0x1020, 0x1020, 0x2860, 0x0800,
  0x1020, 0x2860, 0x0820, 0x1840, 0x3080, 0x0820, 0x1020, 0x2860, 0x0000, 0x1840, 0x3080, 0x1020,
  0x1840, 0x2880, 0x0800, 0x1020, 0x2060, 0x0800, 0x2040, 0x2860, 0x0000, 0x1840, 0x2060, 0x0000,
  0x2060, 0x2860, 0x0000, 0x1840, 0x2060, 0x0000, 0x2040, 0x2860, 0x0000, 0x2860, 0x2860, 0x0000,
  0x2860, 0x2040, 0x0800, 0x3060, 0x1840, 0x1020, 0x2860, 0x0800, 0x1020, 0x2060, 0x0800, 0x2040,
  0x2040, 0x0000, 0x2040, 0x2040, 0x0800, 0x2040, 0x0800, 0x1840, 0x2860, 0x0800, 0x1020, 0x2060,
  0x1020, 0x2040, 0x2040, 0x1020, 0x2040, 0x1840, 0x1840, 0x2060, 0x1820, 0x6A04, 0xAC4C, 0x8B28,
  0x3080, 0x1820, 0x1840, 0x2040, 0x1820, 0x1000, 0x1000, 0x1020, 0x1840, 0x1020, 0x1820, 0x1840,
  0x1820, 0x1820, 0x2040, 0x1820, 0x1020, 0x2040, 0x2040, 0x1020, 0x2040, 0x3080, 0x2040, 0x1840,
  0x3080, 0x2860, 0x1840, 0x2860, 0x38A0, 0x3080, 0x2040, 0x1840, 0x1840, 0x1840, 0x2040, 0x2060,
  0x2860, 0x3080, 0x2880, 0x2040, 0x1020, 0x1840, 0x3080, 0x38A0, 0x30A0, 0x2880, 0x2860, 0x2060,
  0x0800, 0x1000, 0x0000, 0x0000, 0x1060, 0x4162, 0x7A64, 0xA346, 0xB366, 0xA2E4, 0x92A4, 0x8A63,
  0x8243, 0x8243, 0x7A03, 0x71E2, 0x69C2, 0x61A2, 0x5961, 0x5961, 0x5961, 0x5961, 0x5141, 0x5121,
  0x5121, 0x5121, 0x5121, 0x4900, 0x5141, 0x5941, 0x3080, 0x40C0, 0x5921, 0x6161, 0x79C1, 0x81E2,
  0x8A02, 0x9A83, 0xB324, 0xBBA6, 0x9B05, 0x59C3, 0x28A0, 0x2040, 0x2860, 0x2860, 0x1840, 0x1820,
  0x1820, 0x1840, 0x1840, 0x1840, 0x1840, 0x2060, 0x2880, 0x38A0, 0x2880, 0x1840, 0x2060, 0x40C0,
  0x48E0, 0x40C0, 0x30A0, 0x2880, 0x2860, 0x2860, 0x3080, 0x2860, 0x2060, 0x2880, 0x1840, 0x1840,
  0x3080, 0x1840, 0x1820, 0x2860, 0x1820, 0x1020, 0x2060, 0x1020, 0x1020, 0x2040, 0x0800, 0x1820,
  0x2040, 0x0800, 0x2040, 0x2860, 0x0800, 0x1840, 0x2040, 0x0800, 0x2040, 0x2060, 0x1860, 0x38E1,
  0x3080, 0x0800, 0x2040, 0x2860, 0x0800, 0x2860, 0x1820, 0x0820, 0x2860, 0x1020, 0x0820, 0x2860,
  0x1020, 0x1840, 0x3080, 0x0000, 0x1840, 0x2060, 0x0000, 0x2860, 0x2860, 0x0800, 0x2060, 0x1820,
  0x0000, 0x3080, 0x1840, 0x1020, 0x38A0, 0x1820, 0x0820, 0x2860, 0x1020, 0x1840, 0x3880, 0x1820,
  0x1840, 0x2860, 0x0800, 0x1020, 0x2860, 0x0800, 0x2040, 0x2860, 0x0800, 0x1840, 0x2860, 0x0800,
  0x2860, 0x2860, 0x0000, 0x2060, 0x2060, 0x0000, 0x2860, 0x2060, 0x0000, 0x3060, 0x2040, 0x0800,
  0x3060, 0x1840, 0x1840, 0x40A0, 0x1840, 0x1840, 0x2060, 0x0000, 0x2040, 0x2040, 0x1020, 0x3060,
  0x1020, 0x1020, 0x2860, 0x1020, 0x1840, 0x2040, 0x0820, 0x2060, 0x1840, 0x1020, 0x2860, 0x1820,
  0x1840, 0x2860, 0x1840, 0x2040, 0x1840, 0x1840, 0x2860, 0x1020, 0x1840, 0x2860, 0x2040, 0x2020,
  0x1820, 0x1840, 0x2040, 0x2040, 0x1020, 0x1840, 0x1840, 0x1840, 0x1840, 0x1840, 0x2060, 0x1840,
  0x2040, 0x2060, 0x1820, 0x1840, 0x2060, 0x1840, 0x1820, 0x2860, 0x2880, 0x2040, 0x2880, 0x3080,
  0x2060, 0x2860, 0x38A0, 0x3080, 0x2860, 0x2860, 0x2060, 0x2060, 0x2060, 0x2060, 0x2860, 0x3080,
  0x30A0, 0x2860, 0x1820, 0x1840, 0x2880, 0x30A0, 0x3080, 0x2880, 0x2860, 0x2060, 0x2040, 0x2040,
  0x0800, 0x1020, 0x1020, 0x1020, 0x0800, 0x0800, 0x0800, 0x1860, 0x4142, 0x7A64, 0xA345, 0xAB45,
  0xA325, 0x9AC4, 0x9283, 0x8243, 0x7A23, 0x79E2, 0x71C2, 0x69A2, 0x69A2, 0x69A2, 0x6161, 0x5941,
  0x5961, 0x5941, 0x5121, 0x5121, 0x5941, 0x5141, 0x2860, 0x30A0, 0x4900, 0x5120, 0x6981, 0x71A1,
  0x7181, 0x79E2, 0x8A22, 0x9A83, 0xA2C3, 0xB344, 0xA325, 0x7224, 0x38E1, 0x2840, 0x3060, 0x2880,
  0x2060, 0x1840, 0x1840, 0x1840, 0x1840, 0x2040, 0x2060, 0x2860, 0x30A0, 0x38C0, 0x2880, 0x2040,
  0x38A0, 0x4900, 0x40C0, 0x3080, 0x3080, 0x3080, 0x3080, 0x3080, 0x2880, 0x2860, 0x38A0, 0x3080,
  0x1820, 0x3080, 0x2860, 0x1840, 0x2860, 0x2040, 0x1820, 0x2860, 0x2040, 0x1840, 0x2040, 0x1820,
  0x2040, 0x2860, 0x1820, 0x2060, 0x2860, 0x0800, 0x2060, 0x2040, 0x0800, 0x2860, 0x2860, 0x1820,
  0x2040, 0x1020, 0x1020, 0x3880, 0x2040, 0x1020, 0x2860, 0x1020, 0x2040, 0x3880, 0x1020, 0x2860,
  0x3060, 0x0800, 0x3080, 0x1840, 0x0800, 0x3880, 0x1840, 0x2040, 0x38A0, 0x0800, 0x1840, 0x2860,
  0x0800, 0x2860, 0x3880, 0x1020, 0x3080, 0x2060, 0x0000, 0x3080, 0x2860, 0x1020, 0x40A0, 0x2860,
  0x1020, 0x3080, 0x1020, 0x1020, 0x3080, 0x1820, 0x2860, 0x3880, 0x1000, 0x2060, 0x3080, 0x0800,
  0x3080, 0x3080, 0x0820, 0x3080, 0x2060, 0x0820, 0x38A0, 0x2060, 0x0820, 0x3880, 0x1840, 0x1840,
  0x3080, 0x1020, 0x3880, 0x48C0, 0x1020, 0x3060, 0x1840, 0x0800, 0x3080, 0x1820, 0x2860, 0x2860,
  0x1020, 0x3060, 0x2060, 0x1820, 0x2860, 0x2040, 0x2060, 0x2040, 0x1840, 0x3060, 0x2860, 0x2860,
  0x2860, 0x2060, 0x2860, 0x2860, 0x2880, 0x3080, 0x2040, 0x1840, 0x3080, 0x3080, 0x2860, 0x2060,
  0x2040, 0x2040, 0x2860, 0x2880, 0x2060, 0x2860, 0x2860, 0x2860, 0x2840, 0x2860, 0x2860, 0x2860,
  0x2860, 0x2040, 0x3080, 0x2060, 0x1840, 0x2860, 0x3080, 0x2860, 0x2860, 0x3880, 0x3080, 0x2860,
  0x3880, 0x40A0, 0x38A0, 0x3080, 0x3080, 0x3080, 0x3080, 0x3080, 0x3080, 0x3080, 0x38A0, 0x38A0,
  0x2860, 0x2860, 0x3080, 0x30A0, 0x2880, 0x2860, 0x2860, 0x2060, 0x2060, 0x2040, 0x1840, 0x1840,
  0x0800, 0x0800, 0x0800, 0x0800, 0x1020, 0x1020, 0x1020, 0x0800, 0x0000, 0x0000, 0x1881, 0x51A3,
  0x8AE5, 0xAB86, 0xB386, 0xAB25, 0x92A4, 0x8A63, 0x8A23, 0x7A02, 0x79E2, 0x71E2, 0x71A2, 0x6982,
  0x6181, 0x6181, 0x6161, 0x5121, 0x6161, 0x5141, 0x1840, 0x2880, 0x40C0, 0x48E0, 0x5920, 0x5940,
  0x5940, 0x6981, 0x71C1, 0x79C1, 0x79E1, 0x8A02, 0xA2A3, 0xBB85, 0xB3A6, 0x7A84, 0x4101, 0x2860,
  0x2860, 0x3080, 0x2860, 0x1840, 0x2040, 0x2060, 0x2060, 0x2060, 0x2860, 0x3080, 0x38A0, 0x38C0,
  0x38A0, 0x38A0, 0x40C0, 0x40E0, 0x40C0, 0x40C0, 0x40E0, 0x38C0, 0x38C0, 0x40C0, 0x40C0, 0x40C0,
  0x40C0, 0x2840, 0x40A0, 0x40A0, 0x2860, 0x40C0, 0x3880, 0x2840, 0x48C0, 0x3880, 0x2040, 0x40A0,
  0x3880, 0x3880, 0x50E0, 0x2860, 0x3080, 0x40C0, 0x2040, 0x38A0, 0x38A0, 0x2860, 0x48C0, 0x38A0,
  0x2040, 0x40A0, 0x3080, 0x3880, 0x50C0, 0x2860, 0x38A0, 0x38A0, 0x2040, 0x5900, 0x4080, 0x3080,
  0x5900, 0x2040, 0x2860, 0x48C0, 0x2040, 0x48C0, 0x50C0, 0x3080, 0x50E0, 0x2860, 0x2860, 0x48C0,
  0x2860, 0x40A0, 0x58E0, 0x3080, 0x40C0, 0x38A0, 0x2060, 0x40C0, 0x40A0, 0x3880, 0x50E0, 0x38A0,
  0x3080, 0x40C0, 0x3080, 0x38A0, 0x48C0, 0x40A0, 0x48C0, 0x48C0, 0x38A0, 0x40C0, 0x40C0, 0x3080,
  0x40A0, 0x40A0, 0x3080, 0x40C0, 0x38A0, 0x3080, 0x50C0, 0x40C0, 0x38A0, 0x40A0, 0x38A0, 0x38A0,
  0x40C0, 0x38A0, 0x58E0, 0x50E0, 0x3080, 0x40C0, 0x3080, 0x3080, 0x40C0, 0x38A0, 0x40A0, 0x38A0,
  0x3880, 0x48C0, 0x48C0, 0x2860, 0x3880, 0x50E0, 0x3880, 0x40C0, 0x4080, 0x3880, 0x5900, 0x40A0,
  0x38A0, 0x48E0, 0x3880, 0x50E0, 0x6100, 0x40A0, 0x40C0, 0x40A0, 0x48A0, 0x50C0, 0x3880, 0x4080,
  0x50E0, 0x50C0, 0x48E0, 0x38A0, 0x40A0, 0x5900, 0x38A0, 0x40A0, 0x48C0, 0x48A0, 0x50C0, 0x50C0,
  0x3880, 0x48C0, 0x48A0, 0x3880, 0x48C0, 0x50C0, 0x48A0, 0x50E0, 0x58E0, 0x48C0, 0x50C0, 0x50E0,
  0x48C0, 0x48E0, 0x48E0, 0x48E0, 0x48E0, 0x48E0, 0x48E0, 0x48E0, 0x48E0, 0x4900, 0x40C0, 0x38A0,
  0x38A0, 0x38A0, 0x3080, 0x2860, 0x2060, 0x2060, 0x2060, 0x2060, 0x2040, 0x1840, 0x2060, 0x2860,
  0x0800, 0x0800, 0x0800, 0x0800, 0x1020, 0x1020, 0x0800, 0x1020, 0x1020, 0x0820, 0x0000, 0x0800,
  0x0800, 0x20A1, 0x51C3, 0x8AE5, 0xAB66, 0xB366, 0xAB05, 0x9AA3, 0x8A63, 0x8A43, 0x8223, 0x79E2,
  0x71E2, 0x71C2, 0x71C2, 0x5961, 0x69A1, 0x5941, 0x1020, 0x2060, 0x38A0, 0x38A0, 0x48E0, 0x48E0,
  0x5100, 0x5120, 0x5941, 0x5121, 0x5941, 0x71A1, 0x81E1, 0x9262, 0xAAE3, 0xBB85, 0xBBC6, 0x8AE6,
  0x5162, 0x3080, 0x3060, 0x38A0, 0x3080, 0x2880, 0x2860, 0x2860, 0x2880, 0x2880, 0x2880, 0x30A0,
  0x40E0, 0x48E0, 0x40C0, 0x5120, 0x7181, 0x71A1, 0x71A1, 0x71A1, 0x71A1, 0x79C1, 0x79C1, 0x71A1,
  0x7160, 0x81A0, 0x6120, 0x6920, 0x7960, 0x5900, 0x7140, 0x7980, 0x50E0, 0x7140, 0x6940, 0x50E0,
  0x8160, 0x7140, 0x58C0, 0x8180, 0x58E0, 0x6100, 0x81A0, 0x58E0, 0x6920, 0x81A0, 0x60E0, 0x7140,
  0x7160, 0x6100, 0x81A0, 0x6120, 0x60E0, 0x8180, 0x58E0, 0x7140, 0x7980, 0x58E0, 0x91C0, 0x6920,
  0x6900, 0x81A0, 0x48A0, 0x7960, 0x8180, 0x58C0, 0x91C0, 0x6120, 0x58E0, 0x7980, 0x50A0, 0x7140,
  0x81A0, 0x58C0, 0x89C0, 0x7120, 0x50C0, 0x81A0, 0x58E0, 0x6920, 0x89C0, 0x58E0, 0x7980, 0x7980,
  0x40A0, 0x7980, 0x7140, 0x6100, 0x89C0, 0x6900, 0x6100, 0x8180, 0x50C0, 0x7160, 0x81A0, 0x50C0,
  0x7940, 0x7120, 0x50C0, 0x89A0, 0x6900, 0x6100, 0x91E0, 0x6100, 0x7980, 0x7980, 0x50C0, 0x89C0,
  0x7980, 0x6120, 0x91E0, 0x6100, 0x7160, 0x7980, 0x58E0, 0x89A0, 0x6940, 0x7140, 0x7980, 0x6120,
  0x81A0, 0x7980, 0x6920, 0x81A0, 0x7140, 0x6920, 0x81A0, 0x7120, 0x6100, 0x9220, 0x81C0, 0x81C0,
  0x81C0, 0x7980, 0x81C0, 0x7980, 0x79A0, 0x89E0, 0x6920, 0x7180, 0x9A40, 0x8180, 0x81A0, 0x9A20,
  0x7960, 0x89E0, 0x89E0, 0x7160, 0x8A00, 0x79A0, 0x81E0, 0x89E0, 0x7980, 0x9200, 0x9200, 0x7980,
  0x9220, 0x81C0, 0x7980, 0x9221, 0x79A0, 0x81C0, 0x9220, 0x81A0, 0x89E0, 0x9A40, 0x8A01, 0x89E1,
  0x8A01, 0x9221, 0x9221, 0x8A22, 0x8A22, 0x8A22, 0x8A21, 0x8A21, 0x79C1, 0x5920, 0x48E0, 0x40C0,
  0x38A0, 0x3080, 0x2880, 0x2860, 0x2060, 0x2060, 0x2060, 0x2060, 0x2860, 0x3080, 0x3060, 0x3060,
  0x0800, 0x0800, 0x0800, 0x1020, 0x1020, 0x1020, 0x0800, 0x1020, 0x1020, 0x0820, 0x0800, 0x1020,
  0x1020, 0x0800, 0x0000, 0x0800, 0x28C1, 0x59E3, 0x9306, 0xB386, 0xB365, 0xAB25, 0x9AC4, 0x9263,
  0x8A43, 0x8223, 0x7A03, 0x69C2, 0x71C2, 0x5141, 0x0800, 0x2060, 0x30A0, 0x38A0, 0x38A0, 0x38C0,
  0x40C0, 0x48E0, 0x48E0, 0x4900, 0x4900, 0x5940, 0x6981, 0x79E1, 0x81E2, 0x9242, 0xA2C3, 0xBB64,
  0xBBC6, 0x9B05, 0x59A2, 0x38C0, 0x40A0, 0x48E0, 0x38A0, 0x3080, 0x30A0, 0x38A0, 0x30A0, 0x30A0,
  0x38C0, 0x48E0, 0x5920, 0x7181, 0xA282, 0xB323, 0xB344, 0xB344, 0xB365, 0xBB85, 0xB364, 0xB344,
  0xB344, 0xBB44, 0xBBE6, 0x9B25, 0xC406, 0xBBE7, 0xAB86, 0xC487, 0xAB86, 0xB3C6, 0xC447, 0xAB66,
  0xBBC7, 0xC468, 0xA367, 0xBBE7, 0xC427, 0xA367, 0xC467, 0xBBE7, 0xABA7, 0xC467, 0xB3C7, 0xB3A6,
  0xC488, 0xABA7, 0xC407, 0xC427, 0xA347, 0xC427, 0xB3E7, 0xB3C7, 0xC447, 0xAB87, 0xC427, 0xBC07,
  0xA346, 0xC427, 0xABA6, 0xB3E7, 0xC468, 0xABA7, 0xC427, 0xBBE6, 0xA386, 0xC406, 0xABA7, 0xB3E7,
  0xC468, 0xB3C7, 0xC407, 0xBBE6, 0xAB87, 0xC427, 0xB3C7, 0xB3E7, 0xC447, 0xB3A6, 0xBBE6, 0xC3E6,
  0xAB87, 0xC406, 0xC407, 0xB3E7, 0xC447, 0xBBE7, 0xB3C6, 0xC406, 0xAB86, 0xBBE6, 0xC407, 0xABA7,
  0xC3E6, 0xBBE6, 0xB3A6, 0xC427, 0xBBE6, 0xBBE6, 0xC426, 0xB3A6, 0xC427, 0xC407, 0xABA6, 0xC426,
  0xBC07, 0xBBE7, 0xC407, 0xB3C7, 0xC407, 0xC407, 0xBC08, 0xC406, 0xBBE7, 0xBBE7, 0xC3E6, 0xBBE7,
  0xC426, 0xC3E6, 0xBBE7, 0xC427, 0xBBE6, 0xBBC6, 0xC427, 0xB3C7, 0xBC07, 0xC447, 0xBBE7, 0xC427,
  0xBC07, 0xBBE7, 0xC426, 0xB3E7, 0xC428, 0xC447, 0xB3E7, 0xC468, 0xC488, 0xBBE7, 0xC427, 0xC489,
  0xBC08, 0xC447, 0xBBE6, 0xBBC6, 0xBC49, 0xB3E7, 0xC468, 0xBC07, 0xB3C7, 0xC448, 0xBBE7, 0xBBE7,
  0xC447, 0xB3E7, 0xBBE7, 0xC448, 0xB3C7, 0xC427, 0xC448, 0xB3E7, 0xBBE7, 0xBB64, 0xBB64, 0xBB84,
  0xBBA5, 0xBBA5, 0xBB85, 0xBBA5, 0xBBA5, 0xBB84, 0xB364, 0xBB43, 0x9221, 0x6120, 0x48E0, 0x40C0,
  0x38A0, 0x3080, 0x3080, 0x2880, 0x2860, 0x2060, 0x2880, 0x3080, 0x3060, 0x3080, 0x5162, 0x82A4,
  0x0800, 0x0820, 0x0800, 0x0820, 0x1020, 0x0800, 0x0800, 0x1020, 0x1020, 0x0800, 0x0800, 0x0800,
  0x1020, 0x1020, 0x1020, 0x1020, 0x0800, 0x0000, 0x1020, 0x3102, 0x6224, 0x9B26, 0xBBC7, 0xBBA6,
  0xA304, 0x9AA4, 0x8A63, 0x71E2, 0x7A02, 0x5962, 0x0800, 0x1840, 0x30A0, 0x3080, 0x3080, 0x38A0,
  0x38C0, 0x40C0, 0x38C0, 0x40C0, 0x40C0, 0x48E0, 0x5920, 0x6161, 0x6981, 0x71A1, 0x8202, 0x9262,
  0xA2A2, 0xB324, 0xAB24, 0xA346, 0x7224, 0x4901, 0x40C0, 0x48E0, 0x40E0, 0x38A0, 0x38A0, 0x38A0,
  0x38C0, 0x40C0, 0x5100, 0x6960, 0x9221, 0x8A22, 0x8A22, 0x8A42, 0x9263, 0x9263, 0x9242, 0x8A42,
  0x9242, 0x8A42, 0x8A22, 0x9241, 0x8A21, 0x9241, 0x9A61, 0x9221, 0x9221, 0x8A21, 0x8A21, 0x9A61,
  0x9241, 0x9221, 0x9A61, 0x9221, 0x9241, 0x9A61, 0x9242, 0x9242, 0x9A61, 0x9A41, 0x9A61, 0x9A61,
  0x9A41, 0x9A61, 0x9221, 0x9221, 0x9A61, 0x9A42, 0x9A62, 0x9241, 0x9A41, 0x9A61, 0x9A21, 0x9221,
  0x9A41, 0x8A01, 0x9A41, 0x9A41, 0x9A41, 0x9A41, 0x9221, 0x9221, 0x9221, 0x8A01, 0x9A41, 0x9A41,
  0x9A41, 0xA241, 0x9221, 0x9221, 0x9221, 0x9221, 0x9A21, 0x9A21, 0x9221, 0x9221, 0x9201, 0x8A01,
  0x9221, 0x9221, 0x9A21, 0x9221, 0x9221, 0x9A21, 0x9221, 0x9201, 0x9201, 0x9201, 0x9A01, 0x9201,
  0x91E1, 0x9201, 0x9221, 0x9201, 0x9201, 0x91E1, 0x89E1, 0x91E1, 0x89E1, 0x89E1, 0x89E0, 0x89E1,
  0x91E1, 0x9201, 0x89E1, 0x89E1, 0x91E1, 0x9201, 0x9A21, 0x9201, 0x9201, 0x91E1, 0x91E1, 0x9201,
  0x89E0, 0x89C0, 0x91E1, 0x91E1, 0x91E0, 0x89E0, 0x89C0, 0x91E0, 0x89E0, 0x89C0, 0x89E0, 0x89C0,
  0x89C0, 0x89C0, 0x81A0, 0x89C0, 0x89C0, 0x81A0, 0x89E0, 0x89C0, 0x81A0, 0x81A0, 0x81A0, 0x89C0,
  0x89C0, 0x81A0, 0x7980, 0x81A0, 0x89C0, 0x89C0, 0x81A0, 0x89C0, 0x89C0, 0x81A0, 0x79A0, 0x81A0,
  0x7980, 0x7980, 0x7980, 0x7980, 0x81C0, 0x81A0, 0x81A0, 0x79A0, 0x79A0, 0x81C1, 0x79C1, 0x81E1,
  0x81E1, 0x81E1, 0x81E1, 0x81E1, 0x81E1, 0x81E1, 0x79C1, 0x9221, 0x79C0, 0x6140, 0x48E0, 0x38A0,
  0x3080, 0x2880, 0x2880, 0x2880, 0x30A0, 0x3080, 0x2040, 0x30A0, 0x61C3, 0x9B05, 0xBBA5, 0xBB44,
  0x0800, 0x1020, 0x0820, 0x1020, 0x1020, 0x0820, 0x0800, 0x1020, 0x1020, 0x0800, 0x0000, 0x0800,
  0x0820, 0x1020, 0x1020, 0x0820, 0x1020, 0x1020, 0x1020, 0x0800, 0x0800, 0x1020, 0x3102, 0x6A64,
  0x9B26, 0xB3A6, 0xBB86, 0x9AC4, 0x9263, 0x61C2, 0x0800, 0x1840, 0x2880, 0x2860, 0x3080, 0x3080,
  0x3080, 0x38A0, 0x38A0, 0x30A0, 0x30A0, 0x40C0, 0x48E0, 0x5100, 0x5100, 0x5941, 0x6981, 0x71A1,
  0x79E1, 0x8202, 0x79C1, 0xAAC3, 0xB365, 0xA345, 0x7A43, 0x5941, 0x48E0, 0x48E0, 0x38C0, 0x2880,
  0x2060, 0x2060, 0x3080, 0x40C0, 0x5100, 0x50E0, 0x48E0, 0x5920, 0x6140, 0x6140, 0x6120, 0x6140,
  0x6140, 0x5920, 0x50C0, 0x50C0, 0x50C0, 0x50C0, 0x50C0, 0x50C0, 0x50C0, 0x50C0, 0x50E0, 0x58C0,
  0x50C0, 0x50C0, 0x50C0, 0x58E0, 0x58C0, 0x50C0, 0x58C0, 0x50C0, 0x58C0, 0x58E0, 0x50C0, 0x50C0,
  0x58C0, 0x50C0, 0x50C0, 0x50C0, 0x58C0, 0x58C0, 0x50C0, 0x50C0, 0x58C0, 0x50C0, 0x58C0, 0x58C0,
  0x50C0, 0x58E0, 0x58C0, 0x50C0, 0x58C0, 0x50C0, 0x50C0, 0x50C0, 0x50C0, 0x50C0, 0x50C0, 0x50C0,
  0x50C0, 0x50C0, 0x50C0, 0x50C0, 0x50C0, 0x50C0, 0x58C0, 0x58C0, 0x50C0, 0x50C0, 0x50C0, 0x50C0,
  0x50C0, 0x50C0, 0x50C0, 0x50C0, 0x50C0, 0x50C0, 0x50C0, 0x50C0, 0x50C0, 0x50C0, 0x50C0, 0x50C0,
  0x50C0, 0x50C0, 0x50E0, 0x50E0, 0x50C0, 0x50C0, 0x48C0, 0x48C0, 0x50C0, 0x50C0, 0x48C0, 0x48C0,
  0x50C0, 0x50C0, 0x48C0, 0x48C0, 0x50C0, 0x50C0, 0x50C0, 0x50C0, 0x48C0, 0x50C0, 0x50E0, 0x50E0,
  0x50E0, 0x50E0, 0x50E0, 0x50E0, 0x50E0, 0x48C0, 0x50C0, 0x50C0, 0x50E0, 0x50C0, 0x48C0, 0x48C0,
  0x48C0, 0x48C0, 0x48E0, 0x48C0, 0x48E0, 0x50E0, 0x50E0, 0x50E0, 0x48C0, 0x48C0, 0x48E0, 0x48C0,
  0x48C0, 0x48C0, 0x48C0, 0x48C0, 0x48C0, 0x48C0, 0x48C0, 0x48E0, 0x48E0, 0x48C0, 0x48C0, 0x48C0,
  0x48C0, 0x48C0, 0x48C0, 0x48C0, 0x48C0, 0x48C0, 0x40C0, 0x40C0, 0x40C0, 0x48E0, 0x48E0, 0x48E0,
  0x48E0, 0x40C0, 0x40C0, 0x40C0, 0x40C0, 0x38A0, 0x30A0, 0x38A0, 0x38A0, 0x2880, 0x2860, 0x1840,
  0x1020, 0x1840, 0x2860, 0x3080, 0x3880, 0x4101, 0x6A24, 0xA345, 0xBB85, 0xB303, 0x9A42, 0x9221,
  0x0000, 0x0800, 0x0800, 0x1020, 0x1020, 0x0820, 0x1020, 0x1020, 0x1020, 0x0800, 0x0000, 0x0800,
  0x0820, 0x1020, 0x1020, 0x1020, 0x1020, 0x1020, 0x1020, 0x1020, 0x1020, 0x1020, 0x0800, 0x0800,
  0x1040, 0x3922, 0x7265, 0x9B46, 0xB345, 0x7A23, 0x0800, 0x1840, 0x2060, 0x2860, 0x2860, 0x2860,
  0x2860, 0x2860, 0x2860, 0x2880, 0x2880, 0x30A0, 0x40C0, 0x40C0, 0x40E0, 0x5100, 0x5120, 0x5941,
  0x6161, 0x6981, 0x5920, 0x79C1, 0x81E1, 0x9A62, 0xAB04, 0xA325, 0x6181, 0x40A0, 0x3880, 0x3060,
  0x1840, 0x0800, 0x0800, 0x0820, 0x0820, 0x0800, 0x0800, 0x1020, 0x1020, 0x1040, 0x1040, 0x1840,
  0x1840, 0x1040, 0x1040, 0x1840, 0x1840, 0x1840, 0x1840, 0x1840, 0x1840, 0x1840, 0x1840, 0x1840,
  0x1840, 0x1840, 0x1840, 0x1840, 0x1840, 0x1840, 0x1840, 0x1840, 0x1840, 0x1040, 0x1040, 0x1040,
  0x1040, 0x1040, 0x1040, 0x1840, 0x1040, 0x1040, 0x1040, 0x1040, 0x1040, 0x1040, 0x1040, 0x1040,
  0x1040, 0x1040, 0x1040, 0x1040, 0x1020, 0x1020, 0x1020, 0x1040, 0x1040, 0x1040, 0x1040, 0x1020,
  0x1020, 0x1020, 0x1040, 0x1040, 0x1020, 0x1020, 0x1020, 0x1020, 0x1020, 0x1020, 0x1020, 0x1020,
  0x0820, 0x0820, 0x0820, 0x0820, 0x0820, 0x0820, 0x0820, 0x0820, 0x1020, 0x0820, 0x0820, 0x0820,
  0x0820, 0x0820, 0x0820, 0x0820, 0x0820, 0x0820, 0x0820, 0x0820, 0x0820, 0x0820, 0x0820, 0x0820,
  0x0820, 0x0820, 0x0820, 0x0820, 0x0820, 0x0820, 0x0820, 0x0820, 0x0820, 0x0820, 0x0820, 0x0820,
  0x0820, 0x0820, 0x1020, 0x0820, 0x0820, 0x0820, 0x0820, 0x0820, 0x0820, 0x0820, 0x0820, 0x0820,
  0x0820, 0x0820, 0x0840, 0x0820, 0x0840, 0x1040, 0x1040, 0x1040, 0x1040, 0x1040, 0x1040, 0x1040,
  0x1040, 0x1040, 0x0820, 0x0820, 0x0820, 0x0820, 0x0820, 0x0820, 0x0820, 0x0820, 0x0820, 0x0820,
  0x0820, 0x0820, 0x0820, 0x0820, 0x0820, 0x0820, 0x0820, 0x0820, 0x0820, 0x0820, 0x0820, 0x1020,
  0x0820, 0x0800, 0x0800, 0x0800, 0x0800, 0x0000, 0x0000, 0x0000, 0x0000, 0x0000, 0x0800, 0x1020,
  0x1840, 0x2040, 0x2860, 0x40C0, 0x6981, 0xB3A6, 0xBB85, 0xAAC3, 0x9A62, 0x8A02, 0x79C1, 0x7181,
  0x0000, 0x0800, 0x0800, 0x0800, 0x0800, 0x1020, 0x1020, 0x1020, 0x1020, 0x0800, 0x0000, 0x0800,
  0x0800, 0x1020, 0x1020, 0x1020, 0x1020, 0x1020, 0x1020, 0x1020, 0x1020, 0x1020, 0x1020, 0x1040,
  0x1020, 0x0800, 0x0800, 0x1040, 0x4142, 0x4962, 0x1000, 0x1820, 0x2040, 0x2040, 0x2060, 0x2860,
  0x2860, 0x2060, 0x2860, 0x2040, 0x2060, 0x2860, 0x3080, 0x3880, 0x38A0, 0x40C0, 0x48E0, 0x48E0,
  0x5100, 0x5920, 0x40C0, 0x5100, 0x5120, 0x6161, 0x79A1, 0x81E1, 0x71A1, 0x79E2, 0x71C2, 0x4901,
  0x3080, 0x2060, 0x1020, 0x0800, 0x0000, 0x0000, 0x0800, 0x0820, 0x0820, 0x0820, 0x0820, 0x0820,
  0x0820, 0x0820, 0x0820, 0x0820, 0x0820, 0x0820, 0x0820, 0x0820, 0x0820, 0x0820, 0x0820, 0x0820,
  0x0820, 0x0820, 0x0820, 0x0820, 0x0820, 0x0820, 0x0840, 0x1040, 0x1040, 0x1020, 0x0820, 0x0840,
  0x0820, 0x0820, 0x0820, 0x0820, 0x0820, 0x0820, 0x0820, 0x0820, 0x0820, 0x0820, 0x0820, 0x0820,
  0x0820, 0x0820, 0x0820, 0x0820, 0x0820, 0x0820, 0x0820, 0x0820, 0x0820, 0x0820, 0x0820, 0x0820,
  0x0820, 0x0820, 0x0820, 0x0820, 0x0820, 0x0820, 0x0820, 0x0820, 0x0820, 0x0820, 0x0820, 0x0820,
  0x0820, 0x0820, 0x0820, 0x0820, 0x0820, 0x0820, 0x0820, 0x0820, 0x0820, 0x0820, 0x0820, 0x0820,
  0x0820, 0x0820, 0x0820, 0x0820, 0x0820, 0x0820, 0x0820, 0x0820, 0x0820, 0x0820, 0x0820, 0x0820,
  0x0820, 0x0820, 0x0820, 0x0820, 0x0820, 0x0820, 0x0820, 0x0820, 0x0820, 0x0820, 0x0820, 0x0820,
  0x0820, 0x0820, 0x0820, 0x0820, 0x0820, 0x0820, 0x0820, 0x0820, 0x0820, 0x0820, 0x0820, 0x0820,
  0x0820, 0x0820, 0x0820, 0x0820, 0x0820, 0x0820, 0x1040, 0x1020, 0x1020, 0x1040, 0x1020, 0x1020,
  0x1020, 0x0820, 0x0820, 0x0820, 0x0820, 0x0820, 0x0820, 0x0820, 0x0820, 0x0820, 0x0820, 0x0820,
  0x0820, 0x0820, 0x0820, 0x0820, 0x0820, 0x0820, 0x0820, 0x0820, 0x0820, 0x0820, 0x0820, 0x0800,
  0x0800, 0x0800, 0x0800, 0x0800, 0x0800, 0x0800, 0x0800, 0x0800, 0x0000, 0x0000, 0x1840, 0x40A0,
  0x48E0, 0x5961, 0x79E2, 0x81E2, 0x79C1, 0x9A62, 0x8A01, 0x79E1, 0x71C1, 0x7181, 0x6961, 0x5900,
  0x0800, 0x0800, 0x0800, 0x0800, 0x1020, 0x1020, 0x1020, 0x1020, 0x1020, 0x0800, 0x0000, 0x0800,
  0x1020, 0x1020, 0x1020, 0x1020, 0x1020, 0x1020, 0x1020, 0x1020, 0x1020, 0x1020, 0x1020, 0x1040,
  0x1840, 0x1840, 0x1840, 0x1020, 0x1000, 0x1840, 0x1020, 0x1020, 0x1840, 0x1840, 0x2040, 0x2040,
  0x2040, 0x2060, 0x2040, 0x2040, 0x2040, 0x2060, 0x3080, 0x2860, 0x3080, 0x38A0, 0x38A0, 0x40C0,
  0x48C0, 0x50E0, 0x2860, 0x38A0, 0x38A0, 0x48E0, 0x5920, 0x5920, 0x5100, 0x79C1, 0x9263, 0xAB04,
  0x8A84, 0x40E0, 0x1020, 0x1020, 0x0800, 0x0820, 0x1020, 0x1020, 0x1020, 0x1020, 0x1040, 0x1840,
  0x1840, 0x1020, 0x1020, 0x1020, 0x1020, 0x1020, 0x1020, 0x1020, 0x1020, 0x1020, 0x1020, 0x1020,
  0x1020, 0x1020, 0x1020, 0x1020, 0x1020, 0x1020, 0x1020, 0x1020, 0x1020, 0x1020, 0x1020, 0x1020,
  0x1040, 0x1040, 0x1040, 0x1020, 0x1020, 0x1020, 0x1020, 0x1020, 0x1040, 0x1040, 0x1020, 0x1040,
  0x1020, 0x1040, 0x1020, 0x1020, 0x1020, 0x1020, 0x1020, 0x1020, 0x1020, 0x1020, 0x1020, 0x1020,
  0x1020, 0x1020, 0x1020, 0x1020, 0x1020, 0x1020, 0x1020, 0x1020, 0x1020, 0x1020, 0x1020, 0x1020,
  0x1020, 0x1020, 0x1020, 0x1020, 0x1020, 0x1020, 0x1020, 0x1020, 0x1020, 0x1020, 0x1020, 0x1020,
  0x1020, 0x1020, 0x1020, 0x1020, 0x1040, 0x1040, 0x1840, 0x1840, 0x1040, 0x1020, 0x1040, 0x1040,
  0x1040, 0x1020, 0x1040, 0x1040, 0x1020, 0x1020, 0x1020, 0x1020, 0x1020, 0x1020, 0x1020, 0x1020,
  0x1020, 0x1020, 0x1020, 0x1020, 0x1020, 0x1020, 0x1020, 0x1020, 0x1020, 0x1020, 0x1020, 0x1020,
  0x1020, 0x1020, 0x1020, 0x1020, 0x1020, 0x1020, 0x1020, 0x1020, 0x1020, 0x1020, 0x1020, 0x1020,
  0x1020, 0x1020, 0x1020, 0x1020, 0x1020, 0x1020, 0x1020, 0x1020, 0x1020, 0x1020, 0x1020, 0x1020,
  0x1020, 0x1020, 0x0820, 0x0800, 0x0820, 0x1020, 0x1020, 0x1020, 0x1020, 0x1840, 0x1840, 0x1840,
  0x1840, 0x1840, 0x1820, 0x1020, 0x1020, 0x1820, 0x1820, 0x1820, 0x1820, 0x0820, 0x1020, 0x6181,
  0xAB25, 0xAB04, 0x9242, 0x71A1, 0x5100, 0x7181, 0x71A1, 0x6961, 0x5940, 0x5920, 0x50E0, 0x48E0,
  0x0000, 0x0800, 0x0800, 0x0800, 0x0800, 0x1020, 0x1020, 0x1020, 0x1020, 0x0800, 0x0000, 0x0800,
  0x1020, 0x1020, 0x1020, 0x1020, 0x1020, 0x1020, 0x1020, 0x1020, 0x1020, 0x1020, 0x1020, 0x1840,
  0x1840, 0x1840, 0x1840, 0x1840, 0x2080, 0x2060, 0x0820, 0x1020, 0x1840, 0x1840, 0x1840, 0x1840,
  0x1840, 0x2040, 0x2040, 0x2040, 0x1820, 0x1840, 0x2060, 0x2860, 0x2860, 0x3080, 0x3080, 0x3880,
  0x38A0, 0x40C0, 0x2040, 0x2860, 0x2880, 0x38A0, 0x38A0, 0x38A0, 0x38C0, 0x6961, 0x71C1, 0x8A43,
  0xA2C4, 0x8A43, 0x1020, 0x0000, 0x0000, 0x0800, 0x1020, 0x1020, 0x1020, 0x1020, 0x1840, 0x2060,
  0x1840, 0x1840, 0x1020, 0x1020, 0x1020, 0x1020, 0x1020, 0x1020, 0x1020, 0x1020, 0x1020, 0x1820,
  0x1820, 0x1820, 0x1820, 0x1020, 0x1820, 0x1020, 0x1020, 0x1020, 0x1020, 0x1020, 0x1020, 0x1020,
  0x1020, 0x1020, 0x1020, 0x1020, 0x1020, 0x1020, 0x1820, 0x1820, 0x1820, 0x1820, 0x1840, 0x1840,
  0x1820, 0x1840, 0x1820, 0x1820, 0x1820, 0x1820, 0x1820, 0x1820, 0x1820, 0x1020, 0x1020, 0x1020,
  0x1020, 0x1820, 0x1820, 0x1820, 0x1020, 0x1820, 0x1820, 0x1820, 0x1820, 0x1820, 0x1820, 0x1820,
  0x1820, 0x1820, 0x1820, 0x1020, 0x1820, 0x1020, 0x1020, 0x1020, 0x1020, 0x1020, 0x1020, 0x1020,
  0x1020, 0x1020, 0x1020, 0x1820, 0x1820, 0x1840, 0x1840, 0x1840, 0x1820, 0x1820, 0x1820, 0x1820,
  0x1820, 0x1820, 0x1820, 0x1820, 0x1020, 0x1020, 0x1020, 0x1020, 0x1020, 0x1020, 0x1020, 0x1020,
  0x1020, 0x1020, 0x1020, 0x1020, 0x1020, 0x1020, 0x1020, 0x1020, 0x1020, 0x1020, 0x1020, 0x1020,
  0x1020, 0x1020, 0x1020, 0x1020, 0x1020, 0x1020, 0x1020, 0x1020, 0x1020, 0x1020, 0x1020, 0x1020,
  0x1020, 0x1020, 0x1020, 0x1020, 0x1020, 0x1020, 0x1020, 0x1020, 0x1020, 0x1020, 0x1020, 0x1020,
  0x1000, 0x1000, 0x1000, 0x0800, 0x0800, 0x0820, 0x1000, 0x1020, 0x1020, 0x1820, 0x1840, 0x2040,
  0x2860, 0x2040, 0x1820, 0x1020, 0x1020, 0x1020, 0x0800, 0x0800, 0x0000, 0x0000, 0x28C0, 0xA2E4,
  0xA2C4, 0x8A42, 0x79E2, 0x7181, 0x40C0, 0x5100, 0x5920, 0x5100, 0x48E0, 0x40C0, 0x40A0, 0x38A0,
  0x0000, 0x0000, 0x0000, 0x0000, 0x0000, 0x0800, 0x0800, 0x1020, 0x1020, 0x0800, 0x0000, 0x0800,
  0x1020, 0x1020, 0x1020, 0x1020, 0x1020, 0x1020, 0x1020, 0x1020, 0x1020, 0x1020, 0x1020, 0x1840,
  0x1840, 0x1860, 0x2060, 0x2060, 0x2880, 0x2060, 0x0800, 0x1020, 0x1840, 0x1840, 0x1840, 0x1840,
  0x1840, 0x1820, 0x1820, 0x1820, 0x1020, 0x1820, 0x1840, 0x2040, 0x2860, 0x2860, 0x2860, 0x3080,
  0x3080, 0x3080, 0x1820, 0x2040, 0x2060, 0x2860, 0x2860, 0x2060, 0x3080, 0x6140, 0x6161, 0x79C1,
  0x81E2, 0x8A43, 0x2080, 0x0000, 0x0000, 0x0000, 0x0000, 0x0800, 0x0820, 0x1020, 0x2040, 0x1840,
  0x1020, 0x1020, 0x1820, 0x1840, 0x1840, 0x1840, 0x1840, 0x1840, 0x1820, 0x1840, 0x1840, 0x1840,
  0x1840, 0x1840, 0x1840, 0x1020, 0x1020, 0x1020, 0x1020, 0x1020, 0x1020, 0x1020, 0x1020, 0x1020,
  0x1020, 0x1020, 0x1020, 0x1020, 0x1020, 0x1020, 0x1020, 0x1020, 0x1020, 0x1020, 0x1020, 0x1020,
  0x1020, 0x1020, 0x1020, 0x1020, 0x1020, 0x1020, 0x1020, 0x1020, 0x1020, 0x1020, 0x1020, 0x1020,
  0x1020, 0x1020, 0x1020, 0x1020, 0x1020, 0x1020, 0x1020, 0x1020, 0x1020, 0x1020, 0x1020, 0x1020,
  0x1020, 0x1020, 0x1020, 0x1020, 0x1020, 0x1020, 0x1020, 0x1020, 0x1020, 0x1020, 0x1020, 0x1020,
  0x1020, 0x1020, 0x1020, 0x1020, 0x1020, 0x1020, 0x1020, 0x1020, 0x1020, 0x1020, 0x1020, 0x1020,
  0x1020, 0x1020, 0x1020, 0x1020, 0x1020, 0x1020, 0x1020, 0x1020, 0x1020, 0x1020, 0x1020, 0x1020,
  0x1020, 0x1020, 0x1020, 0x1020, 0x1020, 0x1020, 0x1020, 0x1020, 0x1020, 0x1020, 0x1020, 0x1020,
  0x1020, 0x1020, 0x1020, 0x1020, 0x1020, 0x1020, 0x1020, 0x1020, 0x1020, 0x1020, 0x1020, 0x1020,
  0x1020, 0x1020, 0x1020, 0x1020, 0x1020, 0x1020, 0x1820, 0x1020, 0x1020, 0x1020, 0x1000, 0x1000,
  0x1020, 0x1820, 0x1820, 0x1820, 0x1820, 0x1820, 0x1820, 0x1820, 0x1820, 0x1020, 0x1820, 0x2040,
  0x3080, 0x2860, 0x1020, 0x0800, 0x0800, 0x0000, 0x0000, 0x0000, 0x0000, 0x0000, 0x4101, 0x9AA3,
  0x8202, 0x79C2, 0x6981, 0x6160, 0x38A0, 0x38A0, 0x40C0, 0x40C0, 0x40A0, 0x38A0, 0x3080, 0x3080,
  0x0800, 0x1020, 0x0800, 0x0800, 0x0000, 0x0000, 0x0000, 0x0000, 0x0800, 0x0800, 0x0000, 0x0800,
  0x1020, 0x1020, 0x1020, 0x1020, 0x1020, 0x1020, 0x1020, 0x1020, 0x1020, 0x1020, 0x1840, 0x1840,
  0x1840, 0x2060, 0x2060, 0x2880, 0x30A0, 0x2060, 0x0800, 0x1020, 0x1840, 0x1840, 0x1840, 0x1020,
  0x1820, 0x1820, 0x1820, 0x1020, 0x1020, 0x1020, 0x1840, 0x2040, 0x2040, 0x2860, 0x2860, 0x2860,
  0x2860, 0x2860, 0x1020, 0x1840, 0x2040, 0x2040, 0x2040, 0x1820, 0x2860, 0x5920, 0x5920, 0x6161,
  0x71A1, 0x79E2, 0x2080, 0x0000, 0x0000, 0x0000, 0x0000, 0x0000, 0x0000, 0x0800, 0x2860, 0x3080,
  0x2880, 0x30A0, 0x38A0, 0x38A0, 0x30A0, 0x3080, 0x2880, 0x2880, 0x30E1, 0x28A0, 0x2060, 0x2060,
  0x1840, 0x1840, 0x1840, 0x1820, 0x1820, 0x1020, 0x1020, 0x1020, 0x1020, 0x1020, 0x1020, 0x1020,
  0x1020, 0x1020, 0x1020, 0x1020, 0x1020, 0x1020, 0x1020, 0x1020, 0x1020, 0x1020, 0x1020, 0x1020,
  0x1020, 0x1020, 0x1020, 0x1020, 0x1020, 0x1020, 0x1020, 0x1020, 0x1020, 0x1020, 0x1020, 0x1020,
  0x1020, 0x1020, 0x1020, 0x1020, 0x1020, 0x1020, 0x1020, 0x0800, 0x0800, 0x0820, 0x1020, 0x1020,
  0x1020, 0x1020, 0x0820, 0x0800, 0x0800, 0x0820, 0x0800, 0x0800, 0x1020, 0x0820, 0x0820, 0x1020,
  0x1000, 0x1020, 0x1020, 0x1000, 0x1020, 0x1020, 0x1020, 0x1020, 0x1020, 0x0820, 0x0820, 0x0820,
  0x0800, 0x0800, 0x0800, 0x0800, 0x0800, 0x0800, 0x0800, 0x0800, 0x0800, 0x0800, 0x0800, 0x0800,
  0x0800, 0x0800, 0x0800, 0x0800, 0x0800, 0x0800, 0x0800, 0x0800, 0x0800, 0x0800, 0x0800, 0x0800,
  0x0800, 0x0800, 0x0800, 0x1020, 0x1020, 0x1020, 0x1020, 0x1020, 0x1020, 0x1020, 0x1020, 0x1020,
  0x1020, 0x1020, 0x1020, 0x1820, 0x1840, 0x1840, 0x1840, 0x2040, 0x2040, 0x2880, 0x4963, 0x3902,
  0x2040, 0x2040, 0x2040, 0x2060, 0x2860, 0x2860, 0x3080, 0x38A0, 0x38A0, 0x38A0, 0x40C0, 0x40E0,
  0x48E0, 0x3080, 0x0800, 0x0000, 0x0000, 0x0000, 0x0000, 0x0000, 0x0000, 0x0000, 0x38E1, 0x9243,
  0x71C1, 0x6981, 0x6140, 0x5920, 0x3080, 0x3080, 0x3880, 0x3080, 0x3080, 0x3080, 0x3060, 0x3060,
  0x0800, 0x1020, 0x1020, 0x1020, 0x1020, 0x1020, 0x0820, 0x0800, 0x0800, 0x0000, 0x0000, 0x0800,
  0x0800, 0x0800, 0x1020, 0x1020, 0x1020, 0x1020, 0x1020, 0x1020, 0x1840, 0x1840, 0x1840, 0x1840,
  0x2060, 0x2880, 0x2880, 0x2880, 0x38C0, 0x2880, 0x1020, 0x1020, 0x1840, 0x1840, 0x1020, 0x1020,
  0x1020, 0x1820, 0x1820, 0x1020, 0x1000, 0x1020, 0x1820, 0x1840, 0x1840, 0x2040, 0x2040, 0x2040,
  0x2860, 0x2040, 0x1020, 0x1820, 0x1820, 0x1820, 0x1840, 0x1020, 0x2860, 0x5900, 0x5100, 0x5920,
  0x6141, 0x71A1, 0x2080, 0x0000, 0x0800, 0x0800, 0x0800, 0x0800, 0x0800, 0x0000, 0x38C0, 0x5940,
  0x48E0, 0x38C0, 0x30A0, 0x2880, 0x2060, 0x2060, 0x1840, 0x28A1, 0x5A67, 0x4184, 0x1020, 0x1020,
  0x0820, 0x0820, 0x0800, 0x0800, 0x0800, 0x0800, 0x0800, 0x0800, 0x0800, 0x0000, 0x0000, 0x0000,
  0x0000, 0x0000, 0x0000, 0x0000, 0x0000, 0x0000, 0x0000, 0x0000, 0x0000, 0x0000, 0x0000, 0x0000,
  0x0000, 0x0000, 0x0000, 0x0000, 0x0000, 0x0000, 0x0000, 0x0000, 0x0000, 0x0000, 0x0000, 0x0000,
  0x0000, 0x0000, 0x0000, 0x0000, 0x0000, 0x0000, 0x0000, 0x0000, 0x0000, 0x0000, 0x0000, 0x0000,
  0x0000, 0x0000, 0x0000, 0x0000, 0x0000, 0x0000, 0x0000, 0x0000, 0x0000, 0x0000, 0x0000, 0x0000,
  0x0000, 0x0000, 0x0000, 0x0000, 0x0000, 0x0000, 0x0000, 0x0000, 0x0000, 0x0000, 0x0000, 0x0000,
  0x0000, 0x0000, 0x0000, 0x0000, 0x0000, 0x0000, 0x0000, 0x0000, 0x0000, 0x0000, 0x0000, 0x0000,
  0x0000, 0x0000, 0x0000, 0x0000, 0x0000, 0x0000, 0x0000, 0x0000, 0x0000, 0x0000, 0x0000, 0x0000,
  0x0000, 0x0000, 0x0000, 0x0000, 0x0000, 0x0000, 0x0000, 0x0000, 0x0000, 0x0800, 0x0800, 0x0800,
  0x0800, 0x0800, 0x0800, 0x0800, 0x0800, 0x0800, 0x0800, 0x0820, 0x0800, 0x1861, 0x5A26, 0x4184,
  0x0800, 0x0800, 0x0820, 0x1020, 0x1820, 0x1840, 0x1840, 0x2060, 0x2060, 0x2880, 0x40E0, 0x48E0,
  0x5920, 0x30A0, 0x0000, 0x0800, 0x0000, 0x0000, 0x0000, 0x0000, 0x0000, 0x0000, 0x38C0, 0x81E2,
  0x6981, 0x6140, 0x5920, 0x5100, 0x2860, 0x2860, 0x2860, 0x2860, 0x2860, 0x2860, 0x2860, 0x2840,
  0x0800, 0x0820, 0x1020, 0x1020, 0x0800, 0x1020, 0x1020, 0x1020, 0x1820, 0x1020, 0x0000, 0x0800,
  0x0000, 0x0000, 0x0000, 0x0000, 0x0800, 0x0820, 0x1020, 0x1020, 0x1840, 0x1840, 0x1840, 0x2060,
  0x2080, 0x2880, 0x30A0, 0x30A0, 0x38C0, 0x30A0, 0x1040, 0x1040, 0x1840, 0x1820, 0x1820, 0x1820,
  0x1020, 0x1020, 0x1020, 0x1000, 0x1000, 0x1020, 0x1820, 0x1820, 0x1820, 0x1840, 0x1840, 0x2040,
  0x2060, 0x2040, 0x0800, 0x1020, 0x1020, 0x1020, 0x1020, 0x1000, 0x2060, 0x5100, 0x48E0, 0x5100,
  0x5120, 0x6161, 0x2060, 0x0000, 0x0000, 0x0000, 0x0000, 0x0000, 0x0800, 0x0000, 0x2040, 0x1840,
  0x0000, 0x1020, 0x0000, 0x0800, 0x0000, 0x0000, 0x0000, 0x0000, 0x0000, 0x0000, 0x0000, 0x0000,
  0x0000, 0x0000, 0x0000, 0x0000, 0x0000, 0x0000, 0x0000, 0x0000, 0x0000, 0x0000, 0x0000, 0x0000,
  0x0000, 0x0000, 0x0000, 0x0000, 0x0000, 0x0000, 0x0000, 0x0000, 0x0000, 0x0000, 0x0000, 0x0000,
  0x0000, 0x0000, 0x0000, 0x0000, 0x0000, 0x0000, 0x0000, 0x0000, 0x0000, 0x0000, 0x0000, 0x0000,
  0x0000, 0x0000, 0x0000, 0x0000, 0x0000, 0x0000, 0x0000, 0x0000, 0x0000, 0x0000, 0x0000, 0x0000,
  0x0000, 0x0000, 0x0000, 0x0000, 0x0000, 0x0000, 0x0000, 0x0000, 0x0000, 0x0000, 0x0000, 0x0000,
  0x0000, 0x0000, 0x0000, 0x0000, 0x0000, 0x0000, 0x0000, 0x0000, 0x0000, 0x0000, 0x0000, 0x0000,
  0x0000, 0x0000, 0x0000, 0x0000, 0x0000, 0x0000, 0x0000, 0x0000, 0x0000, 0x0000, 0x0000, 0x0000,
  0x0000, 0x0000, 0x0000, 0x0000, 0x0000, 0x0000, 0x0000, 0x0000, 0x0000, 0x0000, 0x0000, 0x0000,
  0x0000, 0x0000, 0x0000, 0x0000, 0x0000, 0x0000, 0x0000, 0x0000, 0x0000, 0x0000, 0x0000, 0x0000,
  0x0000, 0x0000, 0x0000, 0x0000, 0x0000, 0x0000, 0x0000, 0x0000, 0x0000, 0x0000, 0x0000, 0x0000,
  0x0000, 0x0000, 0x0000, 0x0000, 0x0000, 0x0000, 0x0000, 0x0000, 0x0000, 0x0800, 0x1840, 0x0000,
  0x2860, 0x1840, 0x0000, 0x0000, 0x0000, 0x0000, 0x0000, 0x0000, 0x0000, 0x0000, 0x30C0, 0x71C1,
  0x5941, 0x5920, 0x5100, 0x50E0, 0x2040, 0x1820, 0x2040, 0x2040, 0x2040, 0x2040, 0x2040, 0x2040,
  0x0800, 0x1020, 0x1020, 0x1020, 0x1020, 0x0820, 0x1020, 0x1020, 0x1020, 0x1020, 0x0000, 0x0800,
  0x1020, 0x1020, 0x1020, 0x0820, 0x0800, 0x0800, 0x0800, 0x0800, 0x0820, 0x1020, 0x1840, 0x2060,
  0x2880, 0x30A0, 0x30A0, 0x38C0, 0x40E0, 0x38E0, 0x1840, 0x1840, 0x1840, 0x1840, 0x1840, 0x1820,
  0x1020, 0x1020, 0x1000, 0x1000, 0x0800, 0x1000, 0x1020, 0x1820, 0x1820, 0x1820, 0x1840, 0x2040,
  0x2040, 0x1840, 0x0800, 0x1000, 0x1020, 0x1020, 0x1020, 0x0800, 0x1840, 0x48E0, 0x48E0, 0x48E0,
  0x50E0, 0x5940, 0x1860, 0x0000, 0x0000, 0x0000, 0x0000, 0x0000, 0x0800, 0x0000, 0x2060, 0x1840,
  0x0800, 0x1840, 0x0000, 0x0820, 0x0000, 0x0000, 0x0000, 0x0000, 0x0820, 0x0800, 0x0000, 0x0000,
  0x0000, 0x0000, 0x0000, 0x0000, 0x0000, 0x0000, 0x0000, 0x0000, 0x0000, 0x0000, 0x0000, 0x0000,
  0x0000, 0x0000, 0x0000, 0x0000, 0x0000, 0x0000, 0x0000, 0x0000, 0x0000, 0x0000, 0x0000, 0x0000,
  0x0000, 0x0000, 0x0000, 0x0000, 0x0000, 0x0000, 0x0000, 0x0000, 0x0000, 0x0000, 0x0000, 0x0000,
  0x0000, 0x0000, 0x0000, 0x0000, 0x0000, 0x0000, 0x0000, 0x0000, 0x0000, 0x0000, 0x0000, 0x0000,
  0x0000, 0x0000, 0x0000, 0x0000, 0x0000, 0x0000, 0x0000, 0x0000, 0x0000, 0x0000, 0x0000, 0x0000,
  0x0000, 0x0000, 0x0000, 0x0000, 0x0000, 0x0000, 0x0000, 0x0000, 0x0000, 0x0000, 0x0000, 0x0000,
  0x0000, 0x0000, 0x0000, 0x0000, 0x0000, 0x0000, 0x0000, 0x0000, 0x0000, 0x0000, 0x0000, 0x0000,
  0x0000, 0x0000, 0x0000, 0x0000, 0x0000, 0x0000, 0x0000, 0x0000, 0x0000, 0x0000, 0x0000, 0x0000,
  0x0000, 0x0000, 0x0000, 0x0000, 0x0000, 0x0000, 0x0000, 0x0000, 0x0000, 0x0000, 0x0000, 0x0000,
  0x0000, 0x0000, 0x0000, 0x0000, 0x0000, 0x0000, 0x0000, 0x0000, 0x0000, 0x0000, 0x0800, 0x0000,
  0x0000, 0x0000, 0x0000, 0x0000, 0x0000, 0x0000, 0x0000, 0x0800, 0x0000, 0x1020, 0x2060, 0x0800,
  0x40C0, 0x2880, 0x0000, 0x0000, 0x0000, 0x0000, 0x0000, 0x0000, 0x0000, 0x0000, 0x30A0, 0x7181,
  0x5920, 0x5100, 0x50E0, 0x48E0, 0x2040, 0x1820, 0x1820, 0x1840, 0x1840, 0x1820, 0x2040, 0x1820,
  0x0800, 0x1020, 0x1020, 0x1020, 0x0820, 0x1020, 0x1020, 0x1020, 0x1020, 0x1020, 0x0000, 0x0800,
  0x0820, 0x1020, 0x1020, 0x1840, 0x1840, 0x1840, 0x1860, 0x1840, 0x1020, 0x0820, 0x0800, 0x0800,
  0x1840, 0x2880, 0x30A0, 0x38C0, 0x4901, 0x4101, 0x1840, 0x1840, 0x1840, 0x1840, 0x1840, 0x1840,
  0x1020, 0x1020, 0x1000, 0x1000, 0x0800, 0x1000, 0x1020, 0x1020, 0x1020, 0x1820, 0x1820, 0x1820,
  0x1820, 0x1820, 0x0800, 0x0800, 0x1000, 0x1000, 0x0800, 0x0800, 0x1840, 0x48C0, 0x40C0, 0x48E0,
  0x48E0, 0x5920, 0x1860, 0x0000, 0x0000, 0x0000, 0x0000, 0x0000, 0x0800, 0x0800, 0x2860, 0x2060,
  0x0800, 0x2040, 0x0000, 0x1020, 0x0000, 0x0000, 0x0000, 0x0000, 0x0800, 0x0800, 0x0800, 0x0000,
  0x0000, 0x0000, 0x0000, 0x0000, 0x0000, 0x0000, 0x0000, 0x0820, 0x1040, 0x1040, 0x1040, 0x1040,
  0x1860, 0x1840, 0x1860, 0x1860, 0x1860, 0x1860, 0x1860, 0x1861, 0x1860, 0x1860, 0x1860, 0x1860,
  0x1860, 0x1860, 0x1860, 0x1861, 0x1861, 0x1861, 0x1861, 0x1861, 0x1861, 0x1861, 0x1861, 0x1861,
  0x1861, 0x1861, 0x1861, 0x1861, 0x1861, 0x1841, 0x1861, 0x1861, 0x1861, 0x1861, 0x1861, 0x1861,
  0x1861, 0x1861, 0x1861, 0x1861, 0x1861, 0x1861, 0x1861, 0x1861, 0x1861, 0x1861, 0x1861, 0x1861,
  0x1861, 0x1860, 0x1840, 0x1860, 0x1860, 0x1860, 0x1860, 0x1860, 0x1860, 0x1860, 0x1860, 0x1860,
  0x1860, 0x1860, 0x1860, 0x1860, 0x1860, 0x1860, 0x1860, 0x1860, 0x1860, 0x1860, 0x1860, 0x1860,
  0x1860, 0x1860, 0x1860, 0x1860, 0x1860, 0x1860, 0x1860, 0x1860, 0x1040, 0x1040, 0x1040, 0x1040,
  0x1860, 0x1040, 0x1040, 0x1040, 0x1040, 0x1040, 0x1040, 0x1040, 0x1040, 0x1040, 0x1040, 0x0820,
  0x0000, 0x0000, 0x0000, 0x0000, 0x0000, 0x0000, 0x0800, 0x0820, 0x0800, 0x0800, 0x0000, 0x0000,
  0x0000, 0x0000, 0x0000, 0x0000, 0x0000, 0x0000, 0x0000, 0x0800, 0x0000, 0x1020, 0x2060, 0x0820,
  0x5100, 0x3080, 0x0000, 0x0000, 0x0000, 0x0000, 0x0000, 0x0000, 0x0000, 0x0000, 0x28A0, 0x6161,
  0x5100, 0x50E0, 0x48E0, 0x48C0, 0x1820, 0x1820, 0x1820, 0x1820, 0x1820, 0x1820, 0x1820, 0x1820,
  0x0800, 0x1020, 0x1020, 0x1020, 0x1020, 0x1020, 0x1020, 0x1020, 0x1020, 0x1020, 0x0000, 0x0800,
  0x1020, 0x1020, 0x1020, 0x1020, 0x1020, 0x1840, 0x1840, 0x2880, 0x2880, 0x28A0, 0x30A0, 0x2880,
  0x1860, 0x1040, 0x1840, 0x1840, 0x30A0, 0x38E1, 0x1860, 0x1840, 0x2060, 0x2040, 0x1840, 0x1840,
  0x1820, 0x1020, 0x1020, 0x1000, 0x0800, 0x1000, 0x1020, 0x1020, 0x1020, 0x1820, 0x1820, 0x1820,
  0x1820, 0x1820, 0x0800, 0x0800, 0x0800, 0x0800, 0x0800, 0x0800, 0x1840, 0x40C0, 0x40C0, 0x48E0,
  0x48E0, 0x5100, 0x1840, 0x0000, 0x0000, 0x0000, 0x0000, 0x0000, 0x0800, 0x0800, 0x3080, 0x3080,
  0x0820, 0x2040, 0x0000, 0x1020, 0x0000, 0x0000, 0x0800, 0x0000, 0x0820, 0x0820, 0x0800, 0x0000,
  0x0000, 0x0000, 0x0000, 0x0000, 0x0000, 0x0000, 0x0000, 0x0820, 0x1861, 0x1840, 0x1860, 0x1860,
  0x1860, 0x1860, 0x1861, 0x1861, 0x1861, 0x1861, 0x1861, 0x1861, 0x1861, 0x1861, 0x1860, 0x1860,
  0x1861, 0x1861, 0x1860, 0x1861, 0x1861, 0x1861, 0x1861, 0x1861, 0x1861, 0x1861, 0x1861, 0x1860,
  0x1860, 0x1860, 0x1861, 0x1861, 0x1860, 0x1861, 0x1861, 0x1861, 0x1861, 0x1861, 0x1861, 0x1861,
  0x1861, 0x1861, 0x1861, 0x1861, 0x1861, 0x1861, 0x1861, 0x1861, 0x1861, 0x1861, 0x1861, 0x1861,
  0x1861, 0x1860, 0x1860, 0x1860, 0x1860, 0x1860, 0x1860, 0x1860, 0x1860, 0x1860, 0x1860, 0x1860,
  0x1860, 0x1860, 0x1860, 0x1860, 0x1860, 0x1860, 0x1860, 0x1860, 0x1860, 0x1860, 0x1860, 0x1860,
  0x1860, 0x1860, 0x1860, 0x1860, 0x1860, 0x1860, 0x1860, 0x1860, 0x1860, 0x1860, 0x1860, 0x1060,
  0x1840, 0x1040, 0x1040, 0x1040, 0x1040, 0x1040, 0x1040, 0x1040, 0x1040, 0x1040, 0x1040, 0x0820,
  0x0000, 0x0000, 0x0000, 0x0000, 0x0000, 0x0000, 0x0820, 0x1020, 0x0820, 0x0820, 0x0800, 0x0000,
  0x0000, 0x0000, 0x0000, 0x0000, 0x0000, 0x0000, 0x0000, 0x0800, 0x0000, 0x1020, 0x2860, 0x1020,
  0x6120, 0x30A0, 0x0000, 0x0800, 0x0000, 0x0000, 0x0000, 0x0000, 0x0000, 0x0000, 0x2880, 0x6141,
  0x5100, 0x48E0, 0x48C0, 0x40C0, 0x1020, 0x1000, 0x1020, 0x1820, 0x1820, 0x1820, 0x1820, 0x1020,
  0x0800, 0x1020, 0x1020, 0x1020, 0x1020, 0x1020, 0x1020, 0x1020, 0x1020, 0x1020, 0x0000, 0x0820,
  0x1020, 0x1020, 0x1020, 0x1020, 0x1040, 0x1840, 0x1840, 0x1840, 0x2060, 0x2880, 0x38C0, 0x40E1,
  0x4901, 0x4921, 0x5121, 0x4901, 0x38C0, 0x1860, 0x2060, 0x1840, 0x2060, 0x2060, 0x1840, 0x1840,
  0x1820, 0x1020, 0x1020, 0x1020, 0x0800, 0x1000, 0x1020, 0x1020, 0x1020, 0x1020, 0x1020, 0x1020,
  0x1820, 0x1020, 0x0000, 0x0800, 0x0800, 0x0800, 0x0800, 0x0800, 0x1820, 0x38A0, 0x40A0, 0x40C0,
  0x48C0, 0x50E0, 0x1840, 0x0000, 0x0000, 0x0000, 0x0000, 0x0000, 0x0820, 0x0800, 0x30A0, 0x38A0,
  0x1020, 0x2860, 0x0000, 0x1020, 0x0000, 0x0000, 0x0800, 0x0000, 0x1020, 0x1020, 0x0820, 0x0000,
  0x0000, 0x0000, 0x0000, 0x0000, 0x0000, 0x0000, 0x0000, 0x0820, 0x1861, 0x1860, 0x1860, 0x1860,
  0x1861, 0x1861, 0x1861, 0x1861, 0x1861, 0x1861, 0x1861, 0x1861, 0x1861, 0x1861, 0x1861, 0x1861,
  0x1861, 0x1861, 0x1861, 0x1861, 0x1861, 0x1861, 0x1861, 0x1861, 0x1861, 0x1861, 0x1861, 0x1861,
  0x1861, 0x1861, 0x1861, 0x1861, 0x1861, 0x1861, 0x1861, 0x1861, 0x1861, 0x1861, 0x1861, 0x1861,
  0x1861, 0x1861, 0x1861, 0x1861, 0x1861, 0x1861, 0x1861, 0x1861, 0x1861, 0x1861, 0x1861, 0x1861,
  0x1861, 0x1860, 0x1860, 0x1860, 0x1860, 0x1860, 0x1861, 0x1860, 0x1861, 0x1861, 0x1861, 0x1861,
  0x1861, 0x1861, 0x1861, 0x1861, 0x1861, 0x1861, 0x1861, 0x1861, 0x1861, 0x1861, 0x1861, 0x1861,
  0x1860, 0x1860, 0x1860, 0x1860, 0x1860, 0x1860, 0x1860, 0x1860, 0x1860, 0x1860, 0x1860, 0x1860,
  0x1860, 0x1860, 0x1860, 0x1860, 0x1060, 0x1860, 0x1040, 0x1040, 0x1040, 0x1040, 0x1860, 0x0820,
  0x0000, 0x0000, 0x0000, 0x0000, 0x0000, 0x0000, 0x1020, 0x1840, 0x1020, 0x1020, 0x0820, 0x0000,
  0x0000, 0x0800, 0x0000, 0x0000, 0x0800, 0x0000, 0x0000, 0x0800, 0x0000, 0x1020, 0x2860, 0x1020,
  0x6940, 0x30A0, 0x0000, 0x0800, 0x0000, 0x0000, 0x0000, 0x0000, 0x0000, 0x0000, 0x2880, 0x5940,
  0x5100, 0x48E0, 0x40C0, 0x38A0, 0x1020, 0x1000, 0x1020, 0x1000, 0x1020, 0x1020, 0x1000, 0x1020,
  0x0800, 0x1020, 0x1020, 0x1020, 0x1020, 0x1020, 0x1020, 0x1020, 0x1020, 0x1020, 0x0000, 0x0820,
  0x1020, 0x1020, 0x1020, 0x1040, 0x1840, 0x1840, 0x1840, 0x1860, 0x2060, 0x2080, 0x30A0, 0x30A0,
  0x38E1, 0x4101, 0x5961, 0x71C2, 0x7A03, 0x5142, 0x1840, 0x2060, 0x2060, 0x2060, 0x2040, 0x1840,
  0x1820, 0x1020, 0x1020, 0x1020, 0x1000, 0x1020, 0x1020, 0x1020, 0x1020, 0x1020, 0x1020, 0x1020,
  0x1020, 0x1020, 0x0000, 0x0800, 0x0800, 0x0800, 0x0800, 0x0800, 0x1020, 0x38A0, 0x38A0, 0x40C0,
  0x40C0, 0x48E0, 0x1840, 0x0000, 0x0000, 0x0000, 0x0000, 0x0000, 0x0820, 0x0800, 0x38A0, 0x38A0,
  0x1020, 0x3080, 0x0000, 0x1020, 0x0800, 0x0000, 0x0800, 0x0000, 0x1020, 0x1040, 0x0820, 0x0000,
  0x0820, 0x0000, 0x0000, 0x0000, 0x0000, 0x0000, 0x0000, 0x0820, 0x1861, 0x1860, 0x1861, 0x1861,
  0x1861, 0x1861, 0x1861, 0x1861, 0x1861, 0x1881, 0x1881, 0x1881, 0x1881, 0x1881, 0x1861, 0x1861,
  0x1861, 0x1861, 0x1881, 0x1881, 0x1881, 0x1881, 0x1861, 0x1861, 0x1861, 0x1861, 0x1861, 0x1861,
  0x1861, 0x1861, 0x1861, 0x1861, 0x1861, 0x1861, 0x1861, 0x1861, 0x1861, 0x1861, 0x1861, 0x1861,
  0x1861, 0x1861, 0x1861, 0x1861, 0x1861, 0x1861, 0x1861, 0x1861, 0x1861, 0x1861, 0x1861, 0x1861,
  0x1861, 0x1860, 0x1860, 0x1860, 0x1860, 0x1860, 0x1861, 0x1861, 0x1881, 0x1881, 0x1860, 0x1881,
  0x1860, 0x1860, 0x1861, 0x1861, 0x1861, 0x1861, 0x1881, 0x1881, 0x1881, 0x1881, 0x1881, 0x1861,
  0x1861, 0x1861, 0x1861, 0x1861, 0x1861, 0x1860, 0x1860, 0x1860, 0x1860, 0x1860, 0x1860, 0x1860,
  0x1860, 0x1860, 0x1860, 0x1860, 0x1860, 0x1860, 0x1860, 0x1860, 0x1860, 0x1860, 0x1860, 0x0820,
  0x0000, 0x0000, 0x0000, 0x0000, 0x0000, 0x0000, 0x1860, 0x2080, 0x1040, 0x1840, 0x1040, 0x0800,
  0x0000, 0x0800, 0x0000, 0x0000, 0x0800, 0x0000, 0x0000, 0x1000, 0x0000, 0x1020, 0x3080, 0x1020,
  0x7160, 0x38C0, 0x0000, 0x0800, 0x0000, 0x0000, 0x0000, 0x0000, 0x0000, 0x0000, 0x2880, 0x5920,
  0x48E0, 0x48C0, 0x40A0, 0x3880, 0x1000, 0x0800, 0x1000, 0x1000, 0x1000, 0x1000, 0x1000, 0x1000,
  0x0800, 0x1020, 0x1020, 0x1020, 0x1020, 0x1020, 0x1020, 0x1020, 0x1020, 0x1020, 0x0000, 0x0820,
  0x1020, 0x1020, 0x1020, 0x1040, 0x1840, 0x1840, 0x1840, 0x2060, 0x2060, 0x2080, 0x30A0, 0x30C0,
  0x38E0, 0x4101, 0x4921, 0x5962, 0x61A2, 0x4942, 0x1860, 0x2060, 0x2880, 0x2860, 0x2060, 0x1840,
  0x1820, 0x1820, 0x1020, 0x1020, 0x1000, 0x1020, 0x1020, 0x1020, 0x1020, 0x1000, 0x1020, 0x1020,
  0x1020, 0x1000, 0x0000, 0x0800, 0x0800, 0x0800, 0x0800, 0x0800, 0x1020, 0x3880, 0x38A0, 0x40C0,
  0x40C0, 0x48E0, 0x1840, 0x0000, 0x0800, 0x0000, 0x0000, 0x0800, 0x1020, 0x0820, 0x38C0, 0x40A0,
  0x1040, 0x38A0, 0x0000, 0x1840, 0x0800, 0x0000, 0x0820, 0x0000, 0x1040, 0x1840, 0x1020, 0x0000,
  0x0820, 0x0000, 0x0000, 0x0000, 0x0000, 0x0000, 0x0000, 0x0820, 0x1861, 0x1861, 0x1881, 0x1881,
  0x1881, 0x1881, 0x1881, 0x2081, 0x1881, 0x2081, 0x2081, 0x2081, 0x2081, 0x2081, 0x2081, 0x1881,
  0x1881, 0x2081, 0x2081, 0x1881, 0x1881, 0x1881, 0x1881, 0x1881, 0x1881, 0x1881, 0x1881, 0x1881,
  0x1881, 0x1881, 0x1881, 0x1861, 0x1861, 0x1861, 0x1861, 0x1861, 0x1861, 0x1861, 0x1861, 0x1861,
  0x1861, 0x1861, 0x1861, 0x1861, 0x1861, 0x1861, 0x1861, 0x1861, 0x1861, 0x1861, 0x1861, 0x1861,
  0x1861, 0x1881, 0x1861, 0x1860, 0x1860, 0x1860, 0x1860, 0x1881, 0x1881, 0x1881, 0x2081, 0x2081,
  0x1881, 0x1881, 0x1880, 0x1881, 0x2081, 0x1881, 0x2081, 0x2081, 0x2081, 0x2081, 0x2081, 0x2081,
  0x1881, 0x1861, 0x1861, 0x1881, 0x1881, 0x1881, 0x1881, 0x1881, 0x1860, 0x1861, 0x1861, 0x1861,
  0x1881, 0x1861, 0x1861, 0x1860, 0x1860, 0x1860, 0x1860, 0x1860, 0x1860, 0x1860, 0x1860, 0x1040,
  0x0000, 0x0000, 0x0800, 0x0800, 0x0000, 0x0000, 0x2880, 0x30C0, 0x1860, 0x2080, 0x1860, 0x0820,
  0x0000, 0x0800, 0x0000, 0x0000, 0x0800, 0x0000, 0x0000, 0x1000, 0x0000, 0x1840, 0x38A0, 0x1020,
  0x7180, 0x38C0, 0x0000, 0x0820, 0x0000, 0x0000, 0x0000, 0x0000, 0x0000, 0x0000, 0x2880, 0x5900,
  0x48E0, 0x48C0, 0x38A0, 0x3080, 0x0800, 0x0800, 0x1000, 0x1000, 0x1000, 0x1000, 0x1000, 0x1000,
  0x0800, 0x1020, 0x1020, 0x1020, 0x1020, 0x1020, 0x1020, 0x1020, 0x1020, 0x1020, 0x0000, 0x0820,
  0x1020, 0x1020, 0x1040, 0x1840, 0x1840, 0x1840, 0x1860, 0x2060, 0x2060, 0x2880, 0x30A0, 0x38C0,
  0x38E0, 0x4101, 0x4921, 0x5961, 0x6182, 0x5142, 0x2060, 0x2060, 0x2880, 0x2880, 0x2060, 0x1840,
  0x1840, 0x1820, 0x1820, 0x1820, 0x1020, 0x1820, 0x1820, 0x1020, 0x1000, 0x1000, 0x1020, 0x1020,
  0x1020, 0x1000, 0x0000, 0x0000, 0x0800, 0x0800, 0x0800, 0x0000, 0x1020, 0x3880, 0x38A0, 0x40C0,
  0x40A0, 0x48E0, 0x1840, 0x0000, 0x0800, 0x0000, 0x0000, 0x0820, 0x1020, 0x0820, 0x40E0, 0x40C0,
  0x1040, 0x40A0, 0x0000, 0x1840, 0x0800, 0x0000, 0x1020, 0x0000, 0x1860, 0x2080, 0x1840, 0x0000,
  0x1040, 0x0000, 0x0000, 0x0000, 0x0000, 0x0000, 0x0000, 0x0820, 0x2081, 0x2081, 0x2081, 0x2081,
  0x2081, 0x2081, 0x2081, 0x2081, 0x2081, 0x2081, 0x2081, 0x2081, 0x2081, 0x2081, 0x2081, 0x2081,
  0x2081, 0x2081, 0x2081, 0x2081, 0x2081, 0x2081, 0x2081, 0x2081, 0x2081, 0x2081, 0x2081, 0x1881,
  0x1881, 0x1881, 0x1881, 0x1881, 0x1881, 0x1881, 0x1881, 0x1881, 0x1881, 0x1861, 0x1861, 0x1861,
  0x1881, 0x1861, 0x1881, 0x1861, 0x1861, 0x1861, 0x1861, 0x1861, 0x1861, 0x1861, 0x1881, 0x1881,
  0x2081, 0x2081, 0x1881, 0x1860, 0x1880, 0x1860, 0x2080, 0x2081, 0x2081, 0x2081, 0x2081, 0x2081,
  0x2081, 0x2081, 0x2081, 0x2081, 0x2081, 0x2081, 0x2081, 0x2081, 0x2081, 0x2081, 0x2081, 0x2081,
  0x2081, 0x2081, 0x2081, 0x2081, 0x2081, 0x2081, 0x2081, 0x2081, 0x2081, 0x2081, 0x1881, 0x1881,
  0x1881, 0x1881, 0x1861, 0x1861, 0x1861, 0x1860, 0x1861, 0x1861, 0x1860, 0x1860, 0x1881, 0x1040,
  0x0000, 0x0000, 0x0800, 0x0820, 0x0000, 0x0000, 0x30A0, 0x40E1, 0x28A0, 0x30C0, 0x2880, 0x1020,
  0x0000, 0x0800, 0x0000, 0x0000, 0x0800, 0x0000, 0x0000, 0x1020, 0x0000, 0x2040, 0x38A0, 0x1020,
  0x7980, 0x40E0, 0x0800, 0x0820, 0x0000, 0x0000, 0x0000, 0x0000, 0x0000, 0x0000, 0x2880, 0x5900,
  0x48E0, 0x48C0, 0x38A0, 0x3080, 0x0800, 0x0800, 0x1000, 0x1000, 0x1000, 0x1000, 0x0800, 0x1000,
  0x0820, 0x1020, 0x1020, 0x1020, 0x1020, 0x1020, 0x1020, 0x1020, 0x1020, 0x1020, 0x0000, 0x0820,
  0x1020, 0x1040, 0x1840, 0x1840, 0x1840, 0x1840, 0x1860, 0x2060, 0x2880, 0x2880, 0x30A0, 0x30C0,
  0x40E1, 0x4901, 0x5121, 0x5141, 0x5982, 0x5142, 0x2060, 0x2060, 0x2880, 0x2880, 0x2860, 0x2060,
  0x1840, 0x1840, 0x1820, 0x1820, 0x1820, 0x1820, 0x1820, 0x1020, 0x1000, 0x1020, 0x1020, 0x1020,
  0x1020, 0x1000, 0x0000, 0x0000, 0x0000, 0x0000, 0x0800, 0x0000, 0x1020, 0x3080, 0x38A0, 0x38A0,
  0x38A0, 0x48C0, 0x1840, 0x0000, 0x0800, 0x0000, 0x0000, 0x0820, 0x1020, 0x0820, 0x48E0, 0x48C0,
  0x1840, 0x40C0, 0x0000, 0x2040, 0x0800, 0x0000, 0x1020, 0x0820, 0x2080, 0x30A0, 0x1860, 0x0800,
  0x1040, 0x0000, 0x0000, 0x0000, 0x0000, 0x0000, 0x0000, 0x0820, 0x2081, 0x2081, 0x2081, 0x2081,
  0x2081, 0x2081, 0x2081, 0x2081, 0x2081, 0x20A1, 0x2081, 0x2081, 0x20A1, 0x20A1, 0x20A1, 0x2081,
  0x2081, 0x20A1, 0x2081, 0x2081, 0x2081, 0x2081, 0x2081, 0x2081, 0x2081, 0x2081, 0x2081, 0x2081,
  0x2081, 0x2081, 0x2081, 0x2081, 0x2081, 0x2081, 0x2081, 0x2081, 0x2081, 0x2081, 0x1881, 0x2081,
  0x2081, 0x2081, 0x2081, 0x2081, 0x2081, 0x2081, 0x2081, 0x2081, 0x2081, 0x2081, 0x2081, 0x2081,
  0x2081, 0x2081, 0x2081, 0x2081, 0x2081, 0x2081, 0x2081, 0x2081, 0x2081, 0x2081, 0x2081, 0x2081,
  0x2081, 0x2081, 0x2081, 0x2081, 0x2081, 0x2081, 0x2081, 0x2081, 0x2081, 0x2081, 0x20A1, 0x20A1,
  0x20A1, 0x2081, 0x2081, 0x2081, 0x2081, 0x2081, 0x2081, 0x2081, 0x2081, 0x2081, 0x2081, 0x2081,
  0x2081, 0x2081, 0x2081, 0x2081, 0x2081, 0x1881, 0x1881, 0x1881, 0x1881, 0x1881, 0x2081, 0x1040,
  0x0000, 0x0000, 0x0820, 0x0820, 0x0000, 0x0000, 0x38C1, 0x4921, 0x38C1, 0x40E1, 0x30C0, 0x1040,
  0x0800, 0x1020, 0x0000, 0x0000, 0x0800, 0x0000, 0x0800, 0x1020, 0x0000, 0x2060, 0x40C0, 0x1040,
  0x81C0, 0x40E0, 0x0820, 0x1020, 0x0800, 0x0000, 0x0000, 0x0000, 0x0000, 0x0000, 0x2880, 0x5100,
  0x48C0, 0x40C0, 0x38A0, 0x3080, 0x0800, 0x0800, 0x0800, 0x0800, 0x0800, 0x0800, 0x0800, 0x0800,
  0x0800, 0x1020, 0x1020, 0x1020, 0x1020, 0x1020, 0x1020, 0x1020, 0x1020, 0x1020, 0x0000, 0x0820,
  0x1020, 0x1840, 0x1840, 0x1840, 0x1840, 0x1840, 0x1860, 0x2060, 0x2880, 0x30A0, 0x30A0, 0x30C0,
  0x40E0, 0x4921, 0x5121, 0x5141, 0x5982, 0x5162, 0x2060, 0x2060, 0x2860, 0x2880, 0x2860, 0x2060,
  0x2060, 0x2040, 0x1840, 0x1840, 0x2040, 0x2040, 0x1820, 0x1020, 0x1020, 0x1020, 0x1020, 0x1020,
  0x1020, 0x1000, 0x0000, 0x0000, 0x0000, 0x0800, 0x0800, 0x0000, 0x1020, 0x3080, 0x38A0, 0x38A0,
  0x38A0, 0x40C0, 0x1040, 0x0000, 0x0800, 0x0800, 0x0800, 0x0820, 0x1040, 0x1020, 0x5100, 0x50E0,
  0x1840, 0x48C0, 0x0000, 0x2060, 0x0820, 0x0000, 0x1840, 0x0820, 0x28A0, 0x38E1, 0x2880, 0x0820,
  0x1860, 0x0000, 0x0000, 0x0000, 0x0000, 0x0000, 0x0000, 0x0840, 0x28A1, 0x20A1, 0x28A1, 0x28A1,
  0x28A1, 0x28A1, 0x28A1, 0x28A1, 0x28A1, 0x28A1, 0x28A1, 0x28A1, 0x28A1, 0x28A1, 0x28A1, 0x28A1,
  0x28A1, 0x28A1, 0x28A1, 0x20A1, 0x20A1, 0x20A1, 0x20A1, 0x20A1, 0x2081, 0x2081, 0x2081, 0x2081,
  0x2081, 0x2081, 0x2081, 0x2081, 0x2081, 0x2081, 0x2081, 0x2081, 0x2081, 0x2081, 0x2081, 0x2081,
  0x2081, 0x2081, 0x2081, 0x2081, 0x2081, 0x2081, 0x2081, 0x2081, 0x2081, 0x2081, 0x2081, 0x2081,
  0x2081, 0x2081, 0x2081, 0x2081, 0x2081, 0x2081, 0x2081, 0x2081, 0x2081, 0x2081, 0x2081, 0x2081,
  0x20A1, 0x20A1, 0x20A1, 0x20A1, 0x20A1, 0x20A1, 0x28A1, 0x28A1, 0x28A1, 0x28A1, 0x28A1, 0x28A1,
  0x28A1, 0x28A1, 0x20A1, 0x20A1, 0x20A1, 0x20A1, 0x20A1, 0x20A1, 0x20A1, 0x20A1, 0x20A1, 0x2081,
  0x2081, 0x2081, 0x2081, 0x2081, 0x2081, 0x2081, 0x2081, 0x2081, 0x2081, 0x2081, 0x20A1, 0x1040,
  0x0000, 0x0000, 0x0820, 0x1020, 0x0000, 0x0000, 0x38E1, 0x4921, 0x40E1, 0x4921, 0x38E1, 0x1040,
  0x0820, 0x1020, 0x0000, 0x0000, 0x0800, 0x0000, 0x0800, 0x1020, 0x0000, 0x2060, 0x48E0, 0x1040,
  0x89E0, 0x4100, 0x0820, 0x1020, 0x0800, 0x0000, 0x0000, 0x0000, 0x0000, 0x0000, 0x2860, 0x50E0,
  0x48C0, 0x40C0, 0x3880, 0x3060, 0x0800, 0x0800, 0x0800, 0x0800, 0x0800, 0x0800, 0x0800, 0x0800,
  0x0800, 0x1020, 0x1020, 0x1020, 0x1020, 0x1020, 0x1020, 0x1020, 0x1020, 0x1040, 0x0000, 0x0820,
  0x1040, 0x1840, 0x1840, 0x1840, 0x1840, 0x1860, 0x2060, 0x2060, 0x2880, 0x30A0, 0x30C0, 0x38C0,
  0x4101, 0x5121, 0x5141, 0x5141, 0x5962, 0x5962, 0x2860, 0x2060, 0x2860, 0x2880, 0x2880, 0x2860,
  0x2060, 0x2040, 0x1840, 0x1820, 0x2040, 0x2840, 0x1820, 0x1820, 0x1020, 0x1020, 0x1020, 0x1020,
  0x1020, 0x1000, 0x0000, 0x0000, 0x0000, 0x0800, 0x0000, 0x0000, 0x0800, 0x3080, 0x3880, 0x38A0,
  0x38A0, 0x40C0, 0x1020, 0x0000, 0x0800, 0x0800, 0x0800, 0x0820, 0x1840, 0x1020, 0x5920, 0x5900,
  0x1840, 0x50E0, 0x0000, 0x2060, 0x1020, 0x0820, 0x2060, 0x1020, 0x30C0, 0x4101, 0x30A0, 0x0820,
  0x1860, 0x0000, 0x0000, 0x0000, 0x0800, 0x0000, 0x0000, 0x1040, 0x28C1, 0x28A1, 0x28A1, 0x28A1,
  0x28A1, 0x28C1, 0x28C1, 0x28C1, 0x28A1, 0x28C1, 0x28C1, 0x28C1, 0x28C1, 0x28C1, 0x28A1, 0x28A1,
  0x28A1, 0x28A1, 0x28A1, 0x28A1, 0x28A1, 0x28A1, 0x28A1, 0x28A1, 0x20A1, 0x20A1, 0x2081, 0x2081,
  0x2081, 0x2081, 0x20A1, 0x20A1, 0x2081, 0x20A1, 0x20A1, 0x2081, 0x2081, 0x2081, 0x2081, 0x2081,
  0x2081, 0x2081, 0x2081, 0x2081, 0x2081, 0x2081, 0x2081, 0x2081, 0x2081, 0x2081, 0x2081, 0x2081,
  0x2081, 0x2081, 0x2081, 0x2081, 0x2081, 0x2081, 0x2081, 0x2081, 0x2081, 0x20A1, 0x28A1, 0x28A1,
  0x28A1, 0x28A1, 0x28A1, 0x28A1, 0x28A1, 0x28A1, 0x28A1, 0x28A1, 0x28A1, 0x28A1, 0x28A1, 0x28A1,
  0x28A1, 0x28A1, 0x28A1, 0x28A1, 0x28A1, 0x28A1, 0x28A1, 0x28A1, 0x28A1, 0x28A1, 0x28A1, 0x28A1,
  0x20A1, 0x2081, 0x2081, 0x2081, 0x2081, 0x20A1, 0x2081, 0x2081, 0x2081, 0x2081, 0x28A1, 0x1040,
  0x0000, 0x0000, 0x1020, 0x1040, 0x0000, 0x0000, 0x40E1, 0x5141, 0x4101, 0x5141, 0x40E1, 0x1840,
  0x1040, 0x1840, 0x0000, 0x0000, 0x0800, 0x0000, 0x0800, 0x1020, 0x0000, 0x2860, 0x48E0, 0x1840,
  0x9201, 0x4900, 0x0820, 0x1040, 0x0800, 0x0000, 0x0000, 0x0000, 0x0000, 0x0000, 0x2860, 0x50E0,
  0x40C0, 0x40A0, 0x3080, 0x2860, 0x0800, 0x0800, 0x0800, 0x0800, 0x0800, 0x0800, 0x0800, 0x0800,
  0x0800, 0x1020, 0x1020, 0x1020, 0x1020, 0x1020, 0x1020, 0x1020, 0x1040, 0x1040, 0x0000, 0x0820,
  0x1040, 0x1840, 0x1840, 0x1840, 0x1840, 0x1860, 0x2060, 0x2060, 0x2880, 0x28A0, 0x30A0, 0x38E0,
  0x40E1, 0x4921, 0x5941, 0x5141, 0x5982, 0x5982, 0x2060, 0x2060, 0x2880, 0x2880, 0x2880, 0x3080,
  0x2860, 0x2860, 0x2040, 0x1820, 0x2040, 0x2860, 0x2040, 0x1820, 0x1820, 0x1820, 0x1020, 0x1020,
  0x1020, 0x1000, 0x0000, 0x0000, 0x0000, 0x0000, 0x0000, 0x0000, 0x0800, 0x3080, 0x3880, 0x38A0,
  0x38A0, 0x40A0, 0x1020, 0x0000, 0x0800, 0x0820, 0x0800, 0x0820, 0x1840, 0x1020, 0x5920, 0x6120,
  0x2060, 0x5900, 0x0000, 0x2060, 0x1020, 0x0820, 0x2880, 0x1040, 0x38C1, 0x4921, 0x38C1, 0x1020,
  0x2060, 0x0000, 0x0000, 0x0800, 0x0820, 0x0000, 0x0000, 0x1040, 0x30C1, 0x28C1, 0x28C1, 0x30C1,
  0x30C1, 0x30C1, 0x30C1, 0x30C1, 0x30C1, 0x30C1, 0x30C1, 0x30C1, 0x30C1, 0x30C1, 0x30C1, 0x28C1,
  0x28C1, 0x28C1, 0x28C1, 0x28C1, 0x28C1, 0x28A1, 0x28A1, 0x28A1, 0x28A1, 0x28A1, 0x28A1, 0x28A1,
  0x28A1, 0x28A1, 0x28A1, 0x28A1, 0x28A1, 0x20A1, 0x20A1, 0x20A1, 0x2081, 0x20A1, 0x2081, 0x2081,
  0x2081, 0x2081, 0x2081, 0x2081, 0x2081, 0x20A1, 0x2081, 0x2081, 0x2081, 0x2081, 0x2081, 0x20A1,
  0x20A1, 0x20A1, 0x20A1, 0x20A1, 0x2081, 0x2081, 0x20A1, 0x2081, 0x28A1, 0x28A1, 0x28A1, 0x28A1,
  0x28A1, 0x28A1, 0x28A1, 0x28A1, 0x28A1, 0x28A1, 0x28C1, 0x28C1, 0x28C1, 0x28C1, 0x28C1, 0x28C1,
  0x28C1, 0x28C1, 0x28A1, 0x28C1, 0x28A1, 0x28A1, 0x28C1, 0x28A1, 0x28A1, 0x28A1, 0x28A1, 0x28A1,
  0x28A1, 0x28A1, 0x28A1, 0x28A1, 0x28A1, 0x28A1, 0x28A1, 0x28A1, 0x28A1, 0x28A1, 0x28A1, 0x1860,
  0x0000, 0x0000, 0x1040, 0x1840, 0x0000, 0x0000, 0x4901, 0x5162, 0x4101, 0x5141, 0x4101, 0x1840,
  0x1040, 0x1840, 0x0000, 0x0800, 0x0820, 0x0000, 0x0800, 0x1820, 0x0000, 0x2860, 0x48E0, 0x1840,
  0x9A21, 0x4900, 0x1020, 0x1040, 0x0820, 0x0800, 0x0000, 0x0000, 0x0000, 0x0000, 0x2860, 0x48E0,
  0x40A0, 0x38A0, 0x3080, 0x2860, 0x0800, 0x0800, 0x0800, 0x0800, 0x0800, 0x0800, 0x0800, 0x0800,
  0x0820, 0x1020, 0x1020, 0x1020, 0x1020, 0x1020, 0x1020, 0x1020, 0x1840, 0x1040, 0x0000, 0x0820,
  0x1040, 0x1840, 0x1840, 0x1840, 0x1860, 0x2060, 0x2060, 0x2080, 0x2880, 0x30A0, 0x38C0, 0x38E1,
  0x4101, 0x4901, 0x5141, 0x5962, 0x6182, 0x5982, 0x2060, 0x2040, 0x2860, 0x3080, 0x3080, 0x3080,
  0x3060, 0x2860, 0x2860, 0x1820, 0x1020, 0x2040, 0x2840, 0x2040, 0x1820, 0x1820, 0x1820, 0x1020,
  0x1000, 0x1000, 0x0000, 0x0000, 0x0000, 0x0000, 0x0000, 0x0000, 0x0800, 0x3060, 0x3880, 0x3880,
  0x38A0, 0x38A0, 0x1020, 0x0000, 0x0800, 0x0820, 0x0820, 0x1020, 0x1840, 0x1040, 0x6140, 0x6940,
  0x2060, 0x5900, 0x0000, 0x2860, 0x1020, 0x0820, 0x30A0, 0x1840, 0x38E1, 0x4921, 0x38E1, 0x1040,
  0x2080, 0x0000, 0x0000, 0x0820, 0x0820, 0x0000, 0x0000, 0x1040, 0x30E1, 0x30C1, 0x30E1, 0x30E1,
  0x30E1, 0x30E1, 0x30E1, 0x30E1, 0x30E1, 0x30C1, 0x30C1, 0x30E1, 0x30E1, 0x30E1, 0x30C1, 0x30C1,
  0x30C1, 0x30C1, 0x30C1, 0x30C1, 0x30C1, 0x28C1, 0x28C1, 0x28C1, 0x28C1, 0x28C1, 0x28A1, 0x28A1,
  0x28A1, 0x28A1, 0x28A1, 0x28A1, 0x28A1, 0x28A1, 0x28A1, 0x28A1, 0x28A1, 0x28A1, 0x20A1, 0x20A1,
  0x20A1, 0x20A1, 0x28A1, 0x20A1, 0x20A1, 0x20A1, 0x20A1, 0x20A1, 0x20A1, 0x20A1, 0x20A1, 0x28A1,
  0x28A1, 0x28A1, 0x28A1, 0x28A1, 0x28A1, 0x28A1, 0x28A1, 0x28A1, 0x28A1, 0x28A1, 0x28A1, 0x28A1,
  0x28A1, 0x28A1, 0x28A1, 0x28C1, 0x28C1, 0x28C1, 0x28C1, 0x30C1, 0x30C1, 0x30C1, 0x30C1, 0x30C1,
  0x30C1, 0x30C1, 0x30C1, 0x30C1, 0x30C1, 0x30C1, 0x30C1, 0x28C1, 0x28C1, 0x28C1, 0x28C1, 0x28C1,
  0x28A1, 0x28A1, 0x28A1, 0x28A1, 0x28A1, 0x28A1, 0x28A1, 0x28A1, 0x28A1, 0x28A1, 0x30C1, 0x1860,
  0x0000, 0x0000, 0x1840, 0x1840, 0x0000, 0x0000, 0x4901, 0x5962, 0x40E1, 0x4921, 0x4101, 0x1860,
  0x1840, 0x1840, 0x0000, 0x0820, 0x0820, 0x0000, 0x0800, 0x1820, 0x0000, 0x2860, 0x5100, 0x1840,
  0xA241, 0x4920, 0x1020, 0x1840, 0x0820, 0x0800, 0x0000, 0x0000, 0x0000, 0x0000, 0x2860, 0x48E0,
  0x40A0, 0x38A0, 0x3080, 0x2860, 0x0000, 0x0800, 0x0800, 0x0800, 0x0800, 0x0800, 0x0800, 0x0800,
  0x0800, 0x1020, 0x1020, 0x1020, 0x1020, 0x1020, 0x1020, 0x1020, 0x1840, 0x1840, 0x0800, 0x0820,
  0x1020, 0x1840, 0x1840, 0x1840, 0x1860, 0x2060, 0x2060, 0x2080, 0x2880, 0x30A0, 0x38C0, 0x38E1,
  0x4101, 0x4921, 0x5141, 0x5961, 0x61A2, 0x5982, 0x2040, 0x1840, 0x2860, 0x3080, 0x3080, 0x3080,
  0x3080, 0x3080, 0x3880, 0x1820, 0x0000, 0x1840, 0x2040, 0x2860, 0x2040, 0x1820, 0x1820, 0x1020,
  0x1020, 0x1000, 0x0000, 0x0000, 0x0000, 0x0000, 0x0000, 0x0000, 0x0800, 0x2860, 0x3080, 0x3880,
  0x3880, 0x38A0, 0x1020, 0x0000, 0x0800, 0x0820, 0x0820, 0x1020, 0x1860, 0x1840, 0x6960, 0x6960,
  0x2060, 0x6120, 0x0000, 0x2880, 0x1840, 0x0820, 0x30A0, 0x1860, 0x4101, 0x4942, 0x38C1, 0x1040,
  0x2880, 0x0000, 0x0000, 0x0820, 0x0820, 0x0000, 0x0000, 0x1040, 0x38E1, 0x30E1, 0x30E1, 0x30E1,
  0x30E1, 0x30E1, 0x30E1, 0x30E1, 0x30E1, 0x30E1, 0x30E1, 0x30E1, 0x30E2, 0x30E2, 0x30E1, 0x30E1,
  0x30C1, 0x30C1, 0x30C1, 0x30C1, 0x30C1, 0x30C1, 0x30C1, 0x30C1, 0x30C1, 0x30C1, 0x30C1, 0x28C1,
  0x28C1, 0x28A1, 0x28A1, 0x28A1, 0x28A1, 0x28A1, 0x28A1, 0x28A1, 0x28A1, 0x28A1, 0x28A1, 0x28A1,
  0x28A1, 0x28A1, 0x28A1, 0x28A1, 0x28A1, 0x28A1, 0x28A1, 0x28A1, 0x28A1, 0x28A1, 0x28A1, 0x28A1,
  0x28A1, 0x28A1, 0x28A1, 0x28A1, 0x28A1, 0x28A1, 0x28A1, 0x28A1, 0x28A1, 0x28A1, 0x28A1, 0x28A1,
  0x28C1, 0x28C1, 0x28C1, 0x30C1, 0x30C1, 0x30C1, 0x30C1, 0x30C1, 0x30C1, 0x30E1, 0x30C1, 0x30C1,
  0x30C1, 0x30C1, 0x30C1, 0x30C1, 0x30C1, 0x30C1, 0x30C1, 0x30C1, 0x30C1, 0x30C1, 0x30C1, 0x30C1,
  0x30C1, 0x30C1, 0x30C1, 0x30C1, 0x30C1, 0x30C1, 0x30C1, 0x28C1, 0x28C1, 0x28C1, 0x30C1, 0x1860,
  0x0000, 0x0000, 0x1840, 0x1840, 0x0000, 0x0000, 0x4901, 0x5962, 0x38E1, 0x4101, 0x4101, 0x2060,
  0x1840, 0x1840, 0x0000, 0x0820, 0x0820, 0x0000, 0x0800, 0x1820, 0x0000, 0x2860, 0x5100, 0x1860,
  0xA261, 0x5121, 0x1020, 0x1840, 0x0820, 0x0800, 0x0000, 0x0000, 0x0000, 0x0000, 0x2860, 0x48C0,
  0x38A0, 0x38A0, 0x3080, 0x2860, 0x0000, 0x0000, 0x0800, 0x0800, 0x0800, 0x0800, 0x0800, 0x0800,
  0x0820, 0x1020, 0x1020, 0x1040, 0x1020, 0x1020, 0x1040, 0x1040, 0x1840, 0x1840, 0x0000, 0x0820,
  0x1040, 0x1840, 0x1840, 0x1860, 0x2060, 0x2060, 0x2080, 0x2080, 0x2880, 0x30A0, 0x38E1, 0x40E1,
  0x4101, 0x4921, 0x5142, 0x5961, 0x61A2, 0x5961, 0x2040, 0x1840, 0x2880, 0x3080, 0x3080, 0x3080,
  0x3880, 0x38A0, 0x40A0, 0x2040, 0x0000, 0x1840, 0x2860, 0x3880, 0x2860, 0x1840, 0x1820, 0x1820,
  0x1020, 0x1020, 0x0000, 0x0800, 0x0000, 0x0000, 0x0000, 0x0000, 0x0800, 0x2860, 0x3080, 0x3880,
  0x3080, 0x38A0, 0x1840, 0x0000, 0x0820, 0x0820, 0x0820, 0x1040, 0x2060, 0x1840, 0x6980, 0x7180,
  0x2080, 0x6140, 0x0000, 0x3080, 0x2060, 0x0820, 0x30A0, 0x2080, 0x4101, 0x4921, 0x30C1, 0x1840,
  0x28A0, 0x0000, 0x0000, 0x0820, 0x1020, 0x0000, 0x0000, 0x1040, 0x38E2, 0x38E1, 0x38E2, 0x38E2,
  0x38E2, 0x38E2, 0x38E2, 0x38E2, 0x38E2, 0x38E2, 0x38E2, 0x38E2, 0x38E2, 0x38E2, 0x38E2, 0x30E1,
  0x30E1, 0x30E1, 0x30E1, 0x30E1, 0x30E1, 0x30E1, 0x30C1, 0x30C1, 0x30C1, 0x30C1, 0x30C1, 0x30C1,
  0x30C1, 0x30C1, 0x30C1, 0x30C1, 0x28C1, 0x28C1, 0x28A1, 0x28C1, 0x28C1, 0x28A1, 0x28A1, 0x28A1,
  0x28A1, 0x28A1, 0x28A1, 0x28A1, 0x28A1, 0x28A1, 0x28A1, 0x28A1, 0x28A1, 0x28A1, 0x28A1, 0x28A1,
  0x28A1, 0x28A1, 0x28A1, 0x28A1, 0x28A1, 0x28A1, 0x28A1, 0x28A1, 0x28A1, 0x28A1, 0x30C1, 0x30C1,
  0x30C1, 0x30C1, 0x30C1, 0x30C1, 0x30C1, 0x30C1, 0x30C1, 0x30C1, 0x30E1, 0x30E1, 0x30E1, 0x30E1,
  0x30E1, 0x30E1, 0x30E1, 0x30C1, 0x30E1, 0x30E1, 0x30E1, 0x30E1, 0x30E1, 0x30E1, 0x30E1, 0x30C1,
  0x30C1, 0x30C1, 0x30C1, 0x30C1, 0x30C1, 0x30C1, 0x30C1, 0x30C1, 0x30C1, 0x30C1, 0x30E1, 0x1860,
  0x0000, 0x0000, 0x1840, 0x1840, 0x0000, 0x0000, 0x4101, 0x5962, 0x30C1, 0x40E1, 0x40E1, 0x2060,
  0x1860, 0x1840, 0x0000, 0x1020, 0x1020, 0x0000, 0x0800, 0x1840, 0x0000, 0x3080, 0x5120, 0x1860,
  0xA261, 0x5141, 0x1840, 0x1840, 0x1020, 0x0800, 0x0000, 0x0000, 0x0000, 0x0000, 0x2860, 0x48C0,
  0x38A0, 0x3880, 0x3080, 0x2860, 0x0000, 0x0000, 0x0800, 0x0800, 0x0800, 0x0800, 0x0800, 0x0800,
  0x0820, 0x1020, 0x1020, 0x1020, 0x1020, 0x1020, 0x1020, 0x1040, 0x1840, 0x1840, 0x0000, 0x0820,
  0x1040, 0x1840, 0x1840, 0x1860, 0x2060, 0x2060, 0x2080, 0x2880, 0x28A0, 0x30A0, 0x38E1, 0x40E1,
  0x4101, 0x4921, 0x5141, 0x5961, 0x6182, 0x5961, 0x2060, 0x2060, 0x2880, 0x3880, 0x3080, 0x3080,
  0x38A0, 0x40A0, 0x50C0, 0x2860, 0x0000, 0x1840, 0x3080, 0x40A0, 0x3080, 0x2040, 0x1820, 0x1820,
  0x1020, 0x1020, 0x0800, 0x0800, 0x0800, 0x0000, 0x0000, 0x0000, 0x0800, 0x2860, 0x3080, 0x3080,
  0x3080, 0x3880, 0x1840, 0x0800, 0x0820, 0x0820, 0x0820, 0x1040, 0x2060, 0x1840, 0x7180, 0x79A0,
  0x2080, 0x6940, 0x0000, 0x30A0, 0x2060, 0x0820, 0x30A0, 0x2080, 0x40E1, 0x4921, 0x30C1, 0x1040,
  0x28A0, 0x0000, 0x0000, 0x0820, 0x1020, 0x0000, 0x0000, 0x1060, 0x3902, 0x38E2, 0x3902, 0x3902,
  0x3902, 0x3902, 0x3902, 0x3902, 0x3902, 0x3902, 0x3902, 0x3902, 0x3902, 0x3902, 0x38E2, 0x38E2,
  0x38E2, 0x38E2, 0x38E1, 0x30E1, 0x30E1, 0x30E1, 0x30E1, 0x30E1, 0x30E1, 0x30E1, 0x30C1, 0x30C1,
  0x30C1, 0x30C1, 0x30C1, 0x30C1, 0x30C1, 0x30C1, 0x30C1, 0x30C1, 0x30C1, 0x28C1, 0x28C1, 0x28C1,
  0x28C1, 0x28C1, 0x28A1, 0x28A1, 0x28A1, 0x28A1, 0x28A1, 0x28A1, 0x28A1, 0x28A1, 0x28A1, 0x28A1,
  0x28A1, 0x28A1, 0x28A1, 0x28C1, 0x28A1, 0x28C1, 0x28C1, 0x28C1, 0x30C1, 0x30C1, 0x30C1, 0x30C1,
  0x30C1, 0x30C1, 0x30C1, 0x30C1, 0x30E1, 0x30E1, 0x30E1, 0x30E1, 0x30E1, 0x38E1, 0x30E1, 0x38E1,
  0x38E1, 0x38E1, 0x38E1, 0x38E1, 0x38E1, 0x38E1, 0x38E1, 0x30E1, 0x30E1, 0x30E1, 0x30E1, 0x30E1,
  0x30E1, 0x30E1, 0x30E1, 0x30E1, 0x30E1, 0x30E1, 0x30E1, 0x30E1, 0x30E1, 0x30E1, 0x38E1, 0x2080,
  0x0000, 0x0000, 0x1840, 0x1860, 0x0000, 0x0000, 0x4101, 0x5141, 0x30C0, 0x38C1, 0x38E0, 0x2060,
  0x1860, 0x1840, 0x0000, 0x1020, 0x1020, 0x0000, 0x0800, 0x1840, 0x0000, 0x3080, 0x5920, 0x1860,
  0xAA81, 0x5141, 0x1840, 0x1860, 0x1020, 0x0800, 0x0800, 0x0800, 0x0000, 0x0000, 0x2860, 0x40C0,
  0x38A0, 0x3880, 0x3080, 0x2060, 0x0000, 0x0000, 0x0800, 0x0800, 0x0800, 0x0800, 0x0800, 0x0800,
  0x0820, 0x1020, 0x1020, 0x1020, 0x1020, 0x1020, 0x1020, 0x1040, 0x1840, 0x1840, 0x0800, 0x0820,
  0x1040, 0x1840, 0x1840, 0x1860, 0x2060, 0x2060, 0x2080, 0x2880, 0x28A0, 0x30A0, 0x38C0, 0x38E1,
  0x4101, 0x4921, 0x5141, 0x5141, 0x5961, 0x5941, 0x2860, 0x2060, 0x2860, 0x3880, 0x38A0, 0x38A0,
  0x40A0, 0x48C0, 0x58E0, 0x2860, 0x0000, 0x3080, 0x40A0, 0x50E0, 0x3880, 0x2840, 0x1840, 0x1820,
  0x1820, 0x1020, 0x0800, 0x0800, 0x0800, 0x0000, 0x0800, 0x0000, 0x0800, 0x2860, 0x3060, 0x3080,
  0x3080, 0x3880, 0x1840, 0x0800, 0x0820, 0x1020, 0x1020, 0x1840, 0x2060, 0x1840, 0x7180, 0x79A0,
  0x2080, 0x6940, 0x0000, 0x30A0, 0x2060, 0x0820, 0x30A0, 0x2060, 0x38E1, 0x4921, 0x30C1, 0x1040,
  0x28A0, 0x0000, 0x0000, 0x1020, 0x1040, 0x0000, 0x0000, 0x1060, 0x3902, 0x3902, 0x3902, 0x4102,
  0x4102, 0x3902, 0x3902, 0x3902, 0x3902, 0x3902, 0x3902, 0x3902, 0x3902, 0x3902, 0x3902, 0x3902,
  0x3902, 0x3902, 0x38E2, 0x38E2, 0x38E2, 0x38E2, 0x38E2, 0x38E1, 0x38E1, 0x30E1, 0x30E1, 0x30E1,
  0x30E1, 0x30E1, 0x30C1, 0x30C1, 0x30C1, 0x30C1, 0x30C1, 0x30C1, 0x30C1, 0x30C1, 0x30C1, 0x30C1,
  0x30C1, 0x28C1, 0x28C1, 0x28C1, 0x28C1, 0x28C1, 0x28C1, 0x28C1, 0x28C1, 0x28C1, 0x28C1, 0x28C1,
  0x28C1, 0x30C1, 0x30C1, 0x30C1, 0x30C1, 0x30C1, 0x30C1, 0x30C1, 0x30C1, 0x30C1, 0x30C1, 0x30C1,
  0x30E1, 0x30E1, 0x30E1, 0x30E1, 0x30E1, 0x38E1, 0x38E1, 0x38E1, 0x38E1, 0x38E1, 0x38E1, 0x38E1,
  0x38E1, 0x38E1, 0x38E1, 0x38E1, 0x38E1, 0x38E1, 0x38E1, 0x38E1, 0x38E1, 0x38E1, 0x38E1, 0x38E1,
  0x38E1, 0x38E1, 0x38E1, 0x38E1, 0x38E1, 0x38E1, 0x38E1, 0x38E1, 0x38E1, 0x38E1, 0x3902, 0x2081,
  0x0000, 0x0000, 0x1860, 0x1860, 0x0000, 0x0000, 0x40E1, 0x4921, 0x30A0, 0x38C0, 0x38C0, 0x1860,
  0x1860, 0x1840, 0x0000, 0x1040, 0x1020, 0x0000, 0x1000, 0x1840, 0x0000, 0x3080, 0x5940, 0x2060,
  0xAA82, 0x5141, 0x1840, 0x1860, 0x1020, 0x0800, 0x0800, 0x0800, 0x0000, 0x0000, 0x2860, 0x48C0,
  0x38A0, 0x3880, 0x3060, 0x2040, 0x0000, 0x0000, 0x0800, 0x0800, 0x0800, 0x0800, 0x0800, 0x0800,
  0x0800, 0x1020, 0x1020, 0x1020, 0x1020, 0x1020, 0x1020, 0x1840, 0x1840, 0x1840, 0x0800, 0x0820,
  0x1040, 0x1840, 0x1860, 0x1860, 0x2060, 0x2060, 0x2080, 0x2880, 0x28A0, 0x30A0, 0x38C0, 0x38E1,
  0x4901, 0x4921, 0x5141, 0x5141, 0x5141, 0x5941, 0x2860, 0x2060, 0x2860, 0x3880, 0x40A0, 0x40C0,
  0x50E0, 0x58E0, 0x6120, 0x38A0, 0x0820, 0x50E0, 0x6100, 0x6100, 0x3880, 0x2860, 0x2040, 0x2040,
  0x1820, 0x1020, 0x0800, 0x0800, 0x0800, 0x0800, 0x0800, 0x0000, 0x0800, 0x2860, 0x2860, 0x3080,
  0x3080, 0x3880, 0x1840, 0x0800, 0x0820, 0x1020, 0x1020, 0x1840, 0x2060, 0x2060, 0x79A0, 0x79A0,
  0x2880, 0x7160, 0x0000, 0x30A0, 0x2060, 0x1020, 0x30A0, 0x2060, 0x38C1, 0x4101, 0x30C1, 0x1840,
  0x2880, 0x0000, 0x0000, 0x1020, 0x1040, 0x0000, 0x0000, 0x1860, 0x4122, 0x3902, 0x4122, 0x4122,
  0x4122, 0x4122, 0x4122, 0x4122, 0x4122, 0x4122, 0x4102, 0x4102, 0x3902, 0x3902, 0x3902, 0x3902,
  0x3902, 0x3902, 0x3902, 0x3902, 0x38E2, 0x38E2, 0x38E2, 0x38E2, 0x38E1, 0x38E2, 0x38E2, 0x38E1,
  0x38E1, 0x38E1, 0x30E1, 0x30E1, 0x30E1, 0x30C1, 0x30E1, 0x30C1, 0x30C1, 0x30C1, 0x30C1, 0x30C1,
  0x30C1, 0x30C1, 0x30C1, 0x30C1, 0x30C1, 0x28C1, 0x30C1, 0x28C1, 0x30C1, 0x30C1, 0x30C1, 0x30C1,
  0x30C1, 0x30C1, 0x30C1, 0x30C1, 0x30C1, 0x30C1, 0x30C1, 0x30C1, 0x30C1, 0x30C1, 0x30E1, 0x30E1,
  0x30E1, 0x38E1, 0x30E1, 0x38E1, 0x38E1, 0x38E1, 0x38E1, 0x38E1, 0x38E2, 0x38E2, 0x38E2, 0x38E2,
  0x38E2, 0x38E2, 0x38E2, 0x38E2, 0x38E2, 0x38E2, 0x38E2, 0x38E2, 0x38E2, 0x38E2, 0x3902, 0x38E2,
  0x38E2, 0x38E2, 0x38E2, 0x38E2, 0x38E2, 0x38E2, 0x38E1, 0x38E1, 0x38E1, 0x38E1, 0x4102, 0x2081,
  0x0000, 0x0000, 0x1860, 0x1860, 0x0000, 0x0000, 0x38C0, 0x4901, 0x28A0, 0x30C0, 0x30C0, 0x1860,
  0x1860, 0x1840, 0x0000, 0x1840, 0x1020, 0x0000, 0x1020, 0x1840, 0x0000, 0x30A0, 0x5940, 0x2060,
  0xAA82, 0x5141, 0x1840, 0x2060, 0x1020, 0x0820, 0x0800, 0x0800, 0x0800, 0x0000, 0x2860, 0x48C0,
  0x38A0, 0x3080, 0x3060, 0x2040, 0x0000, 0x0000, 0x0800, 0x0800, 0x0800, 0x0800, 0x0800, 0x0800,
  0x0820, 0x1020, 0x1020, 0x1040, 0x1020, 0x1040, 0x1840, 0x1840, 0x1840, 0x1840, 0x0800, 0x1020,
  0x1040, 0x1840, 0x1840, 0x1860, 0x2060, 0x2060, 0x2080, 0x2880, 0x28A0, 0x30A0, 0x38C0, 0x40E1,
  0x4101, 0x4921, 0x4921, 0x5141, 0x5141, 0x5961, 0x3080, 0x2860, 0x2860, 0x3880, 0x40A0, 0x48C0,
  0x5900, 0x6120, 0x7980, 0x48E0, 0x1840, 0x7960, 0x7940, 0x6100, 0x3880, 0x3060, 0x2840, 0x2040,
  0x1820, 0x1820, 0x0800, 0x0800, 0x0800, 0x0800, 0x0800, 0x0000, 0x0800, 0x2040, 0x2860, 0x3060,
  0x3060, 0x3880, 0x1840, 0x0800, 0x1020, 0x1020, 0x1020, 0x1840, 0x2880, 0x2060, 0x79A0, 0x79C0,
  0x2880, 0x7180, 0x0000, 0x38A0, 0x2060, 0x1020, 0x30A0, 0x1860, 0x30C0, 0x4101, 0x30C1, 0x1840,
  0x28A0, 0x0000, 0x0000, 0x1020, 0x1040, 0x0000, 0x0000, 0x1860, 0x4122, 0x4122, 0x4122, 0x4122,
  0x4122, 0x4122, 0x4122, 0x4122, 0x4122, 0x4122, 0x4122, 0x4122, 0x4122, 0x4122, 0x4102, 0x4102,
  0x4102, 0x3902, 0x3902, 0x3902, 0x3902, 0x3902, 0x3902, 0x3902, 0x3902, 0x3902, 0x38E2, 0x38E2,
  0x38E2, 0x38E2, 0x38E1, 0x38E1, 0x38E1, 0x38E1, 0x30E1, 0x30E1, 0x30E1, 0x30E1, 0x30C1, 0x30C1,
  0x30C1, 0x30C1, 0x30C1, 0x30C1, 0x30C1, 0x30C1, 0x30C1, 0x30C1, 0x30C1, 0x30C1, 0x30C1, 0x30C1,
  0x30C1, 0x30C1, 0x30C1, 0x30C1, 0x30C1, 0x30C1, 0x30E1, 0x30C1, 0x30E1, 0x30E1, 0x30E1, 0x38E1,
  0x38E1, 0x38E1, 0x38E1, 0x38E1, 0x38E1, 0x38E1, 0x38E1, 0x38E2, 0x38E2, 0x38E2, 0x3902, 0x38E2,
  0x3902, 0x3902, 0x3902, 0x3902, 0x3902, 0x3902, 0x3902, 0x3902, 0x3902, 0x3902, 0x3902, 0x3902,
  0x3902, 0x3902, 0x3902, 0x3902, 0x3902, 0x3902, 0x3902, 0x3902, 0x3902, 0x3902, 0x4122, 0x20A1,
  0x0000, 0x0000, 0x1840, 0x1840, 0x0000, 0x0000, 0x38C0, 0x4101, 0x2880, 0x30A0, 0x30A0, 0x1840,
  0x1860, 0x1840, 0x0000, 0x1840, 0x1020, 0x0000, 0x1020, 0x1840, 0x0000, 0x30A0, 0x5940, 0x2080,
  0xAAA2, 0x5141, 0x1840, 0x2060, 0x1040, 0x0820, 0x0800, 0x0800, 0x0800, 0x0000, 0x2860, 0x48C0,
  0x3880, 0x3080, 0x3060, 0x2040, 0x0000, 0x0000, 0x0800, 0x0800, 0x0800, 0x0800, 0x0800, 0x0800,
  0x0820, 0x1020, 0x1040, 0x1040, 0x1040, 0x1840, 0x1840, 0x1840, 0x1840, 0x1840, 0x0800, 0x1020,
  0x1840, 0x1840, 0x1860, 0x2060, 0x2060, 0x2060, 0x2880, 0x2880, 0x28A0, 0x30A0, 0x38C0, 0x40E1,
  0x40E0, 0x4921, 0x4901, 0x4921, 0x5961, 0x5940, 0x2860, 0x2060, 0x2880, 0x38A0, 0x40C0, 0x50E0,
  0x6140, 0x7140, 0x9A00, 0x6960, 0x2060, 0x7180, 0x8180, 0x9200, 0x6120, 0x3860, 0x3060, 0x2840,
  0x2040, 0x1820, 0x0800, 0x0800, 0x0800, 0x0800, 0x0800, 0x0000, 0x0800, 0x2040, 0x2860, 0x3060,
  0x3060, 0x3080, 0x1840, 0x0820, 0x1020, 0x1020, 0x1020, 0x1840, 0x2880, 0x2060, 0x79C1, 0x81C0,
  0x28A0, 0x7980, 0x0000, 0x38A0, 0x2060, 0x1020, 0x3080, 0x1840, 0x30C0, 0x40E1, 0x30C0, 0x1840,
  0x28A0, 0x0000, 0x0000, 0x1020, 0x1040, 0x0000, 0x0000, 0x1861, 0x4942, 0x4142, 0x4142, 0x4142,
  0x4142, 0x4142, 0x4942, 0x4142, 0x4122, 0x4122, 0x4122, 0x4122, 0x4122, 0x4122, 0x4122, 0x4122,
  0x4122, 0x4122, 0x4122, 0x4102, 0x3902, 0x3902, 0x3902, 0x3902, 0x3902, 0x3902, 0x3902, 0x3902,
  0x3902, 0x38E2, 0x38E2, 0x38E2, 0x38E2, 0x38E2, 0x38E1, 0x38E1, 0x30E1, 0x30E1, 0x30E1, 0x30E1,
  0x30E1, 0x30C1, 0x30C1, 0x30C1, 0x30C1, 0x30C1, 0x30C1, 0x30C1, 0x30C1, 0x30C1, 0x30C1, 0x30E1,
  0x30E1, 0x30E1, 0x30E1, 0x30E1, 0x30E1, 0x30E1, 0x30E1, 0x30E1, 0x30E1, 0x38E1, 0x38E1, 0x38E2,
  0x38E1, 0x38E1, 0x38E1, 0x38E1, 0x38E1, 0x38E2, 0x38E1, 0x3902, 0x3902, 0x3902, 0x3902, 0x3902,
  0x3902, 0x3902, 0x3902, 0x3902, 0x3902, 0x3902, 0x4102, 0x4102, 0x4102, 0x4102, 0x4102, 0x4102,
  0x4102, 0x4102, 0x3902, 0x3902, 0x3902, 0x3902, 0x3902, 0x4102, 0x3902, 0x3902, 0x4122, 0x20A1,
  0x0000, 0x0000, 0x1840, 0x1840, 0x0000, 0x0000, 0x38C0, 0x40E1, 0x2080, 0x2880, 0x28A0, 0x1840,
  0x1840, 0x1840, 0x0000, 0x1840, 0x1020, 0x0000, 0x1020, 0x1840, 0x0000, 0x30A0, 0x5940, 0x2880,
  0xB2A2, 0x5141, 0x1840, 0x2060, 0x1040, 0x0820, 0x0800, 0x0800, 0x0800, 0x0000, 0x2860, 0x40A0,
  0x3880, 0x3080, 0x3060, 0x2040, 0x0000, 0x0000, 0x0800, 0x0800, 0x0800, 0x0800, 0x0800, 0x1000,
  0x0820, 0x1040, 0x1040, 0x1020, 0x1040, 0x1840, 0x1840, 0x1840, 0x1840, 0x1840, 0x0800, 0x1020,
  0x1840, 0x1840, 0x1860, 0x2060, 0x2060, 0x2060, 0x2080, 0x2880, 0x30A0, 0x30C0, 0x38C0, 0x38E0,
  0x38E0, 0x4101, 0x4921, 0x5121, 0x5141, 0x5940, 0x2860, 0x2040, 0x3080, 0x40C0, 0x48C0, 0x5900,
  0x6940, 0x81A0, 0xB280, 0x81E0, 0x2060, 0x9AA1, 0xB2E2, 0xC4A9, 0x9A82, 0x48A0, 0x3880, 0x2860,
  0x2040, 0x2040, 0x1000, 0x0800, 0x0800, 0x0800, 0x0800, 0x0000, 0x0800, 0x2040, 0x2860, 0x3060,
  0x3060, 0x3880, 0x1840, 0x0820, 0x1020, 0x1040, 0x1020, 0x1840, 0x2880, 0x2060, 0x79C1, 0x81C0,
  0x30A0, 0x79A0, 0x0000, 0x38C0, 0x2060, 0x1020, 0x3080, 0x1840, 0x30A0, 0x38E1, 0x30A0, 0x1840,
  0x2880, 0x0000, 0x0000, 0x1020, 0x1840, 0x0000, 0x0000, 0x1881, 0x4963, 0x4942, 0x4942, 0x4942,
  0x4942, 0x4942, 0x4942, 0x4942, 0x4942, 0x4942, 0x4942, 0x4942, 0x4942, 0x4942, 0x4122, 0x4122,
  0x4122, 0x4122, 0x4122, 0x4122, 0x4122, 0x4102, 0x4102, 0x4102, 0x4102, 0x3902, 0x3902, 0x3902,
  0x3902, 0x3902, 0x3902, 0x3902, 0x38E2, 0x38E2, 0x38E1, 0x38E1, 0x38E1, 0x38E1, 0x30E1, 0x30E1,
  0x30E1, 0x30E1, 0x30E1, 0x30E1, 0x30E1, 0x30E1, 0x30C1, 0x30C1, 0x30E1, 0x30E1, 0x30E1, 0x30E1,
  0x30E1, 0x30E1, 0x30E1, 0x30E1, 0x30E1, 0x30E1, 0x30E1, 0x38E1, 0x38E1, 0x38E1, 0x38E1, 0x38E2,
  0x38E1, 0x38E1, 0x38E1, 0x38E1, 0x38E2, 0x3902, 0x3902, 0x3902, 0x3902, 0x3902, 0x4102, 0x4102,
  0x4102, 0x4102, 0x4102, 0x4102, 0x4102, 0x4102, 0x4102, 0x4102, 0x4102, 0x4122, 0x4122, 0x4122,
  0x4102, 0x4122, 0x4102, 0x4102, 0x4102, 0x4102, 0x4122, 0x4122, 0x4122, 0x4122, 0x4942, 0x28A1,
  0x0000, 0x0000, 0x1840, 0x1840, 0x0000, 0x0000, 0x38C0, 0x38E0, 0x2060, 0x2880, 0x28A0, 0x1840,
  0x1840, 0x1840, 0x0000, 0x1040, 0x1020, 0x0000, 0x1020, 0x1840, 0x0000, 0x30A0, 0x5940, 0x2880,
  0xB2C2, 0x5141, 0x2040, 0x2060, 0x1040, 0x0820, 0x0820, 0x0820, 0x0800, 0x0000, 0x2860, 0x40A0,
  0x3880, 0x3080, 0x3060, 0x2040, 0x0000, 0x0800, 0x0800, 0x0800, 0x0800, 0x0800, 0x0800, 0x1000,
  0x0820, 0x1040, 0x1840, 0x1840, 0x1840, 0x1840, 0x1840, 0x1840, 0x1840, 0x1860, 0x0800, 0x1020,
  0x1840, 0x1840, 0x1860, 0x2060, 0x2060, 0x2060, 0x2080, 0x2880, 0x28A0, 0x30A0, 0x38C0, 0x38E1,
  0x38E1, 0x4101, 0x4901, 0x4921, 0x5141, 0x5940, 0x2060, 0x2860, 0x3080, 0x48C0, 0x50E0, 0x5900,
  0x7160, 0x91E0, 0xC301, 0x8A21, 0x2880, 0xB362, 0xC406, 0xC638, 0xAB88, 0x60C0, 0x40A0, 0x3060,
  0x2840, 0x2040, 0x1000, 0x0800, 0x0800, 0x0800, 0x0800, 0x0000, 0x0800, 0x2040, 0x2860, 0x3060,
  0x3060, 0x3880, 0x1840, 0x0820, 0x1020, 0x1040, 0x1040, 0x1840, 0x2880, 0x2060, 0x79C1, 0x81E0,
  0x28A0, 0x79A0, 0x0000, 0x40C0, 0x2060, 0x1040, 0x3080, 0x1840, 0x30A0, 0x38C0, 0x28A0, 0x1840,
  0x2880, 0x0000, 0x0000, 0x1020, 0x1840, 0x0000, 0x0000, 0x1881, 0x5163, 0x4963, 0x4963, 0x4963,
  0x4963, 0x4963, 0x4963, 0x4963, 0x4963, 0x4943, 0x4943, 0x4943, 0x4942, 0x4942, 0x4942, 0x4942,
  0x4942, 0x4942, 0x4142, 0x4122, 0x4122, 0x4122, 0x4122, 0x4122, 0x4102, 0x4102, 0x4102, 0x4102,
  0x4102, 0x3902, 0x3902, 0x3902, 0x3902, 0x3902, 0x38E2, 0x38E2, 0x38E2, 0x38E1, 0x38E1, 0x38E1,
  0x38E1, 0x38E1, 0x38E1, 0x30E1, 0x30E1, 0x30E1, 0x30E1, 0x30E1, 0x30E1, 0x30E1, 0x30E1, 0x30E1,
  0x30E1, 0x30E1, 0x30E1, 0x38E1, 0x38E1, 0x38E1, 0x38E1, 0x38E1, 0x38E1, 0x38E1, 0x38E1, 0x38E1,
  0x38E2, 0x38E1, 0x38E1, 0x38E2, 0x38E2, 0x38E2, 0x3902, 0x3902, 0x3902, 0x4102, 0x4102, 0x4102,
  0x4102, 0x4102, 0x4102, 0x4102, 0x4122, 0x4102, 0x4122, 0x4122, 0x4122, 0x4122, 0x4122, 0x4122,
  0x4122, 0x4122, 0x4122, 0x4122, 0x4122, 0x4122, 0x4122, 0x4122, 0x4122, 0x4122, 0x4942, 0x28A1,
  0x0000, 0x0000, 0x1840, 0x1840, 0x0000, 0x0000, 0x30A0, 0x38C0, 0x1860, 0x2080, 0x2880, 0x1840,
  0x1840, 0x1840, 0x0000, 0x1040, 0x1020, 0x0000, 0x1020, 0x1840, 0x0000, 0x30A0, 0x5940, 0x2880,
  0xB2C2, 0x5961, 0x2060, 0x2060, 0x1040, 0x0820, 0x0820, 0x0820, 0x0800, 0x0000, 0x2860, 0x40A0,
  0x3880, 0x3080, 0x2860, 0x2040, 0x0000, 0x0800, 0x0800, 0x0800, 0x0800, 0x0800, 0x0800, 0x1000,
  0x0820, 0x1840, 0x1840, 0x1840, 0x1840, 0x1840, 0x1840, 0x1840, 0x1840, 0x1860, 0x0800, 0x1020,
  0x1840, 0x1840, 0x1860, 0x2060, 0x2060, 0x2060, 0x2880, 0x2880, 0x2880, 0x30A0, 0x38C0, 0x38E0,
  0x40E1, 0x4901, 0x4901, 0x4921, 0x5141, 0x5920, 0x2860, 0x2860, 0x3080, 0x40C0, 0x50E0, 0x6120,
  0x7160, 0x91E0, 0xBB01, 0x8A21, 0x2880, 0xB383, 0xC405, 0xC5F4, 0xA325, 0x58C0, 0x40A0, 0x3080,
  0x2840, 0x2040, 0x1000, 0x0800, 0x0800, 0x0800, 0x0800, 0x0000, 0x0800, 0x2040, 0x2860, 0x3060,
  0x3080, 0x3880, 0x1840, 0x0820, 0x1020, 0x1040, 0x1040, 0x1840, 0x2880, 0x2860, 0x79C1, 0x81E0,
  0x28A0, 0x79A0, 0x0000, 0x40C0, 0x2060, 0x1020, 0x2880, 0x1840, 0x30A0, 0x30C0, 0x28A0, 0x1840,
  0x2880, 0x0000, 0x0000, 0x1020, 0x1840, 0x0000, 0x0000, 0x1881, 0x5183, 0x4963, 0x5183, 0x5183,
  0x5183, 0x5183, 0x5183, 0x5163, 0x5163, 0x5163, 0x4963, 0x4963, 0x4963, 0x4963, 0x4963, 0x4963,
  0x4942, 0x4942, 0x4942, 0x4942, 0x4942, 0x4122, 0x4122, 0x4122, 0x4122, 0x4122, 0x4122, 0x4102,
  0x4122, 0x4102, 0x4102, 0x3902, 0x3902, 0x3902, 0x3902, 0x38E2, 0x38E2, 0x38E2, 0x38E1, 0x38E1,
  0x38E1, 0x38E1, 0x38E1, 0x38E2, 0x38E1, 0x38E1, 0x38E1, 0x38E2, 0x38E2, 0x38E2, 0x38E2, 0x38E2,
  0x38E2, 0x38E2, 0x38E1, 0x38E1, 0x38E1, 0x38E1, 0x38E1, 0x38E2, 0x38E1, 0x38E2, 0x38E2, 0x38E2,
  0x38E2, 0x38E2, 0x38E2, 0x38E2, 0x3902, 0x3902, 0x3902, 0x3902, 0x4102, 0x4102, 0x4102, 0x4102,
  0x4122, 0x4122, 0x4122, 0x4122, 0x4122, 0x4122, 0x4122, 0x4122, 0x4122, 0x4122, 0x4122, 0x4122,
  0x4122, 0x4122, 0x4122, 0x4122, 0x4122, 0x4122, 0x4122, 0x4942, 0x4942, 0x4942, 0x4942, 0x28A1,
  0x0000, 0x0000, 0x1840, 0x1840, 0x0000, 0x0000, 0x30A0, 0x38C0, 0x1840, 0x2080, 0x2880, 0x1840,
  0x1840, 0x1840, 0x0000, 0x1040, 0x1020, 0x0000, 0x1020, 0x2040, 0x0000, 0x30A0, 0x5940, 0x2880,
  0xB2C2, 0x5941, 0x2040, 0x2060, 0x1040, 0x0820, 0x0820, 0x0820, 0x0800, 0x0000, 0x2860, 0x40A0,
  0x3080, 0x3060, 0x2860, 0x2040, 0x0000, 0x0800, 0x0800, 0x0800, 0x0800, 0x0800, 0x0800, 0x1000,
  0x0820, 0x1040, 0x1840, 0x1040, 0x1840, 0x1840, 0x1840, 0x1840, 0x1840, 0x1860, 0x0800, 0x0820,
  0x1840, 0x1840, 0x1860, 0x2060, 0x2060, 0x2080, 0x2880, 0x2080, 0x2880, 0x30A0, 0x38C0, 0x38E1,
  0x40E1, 0x4101, 0x4901, 0x4901, 0x5141, 0x5920, 0x2860, 0x2060, 0x2880, 0x40A0, 0x40C0, 0x5900,
  0x6940, 0x81C0, 0xAA80, 0x71A0, 0x1860, 0xA2A1, 0xA260, 0xBB63, 0x8A00, 0x48A0, 0x40A0, 0x3060,
  0x2840, 0x2040, 0x1000, 0x0800, 0x0800, 0x0800, 0x0800, 0x0000, 0x0800, 0x2040, 0x2860, 0x3060,
  0x3080, 0x3880, 0x1840, 0x0820, 0x1020, 0x1020, 0x1020, 0x1840, 0x2880, 0x2860, 0x79C1, 0x81C0,
  0x30A0, 0x81C0, 0x0000, 0x40C0, 0x2040, 0x1020, 0x2860, 0x1040, 0x3080, 0x30A0, 0x2880, 0x1040,
  0x2880, 0x0000, 0x0000, 0x1020, 0x1040, 0x0000, 0x0000, 0x1881, 0x5183, 0x5183, 0x5183, 0x51A3,
  0x51A3, 0x5183, 0x5183, 0x5183, 0x5183, 0x5183, 0x5183, 0x5183, 0x5183, 0x5183, 0x5183, 0x5163,
  0x5163, 0x4963, 0x4963, 0x4963, 0x4942, 0x4942, 0x4942, 0x4942, 0x4122, 0x4122, 0x4122, 0x4122,
  0x4122, 0x4122, 0x4122, 0x4102, 0x4102, 0x3902, 0x3902, 0x3902, 0x3902, 0x3902, 0x3902, 0x38E2,
  0x38E2, 0x38E2, 0x38E1, 0x38E1, 0x38E1, 0x38E1, 0x38E1, 0x38E2, 0x38E2, 0x38E2, 0x38E2, 0x38E2,
  0x38E2, 0x38E2, 0x38E2, 0x38E1, 0x38E1, 0x38E1, 0x38E1, 0x38E2, 0x38E2, 0x38E2, 0x38E1, 0x38E1,
  0x38E1, 0x3902, 0x3902, 0x3902, 0x3902, 0x3902, 0x4102, 0x4102, 0x4102, 0x4122, 0x4122, 0x4122,
  0x4122, 0x4122, 0x4122, 0x4122, 0x4922, 0x4922, 0x4922, 0x4122, 0x4922, 0x4942, 0x4942, 0x4942,
  0x4942, 0x4942, 0x4942, 0x4942, 0x4942, 0x4942, 0x4942, 0x4942, 0x4942, 0x4942, 0x5162, 0x28C1,
  0x0000, 0x0000, 0x1840, 0x1840, 0x0000, 0x0000, 0x2880, 0x38A0, 0x1840, 0x2060, 0x2880, 0x1840,
  0x1840, 0x1840, 0x0000, 0x1040, 0x1020, 0x0000, 0x1020, 0x2040, 0x0000, 0x38A0, 0x5920, 0x2880,
  0xB2C2, 0x5141, 0x2040, 0x2060, 0x1040, 0x0820, 0x0820, 0x0820, 0x0800, 0x0000, 0x2860, 0x40A0,
  0x3080, 0x3060, 0x2860, 0x2040, 0x0000, 0x0800, 0x0800, 0x0800, 0x0800, 0x0800, 0x0800, 0x1000,
  0x0820, 0x1020, 0x1840, 0x1840, 0x1840, 0x1840, 0x1840, 0x1840, 0x1840, 0x1860, 0x0800, 0x1020,
  0x1840, 0x1840, 0x1860, 0x2060, 0x2060, 0x2060, 0x2880, 0x2880, 0x2880, 0x30A0, 0x38C0, 0x38E1,
  0x40E1, 0x40E1, 0x40E1, 0x4101, 0x5121, 0x5920, 0x2860, 0x2060, 0x2060, 0x38A0, 0x40C0, 0x50E0,
  0x6120, 0x7960, 0x9A00, 0x6140, 0x1040, 0x7980, 0x91E0, 0x81C1, 0x5921, 0x4080, 0x3880, 0x2860,
  0x2040, 0x1840, 0x1000, 0x0800, 0x0800, 0x0800, 0x0800, 0x0800, 0x0800, 0x2040, 0x2860, 0x3060,
  0x3080, 0x3880, 0x1840, 0x0820, 0x1040, 0x1040, 0x1040, 0x1840, 0x2880, 0x2860, 0x79C1, 0x81E0,
  0x30A0, 0x81C0, 0x0000, 0x40C0, 0x2040, 0x1020, 0x2860, 0x1020, 0x3080, 0x30A0, 0x2880, 0x1040,
  0x2080, 0x0000, 0x0000, 0x1020, 0x1840, 0x0000, 0x0000, 0x1881, 0x59A3, 0x5183, 0x59A3, 0x59A3,
  0x59A3, 0x59A3, 0x59A3, 0x59A3, 0x59A3, 0x59A3, 0x59A3, 0x59A3, 0x5183, 0x5183, 0x5183, 0x5183,
  0x5183, 0x5183, 0x5163, 0x5163, 0x4963, 0x4963, 0x4942, 0x4942, 0x4942, 0x4942, 0x4942, 0x4122,
  0x4122, 0x4122, 0x4122, 0x4122, 0x4122, 0x4102, 0x4102, 0x4102, 0x3902, 0x3902, 0x3902, 0x3902,
  0x3902, 0x38E2, 0x38E2, 0x38E1, 0x38E1, 0x38E1, 0x38E1, 0x38E2, 0x38E1, 0x38E1, 0x38E1, 0x38E2,
  0x38E2, 0x38E1, 0x38E1, 0x38E1, 0x38E1, 0x38E2, 0x38E2, 0x38E2, 0x38E2, 0x38E2, 0x3902, 0x3902,
  0x3902, 0x3902, 0x3902, 0x3902, 0x4102, 0x4102, 0x4102, 0x4102, 0x4102, 0x4122, 0x4122, 0x4122,
  0x4122, 0x4922, 0x4922, 0x4922, 0x4922, 0x4942, 0x4942, 0x4942, 0x4942, 0x4942, 0x4942, 0x4942,
  0x4942, 0x4942, 0x4942, 0x4942, 0x4942, 0x4942, 0x4942, 0x4942, 0x4942, 0x4942, 0x5163, 0x28C1,
  0x0000, 0x0000, 0x1840, 0x1020, 0x0000, 0x0000, 0x2880, 0x30A0, 0x1840, 0x2060, 0x2880, 0x1840,
  0x1040, 0x1840, 0x0000, 0x1040, 0x1020, 0x0000, 0x1020, 0x2040, 0x0000, 0x38A0, 0x5940, 0x2880,
  0xB2C2, 0x5161, 0x2040, 0x2060, 0x1840, 0x0820, 0x0820, 0x0820, 0x0800, 0x0000, 0x2860, 0x40A0,
  0x3060, 0x3060, 0x2860, 0x2040, 0x0000, 0x0800, 0x0800, 0x0800, 0x0800, 0x0800, 0x0800, 0x1000,
  0x0820, 0x1020, 0x1840, 0x1040, 0x1840, 0x1840, 0x1840, 0x1840, 0x1840, 0x1860, 0x0800, 0x1020,
  0x1840, 0x1840, 0x1860, 0x2060, 0x2060, 0x2060, 0x2080, 0x2880, 0x2880, 0x30A0, 0x38C1, 0x38C1,
  0x38E1, 0x4101, 0x40E1, 0x4101, 0x5141, 0x5120, 0x2860, 0x2040, 0x2060, 0x3880, 0x38A0, 0x48C0,
  0x50E0, 0x5900, 0x7980, 0x48E0, 0x0800, 0x7160, 0x89A0, 0x6920, 0x50C0, 0x3880, 0x2860, 0x2860,
  0x2040, 0x1820, 0x0800, 0x0800, 0x0800, 0x0800, 0x0800, 0x0000, 0x0800, 0x2040, 0x2860, 0x3060,
  0x3080, 0x3080, 0x1840, 0x0820, 0x1040, 0x1040, 0x1040, 0x1860, 0x2880, 0x2060, 0x79C1, 0x81E0,
  0x30A0, 0x81C0, 0x0000, 0x40C0, 0x1840, 0x1040, 0x2880, 0x1020, 0x3080, 0x2880, 0x2880, 0x1840,
  0x2060, 0x0000, 0x0000, 0x1020, 0x1840, 0x0000, 0x0000, 0x2081, 0x59A3, 0x59A3, 0x59A3, 0x59C4,
  0x59C4, 0x59C4, 0x59C4, 0x59C4, 0x59C4, 0x59C4, 0x59A4, 0x59A3, 0x59A3, 0x59A3, 0x59A3, 0x59A3,
  0x5183, 0x5183, 0x5183, 0x5183, 0x5163, 0x5163, 0x4963, 0x4962, 0x4942, 0x4942, 0x4942, 0x4942,
  0x4922, 0x4122, 0x4122, 0x4122, 0x4122, 0x4122, 0x4122, 0x4102, 0x4102, 0x4102, 0x3902, 0x3902,
  0x3902, 0x3902, 0x3902, 0x38E2, 0x38E2, 0x38E2, 0x38E1, 0x38E2, 0x38E2, 0x38E2, 0x38E2, 0x38E2,
  0x38E2, 0x38E2, 0x38E2, 0x38E2, 0x38E2, 0x38E2, 0x38E2, 0x38E2, 0x38E2, 0x38E2, 0x3902, 0x3902,
  0x3902, 0x4102, 0x4102, 0x4102, 0x4102, 0x4102, 0x4102, 0x4102, 0x4102, 0x4122, 0x4122, 0x4122,
  0x4122, 0x4922, 0x4942, 0x4942, 0x4922, 0x4942, 0x4942, 0x4942, 0x4942, 0x4942, 0x4942, 0x4942,
  0x4942, 0x4942, 0x4942, 0x4942, 0x4942, 0x4942, 0x4963, 0x4963, 0x5163, 0x4963, 0x5983, 0x28C1,
  0x0000, 0x0000, 0x1840, 0x1020, 0x0000, 0x0000, 0x2880, 0x30A0, 0x1840, 0x1860, 0x2880, 0x1840,
  0x1040, 0x1840, 0x0000, 0x1040, 0x1020, 0x0000, 0x1020, 0x2040, 0x0000, 0x38A0, 0x5940, 0x2880,
  0xB2C2, 0x5961, 0x2040, 0x2060, 0x1040, 0x0820, 0x0820, 0x0820, 0x0800, 0x0000, 0x2860, 0x4080,
  0x3060, 0x2860, 0x2840, 0x1840, 0x0000, 0x0800, 0x0800, 0x0800, 0x0800, 0x0800, 0x0800, 0x1000,
  0x0820, 0x1020, 0x1040, 0x1020, 0x1040, 0x1840, 0x1840, 0x1840, 0x1840, 0x1860, 0x0800, 0x0820,
  0x1840, 0x1840, 0x1840, 0x1860, 0x2060, 0x2060, 0x2060, 0x2880, 0x2880, 0x30A0, 0x30A0, 0x38C0,
  0x38C0, 0x40E1, 0x4101, 0x40E1, 0x4921, 0x4900, 0x2040, 0x1840, 0x2040, 0x3080, 0x3880, 0x38A0,
  0x48C0, 0x50E0, 0x6920, 0x40C0, 0x0800, 0x48E0, 0x6100, 0x6120, 0x48A0, 0x3080, 0x2860, 0x2040,
  0x1820, 0x1820, 0x0800, 0x0800, 0x0800, 0x0800, 0x0800, 0x0000, 0x0800, 0x2040, 0x2860, 0x3060,
  0x3060, 0x3060, 0x1840, 0x0820, 0x1040, 0x1040, 0x1040, 0x1840, 0x2880, 0x2060, 0x79C1, 0x81C0,
  0x28A0, 0x81A0, 0x0000, 0x40C0, 0x2040, 0x1020, 0x2860, 0x0820, 0x2880, 0x2880, 0x2880, 0x1040,
  0x2060, 0x0000, 0x0000, 0x1020, 0x1840, 0x0000, 0x0000, 0x20A1, 0x59C4, 0x59A3, 0x59C4, 0x59C4,
  0x61C4, 0x61C4, 0x61E4, 0x61C4, 0x61C4, 0x59C4, 0x59C4, 0x59C4, 0x59C4, 0x59C4, 0x59C4, 0x59A3,
  0x59A3, 0x59A3, 0x59A3, 0x5183, 0x5183, 0x5183, 0x5163, 0x5163, 0x5163, 0x4962, 0x4942, 0x4942,
  0x4942, 0x4942, 0x4142, 0x4122, 0x4122, 0x4122, 0x4122, 0x4122, 0x4122, 0x4122, 0x4102, 0x4102,
  0x3902, 0x3902, 0x3902, 0x3902, 0x3902, 0x3902, 0x3902, 0x3902, 0x38E2, 0x38E2, 0x38E2, 0x38E2,
  0x38E2, 0x3902, 0x3902, 0x38E2, 0x38E2, 0x3902, 0x3902, 0x3902, 0x38E2, 0x3901, 0x3902, 0x3902,
  0x4102, 0x4102, 0x4102, 0x4102, 0x4102, 0x4102, 0x4102, 0x4122, 0x4122, 0x4122, 0x4122, 0x4922,
  0x4922, 0x4922, 0x4942, 0x4942, 0x4942, 0x4942, 0x4942, 0x4942, 0x4942, 0x4942, 0x4963, 0x5163,
  0x5163, 0x5163, 0x5163, 0x5162, 0x5163, 0x5163, 0x5163, 0x5163, 0x5163, 0x5163, 0x59A3, 0x30C1,
  0x0000, 0x0000, 0x1840, 0x1020, 0x0000, 0x0000, 0x2880, 0x3080, 0x1040, 0x1860, 0x2080, 0x1840,
  0x1020, 0x1840, 0x0000, 0x1020, 0x1020, 0x0000, 0x1020, 0x2040, 0x0000, 0x38A0, 0x5940, 0x2880,
  0xB2C2, 0x5141, 0x2040, 0x2060, 0x1840, 0x0820, 0x0820, 0x0820, 0x0800, 0x0000, 0x2860, 0x3880,
  0x3060, 0x2840, 0x2040, 0x1820, 0x0000, 0x0800, 0x0800, 0x0800, 0x0800, 0x0800, 0x0800, 0x1000,
  0x0820, 0x1020, 0x1020, 0x1020, 0x1020, 0x1020, 0x1020, 0x1040, 0x1840, 0x1860, 0x0800, 0x0820,
  0x1840, 0x1840, 0x1840, 0x1840, 0x1860, 0x2060, 0x2080, 0x2880, 0x2880, 0x30A0, 0x30A0, 0x30A0,
  0x38C0, 0x40E0, 0x40E1, 0x40E0, 0x4101, 0x40E0, 0x1840, 0x1840, 0x2060, 0x3080, 0x3080, 0x38A0,
  0x40A0, 0x48C0, 0x58E0, 0x40A0, 0x0800, 0x3880, 0x48C0, 0x58E0, 0x3880, 0x3060, 0x2040, 0x2040,
  0x1820, 0x1820, 0x0800, 0x0800, 0x0800, 0x0800, 0x0800, 0x0000, 0x0800, 0x2040, 0x2860, 0x3060,
  0x3060, 0x3060, 0x1840, 0x0820, 0x1040, 0x1040, 0x1040, 0x1840, 0x2880, 0x2860, 0x79C1, 0x81E0,
  0x28A0, 0x79A0, 0x0000, 0x40C0, 0x2040, 0x1020, 0x2860, 0x0820, 0x2880, 0x2880, 0x2880, 0x1020,
  0x2060, 0x0000, 0x0000, 0x1020, 0x1840, 0x0000, 0x0000, 0x20A1, 0x61C4, 0x59C4, 0x59E4, 0x61E4,
  0x61E4, 0x61E4, 0x61E4, 0x61E4, 0x61E4, 0x61E4, 0x61E4, 0x61E4, 0x61E4, 0x61C4, 0x59C4, 0x59C4,
  0x59C4, 0x59C3, 0x59A3, 0x59A3, 0x59A3, 0x51A3, 0x5183, 0x5183, 0x5163, 0x5163, 0x4963, 0x4962,
  0x4942, 0x4942, 0x4942, 0x4942, 0x4922, 0x4922, 0x4922, 0x4122, 0x4122, 0x4122, 0x4122, 0x4122,
  0x4102, 0x4102, 0x3902, 0x3902, 0x3902, 0x3902, 0x3902, 0x3902, 0x3902, 0x3902, 0x3902, 0x3902,
  0x3902, 0x3902, 0x3902, 0x3902, 0x3902, 0x3902, 0x3902, 0x3902, 0x3902, 0x3902, 0x4102, 0x4102,
  0x4102, 0x4102, 0x4102, 0x4122, 0x4122, 0x4122, 0x4122, 0x4122, 0x4122, 0x4922, 0x4922, 0x4922,
  0x4922, 0x4942, 0x4942, 0x4942, 0x4942, 0x4942, 0x4942, 0x4962, 0x5162, 0x5163, 0x5163, 0x5163,
  0x5163, 0x5163, 0x5163, 0x5163, 0x5163, 0x5183, 0x5183, 0x5183, 0x5183, 0x5183, 0x59A3, 0x30E1,
  0x0000, 0x0000, 0x1840, 0x1020, 0x0000, 0x0000, 0x2860, 0x2880, 0x1020, 0x1840, 0x2060, 0x1840,
  0x1020, 0x1840, 0x0000, 0x1020, 0x1020, 0x0000, 0x1020, 0x2040, 0x0000, 0x38A0, 0x5940, 0x2880,
  0xB2C2, 0x5961, 0x2040, 0x2060, 0x1040, 0x0820, 0x0820, 0x0820, 0x0800, 0x0000, 0x2860, 0x3880,
  0x3060, 0x2840, 0x2040, 0x1820, 0x0000, 0x0800, 0x0800, 0x0800, 0x0800, 0x0800, 0x0800, 0x1000,
  0x0820, 0x0820, 0x0800, 0x0820, 0x0800, 0x0820, 0x1020, 0x1020, 0x1020, 0x1840, 0x0800, 0x1020,
  0x1040, 0x1040, 0x1040, 0x1040, 0x1840, 0x1840, 0x2060, 0x2060, 0x2060, 0x2880, 0x2880, 0x30A0,
  0x30C0, 0x38C0, 0x38E0, 0x38E0, 0x4101, 0x40E0, 0x1840, 0x1840, 0x2060, 0x3080, 0x3080, 0x3080,
  0x3880, 0x38A0, 0x50E0, 0x3880, 0x0000, 0x2860, 0x3880, 0x48C0, 0x3080, 0x2840, 0x2040, 0x1840,
  0x1820, 0x1020, 0x0800, 0x0800, 0x0800, 0x0800, 0x0800, 0x0000, 0x0800, 0x2040, 0x2840, 0x2860,
  0x3060, 0x3060, 0x1840, 0x0820, 0x1040, 0x1040, 0x1040, 0x1840, 0x2880, 0x2060, 0x79C1, 0x81E1,
  0x30A0, 0x81A0, 0x0000, 0x40C0, 0x1840, 0x1020, 0x2860, 0x0800, 0x2880, 0x2880, 0x2060, 0x1020,
  0x2060, 0x0000, 0x0000, 0x1020, 0x1840, 0x0000, 0x0000, 0x20A1, 0x61E4, 0x59C4, 0x61E4, 0x61E4,
  0x61E4, 0x61E4, 0x61E4, 0x61E4, 0x61E4, 0x61E4, 0x61E4, 0x61E4, 0x61E4, 0x61E4, 0x61E4, 0x61C4,
  0x59C4, 0x59C4, 0x59C3, 0x59C3, 0x59A3, 0x59A3, 0x59A3, 0x5183, 0x5183, 0x5163, 0x5163, 0x4963,
  0x4963, 0x4963, 0x4942, 0x4942, 0x4942, 0x4942, 0x4942, 0x4922, 0x4122, 0x4122, 0x4122, 0x4122,
  0x4122, 0x4102, 0x4102, 0x4102, 0x4102, 0x4102, 0x3902, 0x3902, 0x3902, 0x3902, 0x3902, 0x3902,
  0x3901, 0x3902, 0x3902, 0x3902, 0x3902, 0x3902, 0x3902, 0x3902, 0x4102, 0x4102, 0x4102, 0x4102,
  0x4102, 0x4122, 0x4122, 0x4122, 0x4122, 0x4122, 0x4122, 0x4122, 0x4922, 0x4922, 0x4922, 0x4922,
  0x4942, 0x4942, 0x4942, 0x4942, 0x4942, 0x4962, 0x5162, 0x5163, 0x5163, 0x5163, 0x5163, 0x5163,
  0x5163, 0x5183, 0x5183, 0x5183, 0x5183, 0x5183, 0x5183, 0x5183, 0x5983, 0x5183, 0x59A3, 0x30E1,
  0x0000, 0x0000, 0x1840, 0x1020, 0x0000, 0x0000, 0x2060, 0x2880, 0x1020, 0x1840, 0x2060, 0x1040,
  0x1020, 0x1840, 0x0000, 0x1020, 0x1020, 0x0000, 0x1020, 0x2040, 0x0000, 0x38A0, 0x6140, 0x2880,
  0xB2C2, 0x5961, 0x2040, 0x2060, 0x1040, 0x0820, 0x0820, 0x0820, 0x0820, 0x0000, 0x2860, 0x3880,
  0x2860, 0x2840, 0x2040, 0x1820, 0x0000, 0x0000, 0x0800, 0x0800, 0x0800, 0x0800, 0x0800, 0x0800,
  0x0000, 0x0000, 0x0000, 0x0000, 0x0000, 0x0000, 0x0000, 0x0000, 0x0000, 0x0800, 0x0800, 0x0000,
  0x0000, 0x0800, 0x0800, 0x0800, 0x0800, 0x0800, 0x0820, 0x0800, 0x0820, 0x1020, 0x1020, 0x1020,
  0x1020, 0x1840, 0x2080, 0x2060, 0x2060, 0x2880, 0x1840, 0x1840, 0x2060, 0x2860, 0x2860, 0x2860,
  0x3080, 0x38A0, 0x40C0, 0x2860, 0x0000, 0x1840, 0x3060, 0x40A0, 0x3060, 0x2040, 0x1840, 0x1820,
  0x1820, 0x1020, 0x0800, 0x0800, 0x0800, 0x0800, 0x0800, 0x0000, 0x0800, 0x2040, 0x2040, 0x2860,
  0x3060, 0x3060, 0x1840, 0x0820, 0x1040, 0x1040, 0x1040, 0x1840, 0x2880, 0x2060, 0x79C1, 0x81E0,
  0x30A0, 0x79A0, 0x0000, 0x40C0, 0x1840, 0x1020, 0x2060, 0x0800, 0x2880, 0x2880, 0x2060, 0x1020,
  0x2060, 0x0000, 0x0000, 0x1020, 0x1840, 0x0000, 0x0000, 0x20A1, 0x61E4, 0x61E4, 0x61E4, 0x61E4,
  0x6A04, 0x6A04, 0x6A04, 0x6A04, 0x6A04, 0x6A04, 0x61E4, 0x61E4, 0x61E4, 0x61E4, 0x61E4, 0x61E4,
  0x61E4, 0x61C4, 0x59C4, 0x59C4, 0x59C3, 0x59A3, 0x59A3, 0x59A3, 0x5183, 0x5183, 0x5183, 0x5163,
  0x5163, 0x5163, 0x4962, 0x4942, 0x4942, 0x4942, 0x4942, 0x4942, 0x4942, 0x4122, 0x4122, 0x4122,
  0x4122, 0x4122, 0x4122, 0x4102, 0x4122, 0x4102, 0x4102, 0x4102, 0x4102, 0x4102, 0x4102, 0x3902,
  0x3902, 0x3902, 0x3902, 0x4102, 0x4102, 0x4102, 0x4102, 0x4102, 0x4102, 0x4102, 0x4102, 0x4102,
  0x4102, 0x4122, 0x4122, 0x4122, 0x4122, 0x4122, 0x4122, 0x4122, 0x4922, 0x4922, 0x4942, 0x4942,
  0x4942, 0x4942, 0x4942, 0x4942, 0x5162, 0x5162, 0x5162, 0x5163, 0x5163, 0x5163, 0x5163, 0x5183,
  0x5183, 0x5983, 0x5983, 0x5983, 0x59A3, 0x5983, 0x5983, 0x5983, 0x5983, 0x5983, 0x61C3, 0x30E1,
  0x0000, 0x0000, 0x1840, 0x1020, 0x0000, 0x0000, 0x2060, 0x2860, 0x1020, 0x1840, 0x2060, 0x1040,
  0x0820, 0x1840, 0x0000, 0x1020, 0x1020, 0x0000, 0x1020, 0x2040, 0x0000, 0x38A0, 0x6140, 0x2880,
  0xB2C2, 0x5961, 0x2040, 0x2060, 0x1040, 0x0820, 0x0820, 0x0820, 0x0800, 0x0000, 0x2040, 0x3880,
  0x2860, 0x2040, 0x2040, 0x1820, 0x0000, 0x0800, 0x0800, 0x0800, 0x0800, 0x0800, 0x0800, 0x0800,
  0x1020, 0x1840, 0x1840, 0x1040, 0x1040, 0x1840, 0x1840, 0x1840, 0x1860, 0x1840, 0x0820, 0x1040,
  0x1040, 0x1020, 0x1020, 0x1040, 0x1840, 0x1840, 0x1840, 0x1860, 0x1860, 0x1860, 0x1860, 0x1860,
  0x1860, 0x1860, 0x1860, 0x1860, 0x1040, 0x1040, 0x1840, 0x1840, 0x2060, 0x2860, 0x2060, 0x2860,
  0x3080, 0x3080, 0x38A0, 0x2060, 0x0000, 0x1840, 0x2860, 0x3880, 0x2860, 0x2040, 0x1840, 0x1820,
  0x1820, 0x1020, 0x0800, 0x0800, 0x0800, 0x0000, 0x0800, 0x0000, 0x0800, 0x1840, 0x2040, 0x2860,
  0x2860, 0x3060, 0x1840, 0x0820, 0x1040, 0x1040, 0x1040, 0x1840, 0x2880, 0x2060, 0x79A0, 0x81C0,
  0x28A0, 0x79A0, 0x0000, 0x40C0, 0x1840, 0x1020, 0x2040, 0x0800, 0x2860, 0x2860, 0x2060, 0x1020,
  0x2060, 0x0000, 0x0000, 0x1020, 0x1840, 0x0000, 0x0000, 0x20A1, 0x6A04, 0x61E4, 0x6A04, 0x6A04,
  0x6A04, 0x6A04, 0x6A05, 0x6A05, 0x6A05, 0x6A05, 0x6A05, 0x6A04, 0x6204, 0x61E4, 0x61E4, 0x61E4,
  0x61E4, 0x61E4, 0x61E4, 0x61C4, 0x59C4, 0x59C4, 0x59C4, 0x59A3, 0x59A3, 0x5983, 0x5183, 0x5183,
  0x5183, 0x5163, 0x5163, 0x5162, 0x4962, 0x4942, 0x4942, 0x4942, 0x4942, 0x4942, 0x4942, 0x4922,
  0x4122, 0x4122, 0x4122, 0x4122, 0x4122, 0x4122, 0x4122, 0x4122, 0x4102, 0x4102, 0x4102, 0x4102,
  0x4102, 0x4102, 0x4102, 0x4102, 0x4102, 0x4102, 0x4102, 0x4102, 0x4102, 0x4102, 0x4102, 0x4102,
  0x4122, 0x4122, 0x4122, 0x4122, 0x4122, 0x4122, 0x4122, 0x4122, 0x4922, 0x4922, 0x4942, 0x4942,
  0x4942, 0x4942, 0x4942, 0x5142, 0x5162, 0x5162, 0x5163, 0x5163, 0x5163, 0x5183, 0x5183, 0x5183,
  0x5983, 0x5983, 0x59A3, 0x59A3, 0x59A3, 0x59A3, 0x59A3, 0x59A3, 0x59A3, 0x59A3, 0x61C3, 0x30E2,
  0x0000, 0x0000, 0x1040, 0x1020, 0x0000, 0x0000, 0x2060, 0x2060, 0x1020, 0x1840, 0x2060, 0x1020,
  0x0820, 0x1820, 0x0000, 0x1020, 0x1020, 0x0000, 0x1020, 0x2040, 0x0000, 0x38A0, 0x5940, 0x2880,
  0xB2C2, 0x5141, 0x2040, 0x2060, 0x1040, 0x0820, 0x0820, 0x0820, 0x0800, 0x0000, 0x2040, 0x3080,
  0x2860, 0x2040, 0x1820, 0x1020, 0x0000, 0x0800, 0x0000, 0x0800, 0x0800, 0x0800, 0x0800, 0x0800,
  0x1020, 0x1840, 0x1860, 0x2060, 0x2060, 0x2060, 0x2060, 0x2060, 0x2880, 0x2880, 0x0820, 0x1840,
  0x2060, 0x2080, 0x2880, 0x30A0, 0x30A0, 0x38C0, 0x38C0, 0x40E0, 0x4101, 0x4921, 0x4921, 0x5961,
  0x5961, 0x5982, 0x69A2, 0x61A2, 0x61A2, 0x5141, 0x1840, 0x1840, 0x2040, 0x2860, 0x2060, 0x2060,
  0x2860, 0x2860, 0x3080, 0x2040, 0x0000, 0x1840, 0x2060, 0x3080, 0x2860, 0x2040, 0x1840, 0x1820,
  0x1820, 0x1020, 0x0000, 0x0800, 0x0800, 0x0800, 0x0800, 0x0000, 0x0000, 0x1820, 0x2040, 0x2840,
  0x2860, 0x3060, 0x1840, 0x0820, 0x1020, 0x1040, 0x1040, 0x1840, 0x2860, 0x2040, 0x79A0, 0x81C0,
  0x28A0, 0x79A0, 0x0000, 0x40C0, 0x1840, 0x1020, 0x2040, 0x0800, 0x2860, 0x2060, 0x2060, 0x1020,
  0x2060, 0x0000, 0x0000, 0x1020, 0x1840, 0x0000, 0x0000, 0x20C1, 0x6A04, 0x61E4, 0x6A04, 0x6A04,
  0x6A05, 0x6A05, 0x6A25, 0x6A25, 0x6A25, 0x6A25, 0x6A25, 0x6A05, 0x6A04, 0x6A04, 0x6A04, 0x6A04,
  0x61E4, 0x61E4, 0x61E4, 0x61E4, 0x61E4, 0x61C4, 0x59C4, 0x59C3, 0x59A3, 0x59A3, 0x59A3, 0x5183,
  0x5183, 0x5183, 0x5163, 0x5163, 0x5163, 0x5163, 0x4962, 0x4962, 0x4942, 0x4942, 0x4942, 0x4942,
  0x4922, 0x4922, 0x4922, 0x4122, 0x4122, 0x4122, 0x4122, 0x4122, 0x4122, 0x4122, 0x4122, 0x4102,
  0x4102, 0x4102, 0x4102, 0x4102, 0x4102, 0x4102, 0x4102, 0x4102, 0x4122, 0x4122, 0x4122, 0x4122,
  0x4122, 0x4122, 0x4922, 0x4922, 0x4122, 0x4922, 0x4922, 0x4922, 0x4922, 0x4942, 0x4942, 0x4942,
  0x4942, 0x5142, 0x5142, 0x5162, 0x5162, 0x5162, 0x5163, 0x5163, 0x5183, 0x5183, 0x5983, 0x5983,
  0x5983, 0x5983, 0x59A3, 0x59A3, 0x59A3, 0x59A3, 0x59A3, 0x59A3, 0x59A3, 0x59A3, 0x61C4, 0x30E2,
  0x0000, 0x0000, 0x1020, 0x1020, 0x0000, 0x0000, 0x2040, 0x2060, 0x1020, 0x1840, 0x2060, 0x1020,
  0x0820, 0x1840, 0x0000, 0x1020, 0x1020, 0x0000, 0x1020, 0x2040, 0x0000, 0x38A0, 0x5940, 0x2880,
  0xB2C2, 0x5141, 0x2040, 0x1860, 0x1040, 0x0820, 0x0820, 0x0820, 0x0800, 0x0000, 0x2040, 0x3060,
  0x2840, 0x2040, 0x1820, 0x1020, 0x0000, 0x0800, 0x0800, 0x0800, 0x0800, 0x0800, 0x0800, 0x0800,
  0x0820, 0x1020, 0x1040, 0x1840, 0x1840, 0x1840, 0x1840, 0x1840, 0x1860, 0x2060, 0x0820, 0x1020,
  0x1840, 0x1860, 0x2060, 0x2080, 0x2880, 0x2880, 0x28A0, 0x30A0, 0x30C0, 0x30C0, 0x38C0, 0x4101,
  0x4101, 0x4901, 0x4921, 0x5141, 0x5141, 0x4921, 0x1840, 0x1040, 0x1840, 0x1840, 0x2040, 0x2060,
  0x2860, 0x2860, 0x3080, 0x1840, 0x0000, 0x1840, 0x2040, 0x3060, 0x2040, 0x2040, 0x1840, 0x1820,
  0x1020, 0x1020, 0x0000, 0x0800, 0x0800, 0x0800, 0x0800, 0x0000, 0x0000, 0x1820, 0x2040, 0x2860,
  0x2860, 0x3060, 0x1840, 0x0820, 0x1040, 0x1040, 0x1040, 0x1840, 0x2860, 0x2040, 0x79A1, 0x81E0,
  0x28A0, 0x79A0, 0x0000, 0x40C0, 0x1840, 0x1020, 0x2040, 0x0800, 0x2860, 0x2060, 0x2060, 0x1020,
  0x2060, 0x0000, 0x0000, 0x1020, 0x1840, 0x0000, 0x0000, 0x20C1, 0x6A25, 0x6204, 0x6A04, 0x6A05,
  0x6A25, 0x6A25, 0x6A25, 0x6A25, 0x6A25, 0x6A25, 0x6A25, 0x6A25, 0x6A25, 0x6A05, 0x6A05, 0x6A04,
  0x6A04, 0x61E4, 0x61E4, 0x61E4, 0x61E4, 0x61E4, 0x61C4, 0x59C4, 0x59C3, 0x59A3, 0x59A3, 0x59A3,
  0x5983, 0x5183, 0x5183, 0x5163, 0x5163, 0x5163, 0x5163, 0x5163, 0x4962, 0x4942, 0x4942, 0x4942,
  0x4942, 0x4942, 0x4942, 0x4942, 0x4922, 0x4122, 0x4122, 0x4122, 0x4122, 0x4122, 0x4122, 0x4122,
  0x4122, 0x4102, 0x4102, 0x4102, 0x4102, 0x4102, 0x4102, 0x4102, 0x4122, 0x4122, 0x4122, 0x4122,
  0x4122, 0x4922, 0x4922, 0x4922, 0x4922, 0x4922, 0x4922, 0x4922, 0x4942, 0x4942, 0x4942, 0x4942,
  0x4942, 0x5142, 0x5162, 0x5162, 0x5162, 0x5162, 0x5163, 0x5163, 0x5183, 0x5983, 0x5983, 0x5983,
  0x5983, 0x5983, 0x59A3, 0x59A3, 0x59A3, 0x59A3, 0x59A3, 0x59A3, 0x59A3, 0x59A3, 0x61E4, 0x30E2,
  0x0000, 0x0000, 0x1020, 0x0820, 0x0000, 0x0000, 0x2040, 0x2860, 0x1020, 0x1840, 0x2060, 0x1020,
  0x0820, 0x1820, 0x0000, 0x0820, 0x1020, 0x0000, 0x1020, 0x2040, 0x0000, 0x38A0, 0x5940, 0x2880,
  0xB2C2, 0x5141, 0x1840, 0x1840, 0x1040, 0x0820, 0x0820, 0x0820, 0x0800, 0x0000, 0x2040, 0x3060,
  0x2840, 0x2040, 0x1820, 0x1020, 0x0000, 0x0000, 0x0000, 0x0000, 0x0800, 0x0800, 0x0800, 0x0800,
  0x0820, 0x1040, 0x1840, 0x1840, 0x1840, 0x1840, 0x1840, 0x1840, 0x1860, 0x2060, 0x0820, 0x1020,
  0x1840, 0x2060, 0x2060, 0x2060, 0x2880, 0x2880, 0x2880, 0x28A0, 0x30A0, 0x30C0, 0x30C0, 0x40E1,
  0x3901, 0x40E1, 0x4101, 0x4921, 0x5141, 0x4921, 0x1840, 0x1040, 0x1820, 0x2040, 0x1840, 0x2040,
  0x2860, 0x2060, 0x2860, 0x1020, 0x0000, 0x1040, 0x1840, 0x2860, 0x2040, 0x1840, 0x1820, 0x1820,
  0x1020, 0x1020, 0x0000, 0x0000, 0x0800, 0x0800, 0x0800, 0x0000, 0x0000, 0x1820, 0x2040, 0x2840,
  0x2860, 0x2860, 0x1840, 0x0820, 0x1040, 0x1040, 0x1020, 0x1840, 0x2060, 0x2060, 0x79C1, 0x81E0,
  0x28A0, 0x79A0, 0x0000, 0x40C0, 0x1840, 0x1020, 0x2040, 0x0800, 0x2860, 0x2060, 0x2060, 0x1020,
  0x2060, 0x0000, 0x0000, 0x1020, 0x1840, 0x0000, 0x0000, 0x20C1, 0x6A25, 0x6A04, 0x6A05, 0x6A25,
  0x6A25, 0x6A25, 0x6A25, 0x7225, 0x6A25, 0x6A25, 0x6A25, 0x6A25, 0x6A25, 0x6A25, 0x6A25, 0x6A05,
  0x6A04, 0x6A04, 0x61E4, 0x61E4, 0x61E4, 0x61E4, 0x61E4, 0x61C4, 0x59C3, 0x59C3, 0x59A3, 0x59A3,
  0x59A3, 0x5983, 0x5183, 0x5183, 0x5183, 0x5163, 0x5163, 0x5163, 0x5163, 0x4963, 0x4942, 0x4942,
  0x4942, 0x4942, 0x4942, 0x4942, 0x4942, 0x4942, 0x4922, 0x4122, 0x4122, 0x4122, 0x4122, 0x4122,
  0x4122, 0x4122, 0x4122, 0x4122, 0x4122, 0x4122, 0x4122, 0x4122, 0x4122, 0x4122, 0x4122, 0x4122,
  0x4122, 0x4922, 0x4922, 0x4922, 0x4922, 0x4922, 0x4922, 0x4922, 0x4942, 0x4942, 0x4942, 0x4942,
  0x5142, 0x5162, 0x5162, 0x5162, 0x5162, 0x5163, 0x5163, 0x5183, 0x5983, 0x5983, 0x5983, 0x5983,
  0x59A3, 0x59A3, 0x59A3, 0x59A3, 0x59A3, 0x59A3, 0x59A3, 0x59A3, 0x61C3, 0x59C3, 0x61E4, 0x30E2,
  0x0000, 0x0000, 0x1020, 0x0820, 0x0000, 0x0000, 0x1840, 0x2060, 0x1020, 0x1840, 0x1840, 0x1020,
  0x0820, 0x1820, 0x0000, 0x0820, 0x1020, 0x0000, 0x1020, 0x2040, 0x0000, 0x38A0, 0x5940, 0x2880,
  0xB2C2, 0x5141, 0x2040, 0x1840, 0x1040, 0x0820, 0x0820, 0x0820, 0x0800, 0x0000, 0x2040, 0x3060,
  0x2840, 0x2040, 0x1820, 0x1020, 0x0000, 0x0000, 0x0000, 0x0000, 0x0000, 0x0800, 0x0800, 0x0800,
  0x0820, 0x1040, 0x1840, 0x1840, 0x1840, 0x1840, 0x1840, 0x1840, 0x1840, 0x2060, 0x0820, 0x1020,
  0x1840, 0x1860, 0x2060, 0x2060, 0x2060, 0x2880, 0x2880, 0x28A0, 0x30A0, 0x30C0, 0x30C0, 0x38E0,
  0x40E1, 0x38E1, 0x4901, 0x5141, 0x5141, 0x4921, 0x1840, 0x1020, 0x1040, 0x2040, 0x1840, 0x2060,
  0x2860, 0x2060, 0x2060, 0x1020, 0x0000, 0x1020, 0x1840, 0x2060, 0x1840, 0x1840, 0x1820, 0x1020,
  0x1020, 0x1020, 0x0000, 0x0800, 0x0800, 0x0800, 0x0800, 0x0000, 0x0000, 0x1820, 0x2040, 0x2040,
  0x2860, 0x2860, 0x1840, 0x1020, 0x1040, 0x1040, 0x1020, 0x1840, 0x2060, 0x2040, 0x79A1, 0x81E0,
  0x28A0, 0x79A0, 0x0000, 0x40C0, 0x1840, 0x1020, 0x2040, 0x0800, 0x2860, 0x2060, 0x2060, 0x1020,
  0x1840, 0x0000, 0x0000, 0x1020, 0x1040, 0x0000, 0x0000, 0x20C1, 0x7225, 0x6A04, 0x6A25, 0x6A25,
  0x6A25, 0x7225, 0x7225, 0x7225, 0x7225, 0x7225, 0x7225, 0x7225, 0x7225, 0x7225, 0x6A25, 0x6A25,
  0x6A05, 0x6A04, 0x6A04, 0x61E4, 0x61E4, 0x61E4, 0x61E4, 0x61E4, 0x61C4, 0x59C4, 0x59C3, 0x59A3,
  0x59A3, 0x59A3, 0x5983, 0x5183, 0x5183, 0x5183, 0x5183, 0x5163, 0x5163, 0x5163, 0x4963, 0x4962,
  0x4962, 0x4942, 0x4942, 0x4942, 0x4942, 0x4942, 0x4942, 0x4942, 0x4122, 0x4122, 0x4122, 0x4122,
  0x4122, 0x4122, 0x4122, 0x4122, 0x4122, 0x4122, 0x4122, 0x4122, 0x4122, 0x4122, 0x4122, 0x4122,
  0x4122, 0x4922, 0x4922, 0x4922, 0x4922, 0x4922, 0x4922, 0x4922, 0x4942, 0x4942, 0x4942, 0x5142,
  0x5142, 0x5162, 0x5162, 0x5162, 0x5162, 0x5163, 0x5183, 0x5183, 0x5983, 0x5983, 0x5983, 0x59A3,
  0x59A3, 0x59A3, 0x59A3, 0x59A3, 0x59A3, 0x59A3, 0x61A3, 0x61C3, 0x61C3, 0x61C3, 0x69E4, 0x30E2,
  0x0000, 0x0000, 0x1020, 0x0820, 0x0000, 0x0000, 0x1840, 0x2040, 0x1020, 0x1020, 0x1840, 0x1020,
  0x0820, 0x1840, 0x0000, 0x0820, 0x1020, 0x0000, 0x1020, 0x2040, 0x0000, 0x38A0, 0x5920, 0x2880,
  0xB2C2, 0x5141, 0x2040, 0x1840, 0x1040, 0x0820, 0x0820, 0x0820, 0x0800, 0x0000, 0x2040, 0x2860,
  0x2040, 0x2040, 0x1820, 0x1020, 0x0000, 0x0000, 0x0000, 0x0800, 0x0800, 0x0800, 0x0800, 0x0800,
  0x0820, 0x1840, 0x1840, 0x1840, 0x1840, 0x1840, 0x1840, 0x1840, 0x1860, 0x2060, 0x0820, 0x1020,
  0x1840, 0x1860, 0x2060, 0x2060, 0x2080, 0x2080, 0x2880, 0x28A0, 0x30A0, 0x30A0, 0x30C0, 0x38E1,
  0x38E1, 0x4101, 0x4901, 0x4921, 0x5141, 0x4921, 0x1020, 0x1020, 0x1840, 0x1840, 0x1840, 0x2060,
  0x2060, 0x2040, 0x2040, 0x1020, 0x0000, 0x1020, 0x1840, 0x2060, 0x1840, 0x1840, 0x1820, 0x1020,
  0x1020, 0x1020, 0x0000, 0x0000, 0x0000, 0x0000, 0x0800, 0x0000, 0x0000, 0x1820, 0x2040, 0x2840,
  0x2860, 0x2860, 0x1840, 0x1020, 0x1040, 0x1040, 0x1020, 0x1840, 0x2060, 0x2040, 0x71A1, 0x81E0,
  0x2880, 0x79A0, 0x0000, 0x40C0, 0x1840, 0x1020, 0x2040, 0x0800, 0x2060, 0x2060, 0x2060, 0x1020,
  0x1840, 0x0000, 0x0000, 0x1020, 0x1040, 0x0000, 0x0000, 0x20C1, 0x7225, 0x6A04, 0x6A25, 0x6A25,
  0x7225, 0x7225, 0x7225, 0x7225, 0x7225, 0x7245, 0x7245, 0x7225, 0x7245, 0x7225, 0x7225, 0x6A25,
  0x6A25, 0x6A04, 0x6A04, 0x6A04, 0x61E4, 0x61E4, 0x61E4, 0x61E4, 0x61E4, 0x61C4, 0x59C4, 0x59C3,
  0x59A3, 0x59A3, 0x59A3, 0x5983, 0x5183, 0x5183, 0x5183, 0x5183, 0x5163, 0x5163, 0x5163, 0x5163,
  0x5163, 0x4962, 0x4942, 0x4942, 0x4942, 0x4942, 0x4942, 0x4942, 0x4942, 0x4942, 0x4922, 0x4922,
  0x4142, 0x4122, 0x4122, 0x4122, 0x4122, 0x4122, 0x4122, 0x4122, 0x4122, 0x4122, 0x4122, 0x4922,
  0x4922, 0x4922, 0x4922, 0x4922, 0x4922, 0x4922, 0x4922, 0x4922, 0x4942, 0x4942, 0x4942, 0x5142,
  0x5142, 0x5162, 0x5162, 0x5162, 0x5162, 0x5163, 0x5183, 0x5983, 0x5983, 0x5983, 0x5983, 0x59A3,
  0x59A3, 0x59A3, 0x59A3, 0x59A3, 0x61A3, 0x61C3, 0x61C3, 0x61C3, 0x61C3, 0x61C3, 0x69E4, 0x30E2,
  0x0000, 0x0000, 0x1020, 0x0820, 0x0000, 0x0000, 0x1840, 0x1840, 0x1020, 0x1020, 0x1840, 0x1020,
  0x0820, 0x1820, 0x0000, 0x0820, 0x1020, 0x0000, 0x1020, 0x2040, 0x0000, 0x38A0, 0x5920, 0x2880,
  0xB2A1, 0x5141, 0x1840, 0x1840, 0x1040, 0x0820, 0x0820, 0x0820, 0x0800, 0x0000, 0x2040, 0x2860,
  0x2040, 0x1820, 0x1820, 0x1000, 0x0000, 0x0800, 0x0000, 0x0000, 0x0800, 0x0800, 0x0800, 0x0800,
  0x0820, 0x1840, 0x1840, 0x1840, 0x1840, 0x1840, 0x1840, 0x1840, 0x1860, 0x2060, 0x0820, 0x1020,
  0x1840, 0x1840, 0x1860, 0x2060, 0x2080, 0x2080, 0x2880, 0x28A0, 0x30A0, 0x30A0, 0x30C0, 0x38E1,
  0x38E1, 0x4101, 0x4921, 0x4921, 0x5141, 0x4921, 0x1020, 0x1020, 0x1040, 0x1840, 0x1840, 0x1840,
  0x2060, 0x1840, 0x2060, 0x1020, 0x0000, 0x0800, 0x1840, 0x2040, 0x1840, 0x1840, 0x1820, 0x1020,
  0x1020, 0x1020, 0x0000, 0x0000, 0x0000, 0x0000, 0x0000, 0x0000, 0x0000, 0x1820, 0x1840, 0x2040,
  0x2840, 0x2840, 0x1840, 0x1020, 0x1040, 0x1040, 0x1040, 0x1840, 0x2060, 0x2040, 0x71A1, 0x81E0,
  0x2880, 0x79A0, 0x0000, 0x40C0, 0x1840, 0x1020, 0x2040, 0x0800, 0x2060, 0x2060, 0x1840, 0x1020,
  0x1840, 0x0000, 0x0000, 0x1020, 0x1040, 0x0000, 0x0000, 0x20C1, 0x7225, 0x6A25, 0x6A25, 0x7225,
  0x7225, 0x7245, 0x7245, 0x7245, 0x7245, 0x7245, 0x7245, 0x7225, 0x7245, 0x7225, 0x7225, 0x7225,
  0x7225, 0x6A25, 0x6A04, 0x6A04, 0x69E4, 0x61E4, 0x61E4, 0x61E4, 0x61E4, 0x61E4, 0x61C4, 0x59C4,
  0x59A3, 0x59A3, 0x59A3, 0x5983, 0x5983, 0x5183, 0x5183, 0x5183, 0x5183, 0x5163, 0x5163, 0x5163,
  0x5163, 0x5163, 0x4963, 0x4942, 0x4942, 0x4942, 0x4942, 0x4942, 0x4942, 0x4942, 0x4942, 0x4942,
  0x4942, 0x4122, 0x4122, 0x4122, 0x4122, 0x4122, 0x4122, 0x4122, 0x4122, 0x4122, 0x4922, 0x4922,
  0x4922, 0x4922, 0x4922, 0x4922, 0x4942, 0x4922, 0x4942, 0x4942, 0x4942, 0x4942, 0x4942, 0x5142,
  0x5162, 0x5162, 0x5162, 0x5162, 0x5162, 0x5183, 0x5983, 0x5983, 0x5983, 0x5983, 0x5983, 0x59A3,
  0x59A3, 0x59A3, 0x59A3, 0x59A3, 0x61C3, 0x61C3, 0x61C3, 0x61C3, 0x61C3, 0x61C3, 0x69E4, 0x30E2,
  0x0000, 0x0000, 0x1020, 0x0820, 0x0000, 0x0000, 0x1840, 0x1840, 0x1020, 0x1020, 0x1840, 0x0820,
  0x0800, 0x1020, 0x0000, 0x0800, 0x1020, 0x0000, 0x1020, 0x2040, 0x0000, 0x38A0, 0x5920, 0x2880,
  0xB2A1, 0x4921, 0x1840, 0x1840, 0x1020, 0x0820, 0x0820, 0x0820, 0x0800, 0x0000, 0x2040, 0x2840,
  0x2040, 0x1820, 0x1820, 0x1020, 0x0000, 0x0000, 0x0000, 0x0000, 0x0000, 0x0000, 0x0800, 0x0800,
  0x0820, 0x1840, 0x1840, 0x1840, 0x1840, 0x1840, 0x1840, 0x1840, 0x1840, 0x2060, 0x0820, 0x1020,
  0x1840, 0x1840, 0x1860, 0x2060, 0x2080, 0x2080, 0x2880, 0x2880, 0x28A0, 0x30A0, 0x38C0, 0x38C0,
  0x4101, 0x4921, 0x4921, 0x4101, 0x5141, 0x4921, 0x1040, 0x1020, 0x1840, 0x1840, 0x1840, 0x1840,
  0x2040, 0x1840, 0x2040, 0x1840, 0x0800, 0x0820, 0x1840, 0x1840, 0x1840, 0x1820, 0x1820, 0x1020,
  0x1020, 0x1020, 0x0000, 0x0000, 0x0000, 0x0000, 0x0000, 0x0000, 0x0000, 0x1820, 0x1820, 0x2040,
  0x2040, 0x2840, 0x1840, 0x1020, 0x1040, 0x1040, 0x1020, 0x1840, 0x2060, 0x2040, 0x79A1, 0x81E0,
  0x2880, 0x7980, 0x0000, 0x38C0, 0x1840, 0x1020, 0x2040, 0x0000, 0x2040, 0x2060, 0x1840, 0x0820,
  0x1840, 0x0000, 0x0000, 0x1020, 0x1040, 0x0000, 0x0000, 0x28C1, 0x7225, 0x6A25, 0x7225, 0x7225,
  0x7225, 0x7225, 0x7245, 0x7245, 0x7245, 0x7245, 0x7225, 0x7225, 0x7245, 0x7245, 0x7225, 0x7225,
  0x7225, 0x6A25, 0x6A04, 0x6A04, 0x69E4, 0x61E4, 0x61E4, 0x61E4, 0x61E4, 0x61E4, 0x61C4, 0x61C4,
  0x59C3, 0x59A3, 0x59A3, 0x59A3, 0x59A3, 0x5183, 0x5183, 0x5183, 0x5183, 0x5183, 0x5163, 0x5163,
  0x5163, 0x5163, 0x5163, 0x4963, 0x4942, 0x4942, 0x4942, 0x4942, 0x4942, 0x4942, 0x4942, 0x4942,
  0x4942, 0x4942, 0x4922, 0x4122, 0x4122, 0x4122, 0x4122, 0x4122, 0x4122, 0x4922, 0x4922, 0x4922,
  0x4922, 0x4922, 0x4922, 0x4942, 0x4942, 0x4942, 0x4942, 0x4942, 0x4942, 0x4942, 0x5142, 0x5142,
  0x5162, 0x5162, 0x5162, 0x5162, 0x5163, 0x5183, 0x5983, 0x5983, 0x5983, 0x5983, 0x5983, 0x59A3,
  0x59A3, 0x59A3, 0x59A3, 0x59A3, 0x61C3, 0x61C3, 0x61C3, 0x61C3, 0x61C3, 0x61C3, 0x69E4, 0x30E2,
  0x0000, 0x0000, 0x1020, 0x0820, 0x0000, 0x0000, 0x1840, 0x1840, 0x1020, 0x1020, 0x1840, 0x0800,
  0x0800, 0x1020, 0x0000, 0x0800, 0x1020, 0x0000, 0x1020, 0x2040, 0x0000, 0x38A0, 0x5120, 0x2880,
  0xAA81, 0x4921, 0x1840, 0x1840, 0x1020, 0x0820, 0x0820, 0x0820, 0x0800, 0x0000, 0x1840, 0x2840,
  0x2040, 0x1820, 0x1020, 0x1000, 0x0000, 0x0800, 0x0000, 0x0000, 0x0000, 0x0000, 0x0800, 0x0800,
  0x1020, 0x1840, 0x1840, 0x1840, 0x1840, 0x1840, 0x1840, 0x1840, 0x1840, 0x2060, 0x0820, 0x1020,
  0x1840, 0x1860, 0x1860, 0x2060, 0x2080, 0x2080, 0x2880, 0x2880, 0x28A0, 0x30A0, 0x38C0, 0x38E1,
  0x40E1, 0x4901, 0x4921, 0x4921, 0x5141, 0x4921, 0x1040, 0x1020, 0x1840, 0x1840, 0x1840, 0x1840,
  0x1840, 0x1840, 0x1840, 0x1840, 0x0820, 0x1020, 0x1840, 0x1840, 0x1820, 0x1820, 0x1020, 0x1020,
  0x1020, 0x1020, 0x0000, 0x0000, 0x0000, 0x0000, 0x0000, 0x0000, 0x0000, 0x1820, 0x1820, 0x2040,
  0x2040, 0x2840, 0x1840, 0x1020, 0x1040, 0x1040, 0x1020, 0x1840, 0x2060, 0x1840, 0x71A1, 0x81E0,
  0x2880, 0x7180, 0x0000, 0x38C0, 0x1840, 0x1020, 0x2040, 0x0000, 0x2040, 0x2040, 0x1840, 0x0820,
  0x1840, 0x0000, 0x0000, 0x1020, 0x1040, 0x0000, 0x0000, 0x28C1, 0x7225, 0x6A24, 0x6A25, 0x7225,
  0x7225, 0x7245, 0x7225, 0x7245, 0x7245, 0x7225, 0x7225, 0x7225, 0x7225, 0x7245, 0x7225, 0x7225,
  0x7225, 0x6A25, 0x6A25, 0x6A04, 0x6A04, 0x61E4, 0x61E4, 0x61E4, 0x61E4, 0x61E4, 0x61C4, 0x61C4,
  0x59C3, 0x59C3, 0x59C3, 0x59A3, 0x59A3, 0x5983, 0x5183, 0x5183, 0x5183, 0x5183, 0x5183, 0x5183,
  0x5163, 0x5163, 0x5163, 0x5163, 0x4963, 0x4943, 0x4942, 0x4942, 0x4942, 0x4942, 0x4942, 0x4942,
  0x4942, 0x4942, 0x4942, 0x4942, 0x4922, 0x4122, 0x4922, 0x4922, 0x4922, 0x4922, 0x4922, 0x4922,
  0x4922, 0x4922, 0x4922, 0x4922, 0x4922, 0x4942, 0x4942, 0x4942, 0x4942, 0x4942, 0x4942, 0x5142,
  0x5162, 0x5162, 0x5162, 0x5162, 0x5163, 0x5183, 0x5983, 0x5983, 0x5983, 0x5983, 0x5983, 0x59A3,
  0x59A3, 0x59A3, 0x59A3, 0x59A3, 0x61C3, 0x61C3, 0x61C3, 0x61C3, 0x61C3, 0x61C3, 0x69E4, 0x30E2,
  0x0000, 0x0000, 0x1020, 0x0800, 0x0000, 0x0000, 0x1840, 0x1840, 0x0820, 0x1020, 0x1840, 0x0800,
  0x0000, 0x1020, 0x0000, 0x0800, 0x1020, 0x0000, 0x1020, 0x1840, 0x0000, 0x30A0, 0x5100, 0x2880,
  0xAA61, 0x4900, 0x1840, 0x1840, 0x1020, 0x0820, 0x0820, 0x0800, 0x0800, 0x0000, 0x1840, 0x2040,
  0x2020, 0x1820, 0x1020, 0x0800, 0x0000, 0x0000, 0x0000, 0x0000, 0x0800, 0x0800, 0x0800, 0x0800,
  0x0820, 0x1840, 0x1840, 0x1840, 0x1840, 0x1840, 0x1840, 0x1840, 0x2060, 0x2080, 0x0820, 0x1020,
  0x1840, 0x1860, 0x2060, 0x2060, 0x2080, 0x2080, 0x2880, 0x2880, 0x2880, 0x30A0, 0x38C0, 0x38E1,
  0x38E1, 0x4101, 0x4921, 0x4921, 0x4921, 0x4921, 0x1040, 0x1020, 0x1840, 0x1840, 0x1840, 0x1840,
  0x1840, 0x1840, 0x1840, 0x1840, 0x0820, 0x1020, 0x1840, 0x1820, 0x1820, 0x1020, 0x1020, 0x1020,
  0x1020, 0x1020, 0x0000, 0x0000, 0x0000, 0x0000, 0x0000, 0x0000, 0x0000, 0x1020, 0x1820, 0x2040,
  0x2040, 0x2040, 0x1840, 0x1020, 0x1040, 0x1040, 0x1020, 0x1840, 0x2060, 0x1840, 0x71A1, 0x81E0,
  0x2880, 0x7180, 0x0000, 0x38A0, 0x1820, 0x1020, 0x2040, 0x0000, 0x1840, 0x1840, 0x1840, 0x0820,
  0x1840, 0x0000, 0x0000, 0x0820, 0x1020, 0x0000, 0x0000, 0x28C1, 0x7225, 0x6A04, 0x6A25, 0x7225,
  0x7225, 0x7245, 0x7225, 0x7225, 0x7225, 0x7225, 0x7225, 0x7225, 0x7225, 0x7225, 0x7225, 0x7225,
  0x6A25, 0x6A25, 0x6A05, 0x6A04, 0x6A04, 0x61E4, 0x61E4, 0x61E4, 0x61E4, 0x61E4, 0x61E4, 0x61C4,
  0x59C4, 0x59C3, 0x59C3, 0x59A3, 0x59A3, 0x59A3, 0x5183, 0x5183, 0x5183, 0x5183, 0x5183, 0x5183,
  0x5183, 0x5163, 0x5163, 0x5163, 0x4963, 0x4963, 0x4942, 0x4942, 0x4942, 0x4942, 0x4942, 0x4942,
  0x4942, 0x4942, 0x4942, 0x4942, 0x4922, 0x4922, 0x4922, 0x4922, 0x4922, 0x4922, 0x4922, 0x4922,
  0x4922, 0x4922, 0x4942, 0x4942, 0x4942, 0x4942, 0x4942, 0x4942, 0x4942, 0x4942, 0x5142, 0x5142,
  0x5162, 0x5162, 0x5162, 0x5162, 0x5163, 0x5183, 0x5183, 0x5983, 0x5983, 0x5983, 0x5983, 0x59A3,
  0x59A3, 0x59A3, 0x59A3, 0x61A3, 0x61C3, 0x61C3, 0x61C3, 0x61C3, 0x61C3, 0x61C3, 0x69E4, 0x38E2,
  0x0000, 0x0000, 0x1020, 0x0800, 0x0000, 0x0000, 0x1820, 0x1820, 0x0820, 0x1020, 0x1840, 0x0800,
  0x0000, 0x1020, 0x0000, 0x0800, 0x1020, 0x0000, 0x1000, 0x1840, 0x0000, 0x30A0, 0x5100, 0x2080,
  0xA261, 0x4900, 0x1840, 0x1840, 0x1020, 0x0820, 0x0820, 0x0800, 0x0800, 0x0800, 0x1840, 0x2040,
  0x1820, 0x1820, 0x1020, 0x0800, 0x0000, 0x0800, 0x0000, 0x0000, 0x0800, 0x0800, 0x0800, 0x0800,
  0x0820, 0x1840, 0x1840, 0x1840, 0x1840, 0x1860, 0x1860, 0x1860, 0x2060, 0x2080, 0x0820, 0x1020,
  0x1840, 0x2060, 0x2060, 0x2060, 0x2060, 0x2060, 0x2880, 0x2880, 0x28A0, 0x30A0, 0x38C0, 0x38C0,
  0x40E1, 0x4901, 0x4921, 0x4921, 0x4921, 0x4921, 0x1040, 0x1020, 0x1040, 0x1840, 0x1840, 0x1840,
  0x1840, 0x1840, 0x1840, 0x1840, 0x1020, 0x1020, 0x1840, 0x1840, 0x1020, 0x1020, 0x1020, 0x1020,
  0x1020, 0x1020, 0x0000, 0x0000, 0x0800, 0x0000, 0x0000, 0x0000, 0x0000, 0x1020, 0x1820, 0x2040,
  0x2040, 0x2040, 0x1840, 0x1020, 0x1040, 0x1040, 0x1020, 0x1840, 0x2060, 0x1840, 0x7181, 0x81C0,
  0x2880, 0x7160, 0x0000, 0x38A0, 0x1820, 0x1020, 0x2040, 0x0000, 0x1840, 0x1840, 0x1840, 0x0820,
  0x1840, 0x0000, 0x0000, 0x0820, 0x1020, 0x0000, 0x0000, 0x20C1, 0x7225, 0x6A04, 0x6A25, 0x7225,
  0x7225, 0x7225, 0x7225, 0x7225, 0x7225, 0x7225, 0x7225, 0x7225, 0x7225, 0x7225, 0x7225, 0x7225,
  0x6A25, 0x6A25, 0x6A04, 0x6A04, 0x6A04, 0x6A04, 0x61E4, 0x61E4, 0x61E4, 0x61E4, 0x61E4, 0x61C4,
  0x59C4, 0x59C3, 0x59C3, 0x59A3, 0x59A3, 0x59A3, 0x59A3, 0x5983, 0x5183, 0x5183, 0x5183, 0x5183,
  0x5183, 0x5183, 0x5163, 0x5163, 0x5163, 0x5163, 0x4963, 0x4962, 0x4963, 0x4962, 0x4942, 0x4942,
  0x4942, 0x4942, 0x4942, 0x4942, 0x4922, 0x4922, 0x4922, 0x4942, 0x4922, 0x4942, 0x4942, 0x4922,
  0x4922, 0x4942, 0x4942, 0x4942, 0x4942, 0x4942, 0x4942, 0x4942, 0x4942, 0x4942, 0x5142, 0x5142,
  0x5162, 0x5162, 0x5162, 0x5162, 0x5163, 0x5163, 0x5183, 0x5183, 0x5983, 0x5983, 0x5983, 0x59A3,
  0x59A3, 0x59A3, 0x59A3, 0x59A3, 0x59A3, 0x61C3, 0x61C3, 0x61C3, 0x61C3, 0x61C3, 0x69E4, 0x30E2,
  0x0000, 0x0000, 0x1020, 0x0800, 0x0000, 0x0000, 0x1020, 0x1020, 0x0820, 0x1020, 0x1840, 0x0800,
  0x0000, 0x1020, 0x0000, 0x0800, 0x1020, 0x0000, 0x1000, 0x1840, 0x0000, 0x3080, 0x5100, 0x2060,
  0xA241, 0x4900, 0x1840, 0x1840, 0x1020, 0x0820, 0x0800, 0x0800, 0x0800, 0x0800, 0x1840, 0x2040,
  0x1820, 0x1020, 0x1000, 0x0800, 0x0000, 0x0800, 0x0000, 0x0000, 0x0000, 0x0800, 0x0800, 0x0800,
  0x0820, 0x1840, 0x1840, 0x1840, 0x1840, 0x1860, 0x1860, 0x1860, 0x1860, 0x2060, 0x0800, 0x1020,
  0x1860, 0x2060, 0x2060, 0x2060, 0x2060, 0x2060, 0x2880, 0x28A0, 0x30A0, 0x30C0, 0x38C0, 0x38C0,
  0x40E1, 0x4101, 0x4921, 0x4901, 0x4921, 0x4901, 0x1040, 0x1020, 0x1040, 0x1840, 0x1840, 0x1840,
  0x1840, 0x1840, 0x1840, 0x1840, 0x1020, 0x1020, 0x1840, 0x1840, 0x1020, 0x1020, 0x1020, 0x1020,
  0x1020, 0x1020, 0x0000, 0x0000, 0x0800, 0x0000, 0x0000, 0x0000, 0x0000, 0x1020, 0x1820, 0x2040,
  0x2040, 0x2040, 0x1840, 0x1020, 0x1020, 0x1040, 0x1020, 0x1040, 0x2060, 0x1840, 0x7181, 0x81C0,
  0x2880, 0x6960, 0x0000, 0x38A0, 0x1820, 0x0820, 0x1840, 0x0000, 0x1840, 0x1840, 0x1840, 0x0820,
  0x1840, 0x0000, 0x0000, 0x0820, 0x1020, 0x0000, 0x0000, 0x20C1, 0x7224, 0x6A04, 0x6A24, 0x7224,
  0x7225, 0x7225, 0x7225, 0x7225, 0x7225, 0x7225, 0x7225, 0x7225, 0x7225, 0x7225, 0x7225, 0x7225,
  0x6A25, 0x6A24, 0x6A04, 0x6A04, 0x6A04, 0x6A04, 0x61E4, 0x61E4, 0x61E4, 0x61E4, 0x61C4, 0x61C4,
  0x61C3, 0x59C3, 0x59C3, 0x59C3, 0x59A3, 0x59A3, 0x59A3, 0x59A3, 0x59A3, 0x5183, 0x5183, 0x5183,
  0x5183, 0x5183, 0x5183, 0x5163, 0x5163, 0x5163, 0x5163, 0x4963, 0x4963, 0x4963, 0x4963, 0x4943,
  0x4942, 0x4942, 0x4942, 0x4942, 0x4942, 0x4922, 0x4922, 0x4942, 0x4942, 0x4942, 0x4942, 0x4942,
  0x4942, 0x4942, 0x4942, 0x4942, 0x4942, 0x4942, 0x4942, 0x4942, 0x4942, 0x4942, 0x5142, 0x5142,
  0x5142, 0x5162, 0x5162, 0x5162, 0x5162, 0x5162, 0x5182, 0x5183, 0x5983, 0x5983, 0x5983, 0x5983,
  0x5983, 0x59A3, 0x59A3, 0x59A3, 0x59A3, 0x61A3, 0x61A3, 0x61C3, 0x61C3, 0x61C3, 0x69E4, 0x30E2,
  0x0000, 0x0000, 0x1020, 0x0800, 0x0000, 0x0000, 0x1020, 0x1020, 0x0820, 0x1020, 0x1840, 0x0800,
  0x0000, 0x1020, 0x0000, 0x0800, 0x1020, 0x0000, 0x0800, 0x1840, 0x0000, 0x3080, 0x48E0, 0x2060,
  0x9A21, 0x40E0, 0x1840, 0x1840, 0x1020, 0x0820, 0x0800, 0x0800, 0x0800, 0x0800, 0x1840, 0x2040,
  0x1820, 0x1020, 0x1000, 0x0800, 0x0000, 0x0800, 0x0800, 0x0000, 0x0000, 0x0800, 0x0800, 0x0800,
  0x1020, 0x1840, 0x1840, 0x1840, 0x1840, 0x1840, 0x1840, 0x1860, 0x2060, 0x2080, 0x0820, 0x1020,
  0x1860, 0x2060, 0x2060, 0x2080, 0x2880, 0x2880, 0x2880, 0x2880, 0x2880, 0x30A0, 0x38C0, 0x38E0,
  0x40E1, 0x4101, 0x4901, 0x4901, 0x4921, 0x4901, 0x1040, 0x1020, 0x1020, 0x1840, 0x1840, 0x1840,
  0x1840, 0x1840, 0x1840, 0x1820, 0x1020, 0x1020, 0x1840, 0x1840, 0x1020, 0x1020, 0x1020, 0x1020,
  0x1020, 0x1020, 0x0000, 0x0000, 0x0800, 0x0000, 0x0000, 0x0000, 0x0000, 0x1020, 0x1820, 0x2040,
  0x2040, 0x2040, 0x1840, 0x1020, 0x1040, 0x1040, 0x1020, 0x1040, 0x2060, 0x1820, 0x6981, 0x79C0,
  0x2080, 0x6960, 0x0000, 0x30A0, 0x1020, 0x0820, 0x1840, 0x0000, 0x1840, 0x1840, 0x1840, 0x1020,
  0x1840, 0x0000, 0x0000, 0x0820, 0x1020, 0x0000, 0x0000, 0x20C1, 0x6A24, 0x6A04, 0x6A04, 0x6A24,
  0x6A25, 0x7225, 0x7225, 0x7225, 0x7225, 0x7225, 0x7225, 0x7225, 0x7225, 0x7225, 0x7225, 0x6A25,
  0x6A24, 0x6A04, 0x6A04, 0x6A04, 0x6A04, 0x6A04, 0x61E4, 0x61E4, 0x61E4, 0x61E4, 0x61E4, 0x61E4,
  0x61C4, 0x59C3, 0x59C3, 0x59C3, 0x59A3, 0x59A3, 0x59A3, 0x59A3, 0x59A3, 0x5983, 0x5983, 0x5183,
  0x5183, 0x5183, 0x5183, 0x5183, 0x5183, 0x5163, 0x5163, 0x5163, 0x5163, 0x4963, 0x4963, 0x4962,
  0x4943, 0x4943, 0x4942, 0x4942, 0x4942, 0x4942, 0x4942, 0x4942, 0x4942, 0x4942, 0x4942, 0x4942,
  0x4942, 0x4942, 0x4942, 0x4942, 0x4942, 0x4942, 0x4942, 0x4942, 0x4942, 0x4942, 0x5142, 0x5142,
  0x5142, 0x5162, 0x5162, 0x5162, 0x5162, 0x5162, 0x5182, 0x5983, 0x5182, 0x5983, 0x5983, 0x5983,
  0x5983, 0x5983, 0x59A3, 0x59A3, 0x59A3, 0x59A3, 0x59A3, 0x61A3, 0x61A3, 0x59A3, 0x61E4, 0x30E2,
  0x0000, 0x0000, 0x1020, 0x0800, 0x0000, 0x0000, 0x1020, 0x1020, 0x0820, 0x1020, 0x1040, 0x0800,
  0x0000, 0x1020, 0x0000, 0x0800, 0x1020, 0x0000, 0x0800, 0x1840, 0x0000, 0x3080, 0x48E0, 0x2060,
  0x9200, 0x40E0, 0x1840, 0x1840, 0x1020, 0x0800, 0x0800, 0x0800, 0x0800, 0x0800, 0x1820, 0x1820,
  0x1820, 0x1020, 0x1000, 0x0800, 0x0000, 0x0000, 0x0000, 0x0000, 0x0800, 0x0800, 0x0800, 0x0800,
  0x1020, 0x1840, 0x1840, 0x1860, 0x1860, 0x1860, 0x1860, 0x1860, 0x2060, 0x2080, 0x0820, 0x1020,
  0x1860, 0x1860, 0x2060, 0x2880, 0x2880, 0x2880, 0x28A0, 0x28A0, 0x30A0, 0x38C0, 0x38C0, 0x38E1,
  0x40E1, 0x4901, 0x4101, 0x4101, 0x4921, 0x4901, 0x1040, 0x1020, 0x1020, 0x1840, 0x1840, 0x1840,
  0x1840, 0x1840, 0x1840, 0x1020, 0x1020, 0x1020, 0x1840, 0x1840, 0x1020, 0x1020, 0x1020, 0x1020,
  0x1020, 0x1020, 0x0000, 0x0000, 0x0000, 0x0000, 0x0000, 0x0000, 0x0000, 0x1020, 0x1820, 0x2040,
  0x2040, 0x2040, 0x1840, 0x1020, 0x1020, 0x1020, 0x1020, 0x1040, 0x2060, 0x1840, 0x6980, 0x79A0,
  0x2080, 0x6940, 0x0000, 0x3080, 0x1020, 0x0820, 0x1840, 0x0000, 0x1840, 0x1840, 0x1840, 0x0820,
  0x1840, 0x0000, 0x0000, 0x0820, 0x1020, 0x0000, 0x0000, 0x20C1, 0x6A04, 0x6A04, 0x6A04, 0x6A04,
  0x6A04, 0x6A24, 0x6A25, 0x6A25, 0x7225, 0x7225, 0x7225, 0x7225, 0x6A25, 0x6A25, 0x6A25, 0x6A24,
  0x6A04, 0x6A04, 0x6A04, 0x6A04, 0x6A04, 0x61E4, 0x61E4, 0x61E4, 0x61E4, 0x61E4, 0x61E4, 0x61C4,
  0x61C4, 0x59C3, 0x59C3, 0x59C3, 0x59A3, 0x59A3, 0x59A3, 0x59A3, 0x59A3, 0x59A3, 0x5983, 0x5183,
  0x5183, 0x5183, 0x5183, 0x5183, 0x5183, 0x5183, 0x5163, 0x5163, 0x5163, 0x5163, 0x4963, 0x4962,
  0x4963, 0x4943, 0x4943, 0x4942, 0x4942, 0x4942, 0x4942, 0x4942, 0x4942, 0x4942, 0x4942, 0x4942,
  0x4942, 0x4942, 0x4942, 0x4942, 0x4942, 0x4942, 0x4942, 0x4942, 0x4942, 0x4942, 0x5142, 0x5142,
  0x5142, 0x5162, 0x5162, 0x5162, 0x5162, 0x5162, 0x5182, 0x5183, 0x5983, 0x5983, 0x5983, 0x5983,
  0x5983, 0x5983, 0x59A3, 0x59A3, 0x59A3, 0x59A3, 0x59A3, 0x59A3, 0x59A3, 0x59A3, 0x61C3, 0x30E1,
  0x0000, 0x0000, 0x1020, 0x0800, 0x0000, 0x0000, 0x1020, 0x1020, 0x0820, 0x1020, 0x1020, 0x0800,
  0x0000, 0x1020, 0x0000, 0x0800, 0x1020, 0x0000, 0x0800, 0x1820, 0x0000, 0x3080, 0x48E0, 0x2060,
  0x91E0, 0x38E0, 0x1840, 0x1840, 0x1020, 0x0800, 0x0820, 0x0800, 0x0800, 0x0800, 0x1820, 0x1820,
  0x1820, 0x1000, 0x1000, 0x0800, 0x0000, 0x0000, 0x0000, 0x0000, 0x0800, 0x0800, 0x0800, 0x0800,
  0x1020, 0x1840, 0x1840, 0x1860, 0x1860, 0x2060, 0x1860, 0x1860, 0x2060, 0x2080, 0x0820, 0x1020,
  0x1860, 0x2060, 0x2080, 0x2080, 0x2880, 0x2880, 0x28A0, 0x30A0, 0x30A0, 0x30C0, 0x38E1, 0x38E1,
  0x4101, 0x4101, 0x4101, 0x4101, 0x4921, 0x4901, 0x1040, 0x0820, 0x1020, 0x1840, 0x1840, 0x1840,
  0x1840, 0x1020, 0x1840, 0x1020, 0x1020, 0x1020, 0x1840, 0x1020, 0x1020, 0x1020, 0x1020, 0x1020,
  0x1020, 0x1020, 0x0000, 0x0000, 0x0800, 0x0000, 0x0000, 0x0000, 0x0000, 0x1020, 0x1820, 0x1840,
  0x2040, 0x2040, 0x1840, 0x1020, 0x1040, 0x1020, 0x1020, 0x1020, 0x1860, 0x1840, 0x6160, 0x7180,
  0x2060, 0x6940, 0x0000, 0x3080, 0x1020, 0x0800, 0x1820, 0x0000, 0x1840, 0x1840, 0x1840, 0x0820,
  0x1840, 0x0000, 0x0000, 0x0820, 0x1020, 0x0000, 0x0000, 0x20A1, 0x6A04, 0x61E4, 0x6A04, 0x6A04,
  0x6A04, 0x6A04, 0x6A04, 0x6A25, 0x6A24, 0x6A24, 0x6A24, 0x6A25, 0x6A24, 0x6A24, 0x6A24, 0x6A04,
  0x6A04, 0x6A04, 0x6A04, 0x6A04, 0x61E4, 0x61E4, 0x61E4, 0x61E4, 0x61E4, 0x61E4, 0x61E4, 0x61C4,
  0x61C3, 0x59C3, 0x59C3, 0x59C3, 0x59A3, 0x59A3, 0x59A3, 0x59A3, 0x59A3, 0x59A3, 0x5983, 0x5983,
  0x5183, 0x5183, 0x5183, 0x5183, 0x5183, 0x5183, 0x5163, 0x5163, 0x5163, 0x5163, 0x4963, 0x4963,
  0x4963, 0x4963, 0x4942, 0x4942, 0x4943, 0x4942, 0x4942, 0x4942, 0x4942, 0x4942, 0x4942, 0x4942,
  0x4942, 0x4942, 0x4942, 0x4942, 0x4942, 0x4942, 0x4942, 0x4942, 0x4942, 0x4942, 0x5142, 0x5142,
  0x5162, 0x5162, 0x5162, 0x5162, 0x5162, 0x5162, 0x5163, 0x5983, 0x5983, 0x5983, 0x5983, 0x5983,
  0x5983, 0x5983, 0x5983, 0x59A3, 0x59A3, 0x59A3, 0x59A3, 0x59A3, 0x59A3, 0x59A3, 0x61C3, 0x30E1,
  0x0000, 0x0000, 0x1020, 0x0000, 0x0000, 0x0000, 0x1020, 0x1020, 0x0820, 0x1020, 0x1020, 0x0800,
  0x0000, 0x1020, 0x0000, 0x0000, 0x1020, 0x0000, 0x0800, 0x1820, 0x0000, 0x2880, 0x40E0, 0x1840,
  0x89E0, 0x38C0, 0x1840, 0x1840, 0x1020, 0x0800, 0x0800, 0x0800, 0x0800, 0x0800, 0x1820, 0x1820,
  0x1820, 0x1000, 0x1000, 0x0800, 0x0000, 0x0000, 0x0000, 0x0000, 0x0000, 0x0800, 0x0800, 0x0800,
  0x1020, 0x1840, 0x1860, 0x1860, 0x1860, 0x2060, 0x2060, 0x2060, 0x2060, 0x2880, 0x0820, 0x1020,
  0x1860, 0x2060, 0x2080, 0x2080, 0x2880, 0x28A0, 0x2880, 0x30A0, 0x30A0, 0x30C0, 0x38E1, 0x38E1,
  0x4101, 0x4101, 0x4901, 0x4921, 0x4921, 0x4101, 0x1040, 0x0820, 0x1020, 0x1840, 0x1840, 0x1840,
  0x1840, 0x1040, 0x1840, 0x1020, 0x1020, 0x1020, 0x1020, 0x1020, 0x1020, 0x1020, 0x1020, 0x1020,
  0x1020, 0x1020, 0x0000, 0x0000, 0x0800, 0x0000, 0x0000, 0x0000, 0x0000, 0x1000, 0x1820, 0x1840,
  0x2040, 0x2040, 0x1840, 0x1020, 0x1040, 0x1020, 0x1020, 0x1020, 0x1860, 0x1820, 0x6140, 0x7180,
  0x2060, 0x6120, 0x0000, 0x2880, 0x1020, 0x0800, 0x1820, 0x0000, 0x1840, 0x1840, 0x1840, 0x1020,
  0x1040, 0x0000, 0x0000, 0x0820, 0x1020, 0x0000, 0x0000, 0x20A1, 0x6A04, 0x61E4, 0x6A04, 0x6A04,
  0x6A04, 0x6A04, 0x6A04, 0x6A04, 0x6A04, 0x6A04, 0x6A04, 0x6A24, 0x6A04, 0x6A04, 0x6A04, 0x6A04,
  0x6A04, 0x6A04, 0x6A04, 0x69E4, 0x61E4, 0x61E4, 0x61E4, 0x61E4, 0x61E4, 0x61E4, 0x61C4, 0x61C4,
  0x61C3, 0x59C3, 0x59C3, 0x59C3, 0x59A3, 0x59A3, 0x59A3, 0x59A3, 0x59A3, 0x59A3, 0x59A3, 0x5983,
  0x5983, 0x5183, 0x5183, 0x5183, 0x5183, 0x5163, 0x5163, 0x5163, 0x5163, 0x5163, 0x5163, 0x4962,
  0x4962, 0x4963, 0x4962, 0x4942, 0x4962, 0x4942, 0x4942, 0x4942, 0x4942, 0x4942, 0x4942, 0x4942,
  0x4942, 0x4942, 0x4942, 0x4942, 0x4942, 0x4942, 0x4942, 0x4942, 0x4942, 0x4942, 0x5142, 0x5162,
  0x5162, 0x5162, 0x5162, 0x5162, 0x5162, 0x5162, 0x5162, 0x5183, 0x5183, 0x5983, 0x5983, 0x5983,
  0x5983, 0x5983, 0x5983, 0x5983, 0x5983, 0x59A3, 0x59A3, 0x59A3, 0x59A3, 0x59A3, 0x61C3, 0x30E1,
  0x0000, 0x0000, 0x0820, 0x0000, 0x0000, 0x0000, 0x1020, 0x1020, 0x0820, 0x1020, 0x1020, 0x0800,
  0x0000, 0x1020, 0x0000, 0x0000, 0x0820, 0x0000, 0x0800, 0x1820, 0x0000, 0x2860, 0x40C0, 0x1840,
  0x89C0, 0x38C0, 0x1840, 0x1840, 0x1020, 0x0820, 0x0800, 0x0800, 0x0800, 0x0800, 0x1820, 0x1820,
  0x1820, 0x1000, 0x1000, 0x0800, 0x0000, 0x0000, 0x0000, 0x0000, 0x0000, 0x0800, 0x0800, 0x0800,
  0x1020, 0x1840, 0x1860, 0x1860, 0x1860, 0x2060, 0x2060, 0x2060, 0x2060, 0x2060, 0x0820, 0x1020,
  0x1860, 0x2060, 0x2080, 0x2080, 0x2880, 0x28A0, 0x28A0, 0x30A0, 0x30A0, 0x38C0, 0x38E1, 0x38E1,
  0x40E1, 0x4101, 0x4901, 0x4921, 0x4921, 0x4101, 0x1020, 0x0820, 0x1020, 0x1840, 0x1840, 0x1840,
  0x1840, 0x1040, 0x1840, 0x1040, 0x1020, 0x1020, 0x1020, 0x1020, 0x1020, 0x1040, 0x1020, 0x1020,
  0x1020, 0x1020, 0x0000, 0x0000, 0x0000, 0x0000, 0x0000, 0x0000, 0x0000, 0x1020, 0x1820, 0x1840,
  0x2040, 0x1840, 0x1840, 0x1020, 0x1040, 0x1020, 0x1020, 0x1040, 0x1840, 0x1020, 0x6140, 0x7180,
  0x2060, 0x6120, 0x0000, 0x2860, 0x1020, 0x0800, 0x1820, 0x0000, 0x1840, 0x1840, 0x1840, 0x1020,
  0x1040, 0x0000, 0x0000, 0x0800, 0x1020, 0x0000, 0x0000, 0x20A1, 0x6A04, 0x61E4, 0x69E4, 0x6A04,
  0x6A04, 0x6A04, 0x6A04, 0x6A04, 0x6A04, 0x6A04, 0x6A04, 0x6A04, 0x6A04, 0x6A04, 0x6A04, 0x6A04,
  0x6A04, 0x6A04, 0x69E4, 0x61E4, 0x61E4, 0x61E4, 0x61E4, 0x61E4, 0x61E4, 0x61E4, 0x61C4, 0x59C3,
  0x59C3, 0x59C3, 0x59C3, 0x59C3, 0x59A3, 0x59A3, 0x59A3, 0x59A3, 0x59A3, 0x59A3, 0x5983, 0x5983,
  0x5983, 0x5983, 0x5183, 0x5183, 0x5163, 0x5163, 0x5163, 0x5163, 0x5163, 0x5163, 0x4963, 0x4962,
  0x4963, 0x4963, 0x4963, 0x4963, 0x4962, 0x4942, 0x4942, 0x4942, 0x4942, 0x4942, 0x4942, 0x4942,
  0x4942, 0x4942, 0x4942, 0x4942, 0x4942, 0x4942, 0x4942, 0x4942, 0x4942, 0x5142, 0x5142, 0x5162,
  0x5162, 0x5162, 0x5162, 0x5162, 0x5162, 0x5162, 0x5162, 0x5162, 0x5162, 0x5183, 0x5183, 0x5183,
  0x5983, 0x5983, 0x5983, 0x5983, 0x5983, 0x5983, 0x5983, 0x5983, 0x59A3, 0x5983, 0x61A3, 0x30C1,
  0x0000, 0x0000, 0x0820, 0x0000, 0x0000, 0x0000, 0x1020, 0x1020, 0x0820, 0x1020, 0x1020, 0x0800,
  0x0000, 0x0820, 0x0000, 0x0000, 0x0800, 0x0000, 0x0800, 0x1820, 0x0000, 0x2860, 0x40C0, 0x1840,
  0x81A0, 0x38C0, 0x1840, 0x1840, 0x1020, 0x0800, 0x0800, 0x0800, 0x0800, 0x0800, 0x1820, 0x1820,
  0x1820, 0x1000, 0x0800, 0x0800, 0x0000, 0x0000, 0x0800, 0x0000, 0x0800, 0x0800, 0x0800, 0x0800,
  0x1020, 0x1840, 0x1860, 0x1860, 0x2060, 0x2060, 0x2060, 0x2060, 0x2080, 0x2060, 0x0820, 0x1040,
  0x2060, 0x2060, 0x2060, 0x2080, 0x2880, 0x2880, 0x28A0, 0x30C0, 0x30A0, 0x30C0, 0x30C0, 0x38C1,
  0x38E1, 0x4101, 0x4101, 0x4101, 0x4101, 0x40E0, 0x1040, 0x0820, 0x1020, 0x1840, 0x1840, 0x1840,
  0x1840, 0x1040, 0x1840, 0x1020, 0x1020, 0x1020, 0x1020, 0x1020, 0x1840, 0x1020, 0x1020, 0x1020,
  0x1020, 0x1020, 0x0000, 0x0000, 0x0000, 0x0000, 0x0000, 0x0000, 0x0000, 0x1020, 0x1020, 0x1840,
  0x2040, 0x1840, 0x1840, 0x1020, 0x1040, 0x1020, 0x1020, 0x1040, 0x1840, 0x1020, 0x5940, 0x6940,
  0x2060, 0x5900, 0x0000, 0x2860, 0x1020, 0x0800, 0x1820, 0x0000, 0x1040, 0x1840, 0x1840, 0x0820,
  0x1020, 0x0000, 0x0000, 0x0800, 0x1020, 0x0000, 0x0000, 0x20A1, 0x6A04, 0x61E4, 0x61E4, 0x61E4,
  0x6A04, 0x6A04, 0x6A04, 0x6A04, 0x6A04, 0x6A04, 0x6A04, 0x6A04, 0x6A04, 0x6A04, 0x6A04, 0x6A04,
  0x6A04, 0x61E4, 0x61E4, 0x61E4, 0x61E4, 0x61E4, 0x61E4, 0x61C4, 0x61C4, 0x61C4, 0x59C3, 0x59C3,
  0x59C3, 0x59C3, 0x59C3, 0x59A3, 0x59A3, 0x59A3, 0x59A3, 0x59A3, 0x59A3, 0x59A3, 0x5983, 0x5983,
  0x5983, 0x5183, 0x5183, 0x5183, 0x5183, 0x5163, 0x5163, 0x5163, 0x5163, 0x5163, 0x4963, 0x4963,
  0x4963, 0x4963, 0x4963, 0x4962, 0x4963, 0x4962, 0x4962, 0x4962, 0x4942, 0x4942, 0x4942, 0x4942,
  0x4942, 0x4942, 0x4942, 0x4942, 0x4942, 0x4942, 0x4942, 0x4942, 0x4942, 0x4942, 0x4942, 0x4942,
  0x5142, 0x5162, 0x5142, 0x5162, 0x5162, 0x5162, 0x5162, 0x5162, 0x5162, 0x5162, 0x5182, 0x5183,
  0x5183, 0x5183, 0x5983, 0x5983, 0x5983, 0x5983, 0x5983, 0x5983, 0x5983, 0x5183, 0x59A3, 0x28C1,
  0x0000, 0x0000, 0x0820, 0x0000, 0x0000, 0x0000, 0x1020, 0x1020, 0x0820, 0x1020, 0x1020, 0x0800,
  0x0000, 0x0820, 0x0000, 0x0000, 0x0800, 0x0000, 0x0800, 0x1020, 0x0000, 0x2860, 0x40C0, 0x1840,
  0x81A0, 0x30A0, 0x1840, 0x1840, 0x1020, 0x0800, 0x0800, 0x0800, 0x0800, 0x0800, 0x1820, 0x1820,
  0x1820, 0x1000, 0x0800, 0x0800, 0x0000, 0x0000, 0x0800, 0x0000, 0x0000, 0x0800, 0x0800, 0x0800,
  0x1040, 0x1840, 0x1840, 0x1860, 0x2060, 0x2060, 0x2060, 0x2060, 0x2060, 0x2880, 0x0820, 0x1040,
  0x2060, 0x2080, 0x2080, 0x2880, 0x28A0, 0x2880, 0x28A0, 0x30A0, 0x30A0, 0x30C0, 0x30C0, 0x30C0,
  0x38E1, 0x40E1, 0x40E1, 0x40E1, 0x4101, 0x40E1, 0x1040, 0x0820, 0x1020, 0x1020, 0x1040, 0x1040,
  0x1840, 0x1840, 0x1040, 0x1020, 0x1020, 0x1020, 0x1020, 0x1020, 0x1040, 0x1020, 0x1020, 0x1020,
  0x1020, 0x1020, 0x0000, 0x0000, 0x0000, 0x0000, 0x0000, 0x0000, 0x0000, 0x1020, 0x1020, 0x1840,
  0x1840, 0x1840, 0x1840, 0x1040, 0x1040, 0x1040, 0x1020, 0x1020, 0x1840, 0x1840, 0x5900, 0x5920,
  0x1840, 0x58E0, 0x0000, 0x2860, 0x1020, 0x0800, 0x1020, 0x0000, 0x1020, 0x1840, 0x1840, 0x0820,
  0x1020, 0x0000, 0x0000, 0x0800, 0x1020, 0x0000, 0x0000, 0x20A1, 0x69E4, 0x61E4, 0x61E4, 0x61E4,
  0x69E4, 0x69E4, 0x69E4, 0x6A04, 0x6A04, 0x6A04, 0x6A04, 0x69E4, 0x69E4, 0x61E4, 0x61E4, 0x61E4,
  0x61E4, 0x61E4, 0x61E4, 0x61E4, 0x61E4, 0x61E4, 0x61E4, 0x61C4, 0x61C4, 0x59C3, 0x59C3, 0x59C3,
  0x59C3, 0x59C3, 0x59A3, 0x59A3, 0x59A3, 0x59A3, 0x59A3, 0x59A3, 0x59A3, 0x59A3, 0x59A3, 0x5983,
  0x5983, 0x5183, 0x5183, 0x5183, 0x5183, 0x5183, 0x5163, 0x5163, 0x5163, 0x5163, 0x5163, 0x5163,
  0x5163, 0x5163, 0x5163, 0x5163, 0x4963, 0x4962, 0x4962, 0x4962, 0x4962, 0x4942, 0x4942, 0x4942,
  0x4942, 0x4942, 0x4942, 0x4942, 0x4942, 0x4942, 0x4942, 0x4942, 0x4942, 0x4942, 0x4942, 0x4942,
  0x5142, 0x5142, 0x5142, 0x5142, 0x5162, 0x5162, 0x5162, 0x5162, 0x5162, 0x5163, 0x5162, 0x5162,
  0x5162, 0x5162, 0x5183, 0x5983, 0x5183, 0x5983, 0x5983, 0x5983, 0x5983, 0x5183, 0x59A3, 0x28C1,
  0x0000, 0x0000, 0x0820, 0x0000, 0x0000, 0x0000, 0x1020, 0x1020, 0x0820, 0x1020, 0x1020, 0x0000,
  0x0000, 0x0800, 0x0000, 0x0000, 0x0800, 0x0000, 0x0800, 0x1020, 0x0000, 0x2860, 0x38A0, 0x1840,
  0x7980, 0x30A0, 0x1840, 0x1840, 0x1020, 0x0800, 0x0800, 0x0800, 0x0800, 0x0800, 0x1820, 0x1820,
  0x1020, 0x1000, 0x0800, 0x0800, 0x0000, 0x0000, 0x0800, 0x0800, 0x0800, 0x0800, 0x0800, 0x0800,
  0x1040, 0x1860, 0x1860, 0x1840, 0x1860, 0x2060, 0x2060, 0x2060, 0x2080, 0x2880, 0x1020, 0x1040,
  0x2060, 0x2080, 0x2880, 0x28A0, 0x2880, 0x2880, 0x28A0, 0x30A0, 0x30C0, 0x30C0, 0x38C0, 0x38C0,
  0x38E1, 0x38E1, 0x38E0, 0x40E1, 0x40E1, 0x4101, 0x1040, 0x0820, 0x1020, 0x1020, 0x1020, 0x1040,
  0x1840, 0x1840, 0x1040, 0x1020, 0x1020, 0x1020, 0x1020, 0x1040, 0x1020, 0x1020, 0x1020, 0x1020,
  0x1020, 0x1020, 0x0000, 0x0000, 0x0000, 0x0000, 0x0000, 0x0000, 0x0000, 0x1020, 0x1020, 0x1820,
  0x1840, 0x1840, 0x1840, 0x1040, 0x1040, 0x1020, 0x1020, 0x1020, 0x1840, 0x1020, 0x5100, 0x5900,
  0x1840, 0x50E0, 0x0000, 0x2060, 0x1020, 0x0000, 0x1020, 0x0000, 0x1020, 0x1840, 0x1840, 0x0820,
  0x1020, 0x0000, 0x0000, 0x0820, 0x1020, 0x0000, 0x0000, 0x20A1, 0x61E4, 0x61E4, 0x61E4, 0x61E4,
  0x69E4, 0x69E4, 0x61E4, 0x61E4, 0x61E4, 0x61E4, 0x61E4, 0x61E4, 0x61E4, 0x61E4, 0x61E4, 0x61E4,
  0x61E4, 0x61E4, 0x61E4, 0x61E4, 0x61E4, 0x61C4, 0x61C4, 0x59C4, 0x59C3, 0x59C3, 0x59A3, 0x59C3,
  0x59C3, 0x59A3, 0x59C3, 0x59A3, 0x59A3, 0x59A3, 0x59A3, 0x59A3, 0x59A3, 0x59A3, 0x5983, 0x5983,
  0x5183, 0x5183, 0x5183, 0x5183, 0x5183, 0x5183, 0x5183, 0x5163, 0x5163, 0x5163, 0x5163, 0x5163,
  0x5163, 0x5163, 0x5163, 0x5163, 0x5163, 0x5163, 0x5162, 0x4962, 0x4962, 0x4962, 0x4962, 0x4942,
  0x4942, 0x4942, 0x4942, 0x4942, 0x4942, 0x4942, 0x4942, 0x4942, 0x4942, 0x4942, 0x4942, 0x4942,
  0x4942, 0x5142, 0x4942, 0x5142, 0x5142, 0x5162, 0x5162, 0x5162, 0x5162, 0x5162, 0x5162, 0x5163,
  0x5163, 0x5163, 0x5162, 0x5163, 0x5183, 0x5183, 0x5183, 0x5183, 0x5183, 0x5183, 0x59A3, 0x28C1,
  0x0000, 0x0000, 0x0800, 0x0000, 0x0000, 0x0000, 0x1020, 0x0820, 0x1020, 0x1020, 0x1020, 0x0000,
  0x0000, 0x0800, 0x0000, 0x0000, 0x0800, 0x0000, 0x0800, 0x1020, 0x0000, 0x2060, 0x38A0, 0x1040,
  0x7160, 0x30A0, 0x1840, 0x1840, 0x1020, 0x0800, 0x0800, 0x0800, 0x0800, 0x0800, 0x1820, 0x1820,
  0x1020, 0x1000, 0x0800, 0x0800, 0x0000, 0x0000, 0x0800, 0x0000, 0x0800, 0x0800, 0x0800, 0x0800,
  0x1040, 0x1860, 0x1860, 0x1860, 0x1860, 0x1860, 0x2060, 0x2080, 0x2880, 0x2880, 0x1020, 0x1040,
  0x2060, 0x2080, 0x2880, 0x2880, 0x2880, 0x2880, 0x28A0, 0x30A0, 0x30A0, 0x30A0, 0x30C0, 0x30C0,
  0x38C0, 0x38C0, 0x38E0, 0x38E1, 0x40E1, 0x40E1, 0x1040, 0x0820, 0x1020, 0x1020, 0x1040, 0x1040,
  0x1840, 0x1040, 0x1040, 0x1020, 0x1020, 0x1020, 0x1020, 0x1020, 0x1020, 0x1020, 0x1020, 0x1020,
  0x1020, 0x1020, 0x0000, 0x0000, 0x0000, 0x0000, 0x0000, 0x0000, 0x0000, 0x1000, 0x1020, 0x1820,
  0x1840, 0x1820, 0x1840, 0x1040, 0x1840, 0x1020, 0x0820, 0x1020, 0x1840, 0x1020, 0x48E0, 0x50E0,
  0x1840, 0x48C0, 0x0000, 0x2060, 0x1020, 0x0000, 0x1020, 0x0000, 0x1020, 0x1040, 0x1040, 0x0820,
  0x1020, 0x0000, 0x0000, 0x0800, 0x0820, 0x0000, 0x0000, 0x20A1, 0x61E4, 0x59C4, 0x61C4, 0x61E4,
  0x61E4, 0x61E4, 0x61E4, 0x61E4, 0x61E4, 0x61E4, 0x61E4, 0x61E4, 0x61E4, 0x61E4, 0x61E4, 0x61C4,
  0x61C4, 0x61C4, 0x59C4, 0x59C4, 0x59C4, 0x59C4, 0x59C4, 0x59C3, 0x59A3, 0x59A3, 0x59A3, 0x59A3,
  0x59A3, 0x59A3, 0x59A3, 0x59A3, 0x59A3, 0x59A3, 0x5983, 0x5183, 0x5183, 0x5183, 0x5183, 0x5183,
  0x5183, 0x5183, 0x5183, 0x5183, 0x5183, 0x5163, 0x5163, 0x5163, 0x5163, 0x5163, 0x5163, 0x5163,
  0x5163, 0x5163, 0x5163, 0x5163, 0x5163, 0x5163, 0x4963, 0x4962, 0x4962, 0x4962, 0x4962, 0x4962,
  0x4942, 0x4942, 0x4942, 0x4942, 0x4942, 0x4942, 0x4942, 0x4942, 0x4942, 0x4942, 0x4942, 0x4942,
  0x4942, 0x4942, 0x4942, 0x4942, 0x4942, 0x4942, 0x5162, 0x5162, 0x5162, 0x5162, 0x5162, 0x5162,
  0x5162, 0x5162, 0x5162, 0x5162, 0x5162, 0x5163, 0x5163, 0x5163, 0x5163, 0x5183, 0x59A3, 0x28C1,
  0x0000, 0x0000, 0x0800, 0x0000, 0x0000, 0x0000, 0x1020, 0x0820, 0x1020, 0x1020, 0x1020, 0x0000,
  0x0000, 0x0800, 0x0000, 0x0000, 0x0800, 0x0000, 0x0800, 0x1020, 0x0000, 0x2060, 0x3080, 0x1020,
  0x6940, 0x3080, 0x1840, 0x1840, 0x1020, 0x0800, 0x0800, 0x0800, 0x0800, 0x0800, 0x1820, 0x1820,
  0x1020, 0x1000, 0x0800, 0x0800, 0x0000, 0x0000, 0x0000, 0x0000, 0x0000, 0x0800, 0x0800, 0x0800,
  0x1040, 0x1860, 0x1860, 0x2060, 0x1860, 0x2060, 0x2060, 0x2080, 0x2880, 0x2880, 0x1020, 0x1040,
  0x2060, 0x2080, 0x2080, 0x2880, 0x28A0, 0x28A0, 0x30A0, 0x30A0, 0x30C0, 0x30C0, 0x38C0, 0x30A0,
  0x30C0, 0x38C0, 0x38E0, 0x38E1, 0x38E1, 0x40E1, 0x1040, 0x0820, 0x1020, 0x1020, 0x1040, 0x1040,
  0x1040, 0x1020, 0x1020, 0x1020, 0x1020, 0x1020, 0x1020, 0x1020, 0x1020, 0x1020, 0x1020, 0x1020,
  0x1020, 0x1020, 0x0000, 0x0000, 0x0000, 0x0000, 0x0000, 0x0000, 0x0000, 0x1000, 0x1020, 0x1820,
  0x1840, 0x1820, 0x1840, 0x1020, 0x1040, 0x1020, 0x0820, 0x1020, 0x1840, 0x1040, 0x40C0, 0x48C0,
  0x1040, 0x40A0, 0x0000, 0x1840, 0x0820, 0x0000, 0x1020, 0x0000, 0x1020, 0x1040, 0x1040, 0x0800,
  0x1020, 0x0000, 0x0000, 0x0800, 0x0820, 0x0000, 0x0000, 0x20A1, 0x7224, 0x61E4, 0x6A04, 0x6A04,
  0x6A04, 0x6A04, 0x6A04, 0x6A04, 0x6A04, 0x6A04, 0x6A04, 0x6A04, 0x6A04, 0x6A04, 0x69E4, 0x69E4,
  0x69E4, 0x61E4, 0x61E4, 0x61E4, 0x61E4, 0x61E4, 0x61E4, 0x61E4, 0x61E4, 0x61E4, 0x61E4, 0x61E4,
  0x61C4, 0x61C4, 0x61C4, 0x61C3, 0x61C3, 0x59C3, 0x59C3, 0x59A3, 0x59A3, 0x59A3, 0x59A3, 0x59A3,
  0x59A3, 0x59A3, 0x59A3, 0x59A3, 0x59A3, 0x59A3, 0x59A3, 0x5983, 0x59A3, 0x59A3, 0x59A3, 0x59A3,
  0x59A3, 0x5983, 0x59A3, 0x5983, 0x5983, 0x5983, 0x5183, 0x5183, 0x5183, 0x5183, 0x5183, 0x5183,
  0x5163, 0x5163, 0x5162, 0x5162, 0x5162, 0x5162, 0x5162, 0x5162, 0x5162, 0x5162, 0x5162, 0x5162,
  0x5162, 0x5162, 0x5162, 0x5162, 0x5162, 0x5162, 0x5182, 0x5983, 0x5983, 0x5983, 0x5983, 0x5983,
  0x5983, 0x5983, 0x5983, 0x5983, 0x5983, 0x5983, 0x5983, 0x5983, 0x5983, 0x5983, 0x61A3, 0x28C1,
  0x0000, 0x0000, 0x0820, 0x0000, 0x0000, 0x0000, 0x1020, 0x0820, 0x1020, 0x1020, 0x1020, 0x0000,
  0x0000, 0x0800, 0x0000, 0x0000, 0x0800, 0x0000, 0x0800, 0x0800, 0x0000, 0x1840, 0x2880, 0x1040,
  0x6120, 0x2880, 0x1840, 0x1840, 0x1020, 0x0800, 0x0800, 0x0800, 0x0800, 0x0800, 0x1020, 0x1820,
  0x1020, 0x1000, 0x0800, 0x0800, 0x0000, 0x0000, 0x0000, 0x0000, 0x0000, 0x0800, 0x0800, 0x0800,
  0x1020, 0x1840, 0x1860, 0x2060, 0x1860, 0x2060, 0x2060, 0x2060, 0x2080, 0x2880, 0x1020, 0x1040,
  0x2060, 0x2080, 0x2080, 0x2880, 0x28A0, 0x30A0, 0x30A0, 0x30C0, 0x30C0, 0x30A0, 0x30A0, 0x30A0,
  0x30A0, 0x38E1, 0x30C0, 0x38C1, 0x38E1, 0x38E1, 0x1020, 0x0820, 0x1020, 0x1020, 0x1020, 0x1020,
  0x1020, 0x1020, 0x1020, 0x1020, 0x1020, 0x1020, 0x1020, 0x1020, 0x1020, 0x1020, 0x1020, 0x1020,
  0x1020, 0x1020, 0x0000, 0x0000, 0x0000, 0x0000, 0x0000, 0x0000, 0x0000, 0x1000, 0x1020, 0x1820,
  0x1840, 0x1820, 0x1820, 0x1020, 0x1040, 0x1020, 0x0820, 0x1020, 0x1840, 0x1040, 0x38A0, 0x40A0,
  0x1020, 0x38A0, 0x0000, 0x1840, 0x0800, 0x0000, 0x1020, 0x0000, 0x1020, 0x1040, 0x1040, 0x0820,
  0x1020, 0x0000, 0x0000, 0x0820, 0x0820, 0x0000, 0x0000, 0x1060, 0x3902, 0x30E2, 0x30E2, 0x3102,
  0x3102, 0x30E2, 0x30E2, 0x30E2, 0x30E2, 0x30E2, 0x30E2, 0x30E2, 0x30E2, 0x30E2, 0x30E2, 0x30E2,
  0x30E2, 0x30E2, 0x30E2, 0x30E2, 0x30E2, 0x30E2, 0x30E2, 0x30E2, 0x30E2, 0x30E2, 0x30E2, 0x30E2,
  0x30E1, 0x30E1, 0x30E2, 0x30E1, 0x28E1, 0x28E1, 0x28E1, 0x28E1, 0x28E1, 0x28E1, 0x28C1, 0x28C1,
  0x28C1, 0x28C1, 0x28C1, 0x28C1, 0x28C1, 0x28C1, 0x28C1, 0x28C1, 0x28C1, 0x28C1, 0x28C1, 0x28C1,
  0x28C1, 0x28C1, 0x28C1, 0x28C1, 0x28C1, 0x28C1, 0x28C1, 0x28C1, 0x28C1, 0x28C1, 0x28C1, 0x28C1,
  0x28C1, 0x28C1, 0x28C1, 0x28C1, 0x28C1, 0x28A1, 0x28A1, 0x28A1, 0x28A1, 0x28A1, 0x28A1, 0x28A1,
  0x28A1, 0x28C1, 0x28C1, 0x28C1, 0x28C1, 0x28C1, 0x28C1, 0x28C1, 0x28C1, 0x28C1, 0x28C1, 0x28C1,
  0x28C1, 0x28C1, 0x28C1, 0x28C1, 0x28C1, 0x28C1, 0x28C1, 0x28C1, 0x30C1, 0x28C1, 0x30E1, 0x1860,
  0x0000, 0x0000, 0x0820, 0x0000, 0x0000, 0x0000, 0x0820, 0x0800, 0x1020, 0x1020, 0x1020, 0x0000,
  0x0000, 0x0800, 0x0000, 0x0000, 0x0800, 0x0000, 0x0800, 0x0800, 0x0000, 0x1840, 0x2860, 0x1020,
  0x5900, 0x2860, 0x1040, 0x1040, 0x1020, 0x0800, 0x0800, 0x0800, 0x0800, 0x0800, 0x1020, 0x1820,
  0x1000, 0x1000, 0x0800, 0x0800, 0x0000, 0x0000, 0x0000, 0x0000, 0x0800, 0x0800, 0x0800, 0x0800,
  0x1020, 0x1840, 0x1840, 0x1840, 0x1860, 0x2060, 0x2060, 0x2060, 0x2060, 0x2080, 0x1020, 0x1040,
  0x2060, 0x2060, 0x2880, 0x2880, 0x28A0, 0x28A0, 0x30A0, 0x30A0, 0x30A0, 0x30A0, 0x30A0, 0x30A0,
  0x30A0, 0x38E0, 0x30C0, 0x30C0, 0x38C1, 0x38E1, 0x1020, 0x0820, 0x1020, 0x1040, 0x1040, 0x1020,
  0x1040, 0x1020, 0x1020, 0x1020, 0x1020, 0x1020, 0x1020, 0x1020, 0x1020, 0x1020, 0x1020, 0x1020,
  0x1020, 0x1020, 0x0000, 0x0000, 0x0000, 0x0000, 0x0000, 0x0000, 0x0000, 0x1000, 0x1020, 0x1820,
  0x1840, 0x1820, 0x1840, 0x1020, 0x1040, 0x1020, 0x0820, 0x1020, 0x1040, 0x1020, 0x3880, 0x3880,
  0x1020, 0x3080, 0x0000, 0x1020, 0x0800, 0x0000, 0x1020, 0x0000, 0x1020, 0x1020, 0x1040, 0x0800,
  0x0820, 0x0000, 0x0000, 0x0800, 0x0820, 0x0000, 0x0000, 0x0000, 0x0000, 0x0000, 0x0000, 0x0000,
  0x0000, 0x0000, 0x0000, 0x0000, 0x0000, 0x0000, 0x0000, 0x0000, 0x0000, 0x0000, 0x0000, 0x0000,
  0x0000, 0x0000, 0x0000, 0x0000, 0x0000, 0x0000, 0x0000, 0x0000, 0x0000, 0x0000, 0x0000, 0x0000,
  0x0000, 0x0000, 0x0000, 0x0000, 0x0000, 0x0000, 0x0000, 0x0000, 0x0000, 0x0000, 0x0000, 0x0000,
  0x0000, 0x0000, 0x0000, 0x0000, 0x0000, 0x0000, 0x0000, 0x0000, 0x0000, 0x0000, 0x0000, 0x0000,
  0x0000, 0x0000, 0x0000, 0x0000, 0x0000, 0x0000, 0x0000, 0x0000, 0x0000, 0x0000, 0x0000, 0x0000,
  0x0000, 0x0000, 0x0000, 0x0000, 0x0000, 0x0000, 0x0000, 0x0000, 0x0000, 0x0000, 0x0000, 0x0000,
  0x0000, 0x0000, 0x0000, 0x0000, 0x0000, 0x0000, 0x0000, 0x0000, 0x0000, 0x0000, 0x0000, 0x0000,
  0x0000, 0x0000, 0x0000, 0x0000, 0x0000, 0x0000, 0x0000, 0x0000, 0x0000, 0x0000, 0x0000, 0x0000,
  0x0000, 0x0000, 0x0820, 0x0000, 0x0000, 0x0000, 0x0820, 0x0800, 0x1020, 0x1020, 0x1020, 0x0000,
  0x0000, 0x0800, 0x0000, 0x0000, 0x0800, 0x0000, 0x0800, 0x0800, 0x0000, 0x1840, 0x2060, 0x1020,
  0x50E0, 0x2060, 0x1040, 0x1020, 0x0820, 0x0800, 0x0800, 0x0800, 0x0800, 0x0800, 0x1020, 0x1820,
  0x1000, 0x1000, 0x0800, 0x0800, 0x0000, 0x0000, 0x0000, 0x0000, 0x0800, 0x0800, 0x0800, 0x0000,
  0x1040, 0x1860, 0x1840, 0x1860, 0x1840, 0x1840, 0x2060, 0x2060, 0x2080, 0x2080, 0x1020, 0x1040,
  0x2060, 0x2060, 0x2880, 0x2880, 0x2880, 0x2880, 0x2880, 0x28A0, 0x30A0, 0x30A0, 0x30A0, 0x30A0,
  0x30A0, 0x30C0, 0x30A0, 0x30C0, 0x38C0, 0x38C0, 0x1020, 0x0820, 0x1020, 0x1040, 0x1020, 0x1020,
  0x1020, 0x1020, 0x1020, 0x1020, 0x1020, 0x1020, 0x1020, 0x1020, 0x1020, 0x1020, 0x1020, 0x1020,
  0x1020, 0x1020, 0x0000, 0x0000, 0x0000, 0x0000, 0x0000, 0x0000, 0x0000, 0x0800, 0x1020, 0x1820,
  0x1820, 0x1820, 0x1840, 0x1020, 0x1020, 0x1020, 0x0820, 0x1020, 0x1020, 0x1020, 0x3080, 0x3080,
  0x0820, 0x2860, 0x0000, 0x1020, 0x0800, 0x0000, 0x0820, 0x0000, 0x1020, 0x1020, 0x1040, 0x0800,
  0x0820, 0x0000, 0x0000, 0x0800, 0x0820, 0x0000, 0x0000, 0x0000, 0x0000, 0x0000, 0x0000, 0x0000,
  0x0000, 0x0000, 0x0000, 0x0000, 0x0000, 0x0000, 0x0000, 0x0000, 0x0000, 0x0000, 0x0000, 0x0000,
  0x0000, 0x0000, 0x0000, 0x0000, 0x0000, 0x0000, 0x0000, 0x0000, 0x0000, 0x0000, 0x0000, 0x0000,
  0x0000, 0x0000, 0x0000, 0x0000, 0x0000, 0x0000, 0x0000, 0x0000, 0x0000, 0x0000, 0x0000, 0x0000,
  0x0000, 0x0000, 0x0000, 0x0000, 0x0000, 0x0000, 0x0000, 0x0000, 0x0000, 0x0000, 0x0000, 0x0000,
  0x0000, 0x0000, 0x0000, 0x0000, 0x0000, 0x0000, 0x0000, 0x0000, 0x0000, 0x0000, 0x0000, 0x0000,
  0x0000, 0x0000, 0x0000, 0x0000, 0x0000, 0x0000, 0x0000, 0x0000, 0x0000, 0x0000, 0x0000, 0x0000,
  0x0000, 0x0000, 0x0000, 0x0000, 0x0000, 0x0000, 0x0000, 0x0000, 0x0000, 0x0000, 0x0000, 0x0000,
  0x0000, 0x0000, 0x0000, 0x0000, 0x0000, 0x0000, 0x0000, 0x0000, 0x0000, 0x0000, 0x0000, 0x0000,
  0x0000, 0x0000, 0x0820, 0x0000, 0x0000, 0x0000, 0x0820, 0x0800, 0x1020, 0x1020, 0x1020, 0x0000,
  0x0000, 0x0800, 0x0000, 0x0000, 0x0800, 0x0000, 0x0000, 0x0800, 0x0000, 0x1820, 0x2040, 0x0820,
  0x48C0, 0x2060, 0x1020, 0x1020, 0x0820, 0x0800, 0x0800, 0x0800, 0x0800, 0x0800, 0x1020, 0x1020,
  0x1000, 0x1000, 0x0800, 0x0800, 0x0000, 0x0000, 0x0000, 0x0000, 0x0800, 0x0800, 0x0000, 0x0000,
  0x1020, 0x1840, 0x1860, 0x2060, 0x2060, 0x1840, 0x2060, 0x2060, 0x2060, 0x2060, 0x0820, 0x1040,
  0x2060, 0x2060, 0x2080, 0x2880, 0x2880, 0x2880, 0x2880, 0x2880, 0x2880, 0x30A0, 0x30A0, 0x30A0,
  0x30A0, 0x30A0, 0x30C0, 0x30C0, 0x30A0, 0x38C0, 0x0820, 0x0820, 0x1020, 0x1020, 0x1020, 0x1020,
  0x1020, 0x1020, 0x1020, 0x1020, 0x1020, 0x1020, 0x1020, 0x1020, 0x1020, 0x1020, 0x1020, 0x1020,
  0x1020, 0x1020, 0x0000, 0x0000, 0x0000, 0x0000, 0x0000, 0x0000, 0x0000, 0x0800, 0x1020, 0x1820,
  0x1820, 0x1820, 0x1020, 0x1020, 0x1020, 0x1020, 0x0820, 0x1020, 0x1020, 0x1020, 0x2860, 0x2860,
  0x0820, 0x2860, 0x0000, 0x1020, 0x0800, 0x0000, 0x0820, 0x0000, 0x1020, 0x1020, 0x1020, 0x0800,
  0x0820, 0x0000, 0x0000, 0x0000, 0x1040, 0x1860, 0x1860, 0x1860, 0x1840, 0x1040, 0x1040, 0x1040,
  0x1040, 0x1040, 0x1040, 0x1040, 0x1040, 0x1040, 0x1040, 0x1040, 0x1040, 0x1040, 0x1040, 0x1040,
  0x1040, 0x1040, 0x1020, 0x1040, 0x1040, 0x1040, 0x1040, 0x1020, 0x0820, 0x0820, 0x0820, 0x0820,
  0x0820, 0x0820, 0x0820, 0x0820, 0x0820, 0x0820, 0x0820, 0x0820, 0x0820, 0x0820, 0x0820, 0x0800,
  0x0800, 0x0800, 0x0000, 0x0000, 0x0000, 0x0000, 0x0000, 0x0000, 0x0000, 0x0000, 0x0000, 0x0000,
  0x0000, 0x0000, 0x0000, 0x0000, 0x0000, 0x0000, 0x0000, 0x0000, 0x0000, 0x0000, 0x0000, 0x0000,
  0x0000, 0x0000, 0x0000, 0x0000, 0x0000, 0x0000, 0x0000, 0x0000, 0x0000, 0x0000, 0x0000, 0x0000,
  0x0000, 0x0000, 0x0000, 0x0000, 0x0000, 0x0000, 0x0000, 0x0000, 0x0000, 0x0000, 0x0000, 0x0000,
  0x0800, 0x0800, 0x0800, 0x0820, 0x0820, 0x0820, 0x0820, 0x0820, 0x0820, 0x0820, 0x1020, 0x1040,
  0x1840, 0x1840, 0x1020, 0x0000, 0x0000, 0x0000, 0x0800, 0x0800, 0x1020, 0x1020, 0x0820, 0x0000,
  0x0000, 0x0800, 0x0000, 0x0000, 0x0000, 0x0000, 0x0000, 0x0800, 0x0000, 0x1020, 0x1840, 0x0820,
  0x38A0, 0x1840, 0x1020, 0x1020, 0x0820, 0x0800, 0x0800, 0x0800, 0x0800, 0x0800, 0x1020, 0x1020,
  0x1000, 0x0800, 0x0800, 0x0800, 0x0000, 0x0000, 0x0000, 0x0000, 0x0800, 0x0000, 0x0800, 0x0000,
  0x1020, 0x1840, 0x1860, 0x1860, 0x2060, 0x1840, 0x2060, 0x2060, 0x2060, 0x2880, 0x0820, 0x1040,
  0x2060, 0x2080, 0x2060, 0x2080, 0x2080, 0x2080, 0x2880, 0x2880, 0x2880, 0x2880, 0x2880, 0x2080,
  0x2080, 0x2060, 0x1860, 0x2060, 0x1840, 0x1040, 0x0820, 0x0820, 0x0820, 0x1020, 0x1020, 0x1020,
  0x1020, 0x1020, 0x1040, 0x1020, 0x1020, 0x1020, 0x1020, 0x1020, 0x1020, 0x1020, 0x1020, 0x1020,
  0x1020, 0x1020, 0x0000, 0x0000, 0x0000, 0x0000, 0x0000, 0x0000, 0x0000, 0x0800, 0x1020, 0x1020,
  0x1820, 0x1820, 0x1020, 0x1020, 0x1020, 0x1020, 0x0820, 0x0820, 0x1020, 0x1020, 0x2060, 0x2060,
  0x0800, 0x2060, 0x0000, 0x0820, 0x0800, 0x0000, 0x0820, 0x0000, 0x0820, 0x1020, 0x1040, 0x0800,
  0x0820, 0x0000, 0x0000, 0x0000, 0x0820, 0x1020, 0x0820, 0x0800, 0x0000, 0x0000, 0x0000, 0x0000,
  0x0000, 0x0000, 0x0000, 0x0000, 0x0000, 0x0000, 0x0000, 0x0000, 0x0000, 0x0000, 0x0000, 0x0000,
  0x0000, 0x0000, 0x0000, 0x0000, 0x0000, 0x0000, 0x0000, 0x0000, 0x0000, 0x0000, 0x0000, 0x0000,
  0x0000, 0x0000, 0x0000, 0x0000, 0x0000, 0x0000, 0x0000, 0x0000, 0x0000, 0x0000, 0x0000, 0x0000,
  0x0000, 0x0000, 0x0000, 0x0000, 0x0000, 0x0000, 0x0000, 0x0000, 0x0000, 0x0000, 0x0000, 0x0000,
  0x0000, 0x0000, 0x0000, 0x0000, 0x0000, 0x0000, 0x0000, 0x0000, 0x0000, 0x0000, 0x0000, 0x0000,
  0x0000, 0x0000, 0x0000, 0x0000, 0x0000, 0x0000, 0x0000, 0x0000, 0x0000, 0x0000, 0x0000, 0x0000,
  0x0000, 0x0000, 0x0000, 0x0000, 0x0000, 0x0000, 0x0000, 0x0000, 0x0000, 0x0000, 0x0000, 0x0000,
  0x0000, 0x0000, 0x0000, 0x0000, 0x0000, 0x0000, 0x0000, 0x0000, 0x0000, 0x0800, 0x0800, 0x0800,
  0x0820, 0x1020, 0x0820, 0x0000, 0x0000, 0x0000, 0x0800, 0x0800, 0x0820, 0x1020, 0x0820, 0x0000,
  0x0000, 0x0800, 0x0000, 0x0000, 0x0000, 0x0000, 0x0000, 0x0800, 0x0000, 0x1020, 0x1820, 0x0820,
  0x3880, 0x1840, 0x1020, 0x1020, 0x0800, 0x0800, 0x0800, 0x0800, 0x0800, 0x0800, 0x1020, 0x1020,
  0x1000, 0x0800, 0x0800, 0x0000, 0x0000, 0x0000, 0x0000, 0x0000, 0x0000, 0x0000, 0x0800, 0x0800,
  0x1020, 0x1840, 0x1840, 0x1840, 0x1860, 0x1840, 0x2060, 0x2060, 0x2060, 0x2080, 0x0820, 0x1040,
  0x2060, 0x2060, 0x2060, 0x1860, 0x2060, 0x1860, 0x1860, 0x1860, 0x1840, 0x1020, 0x0820, 0x0800,
  0x0800, 0x0000, 0x0820, 0x1840, 0x2080, 0x2880, 0x0820, 0x0800, 0x0820, 0x1020, 0x1020, 0x1020,
  0x1020, 0x1020, 0x1020, 0x1020, 0x1020, 0x1020, 0x1020, 0x1020, 0x1020, 0x1020, 0x1020, 0x1020,
  0x1020, 0x1020, 0x0000, 0x0000, 0x0000, 0x0000, 0x0000, 0x0000, 0x0000, 0x0800, 0x1000, 0x1020,
  0x1820, 0x1020, 0x1020, 0x1020, 0x1020, 0x0820, 0x0820, 0x0820, 0x1020, 0x1020, 0x2040, 0x2040,
  0x0800, 0x2040, 0x0000, 0x0820, 0x0800, 0x0000, 0x0800, 0x0000, 0x0820, 0x1020, 0x1020, 0x0800,
  0x0820, 0x0000, 0x0000, 0x0000, 0x1020, 0x1020, 0x1020, 0x0800, 0x0800, 0x0800, 0x0800, 0x0800,
  0x0800, 0x0800, 0x0800, 0x0800, 0x0000, 0x0000, 0x0000, 0x0800, 0x0800, 0x0000, 0x0800, 0x0800,
  0x0000, 0x0000, 0x0000, 0x0000, 0x0000, 0x0000, 0x0000, 0x0000, 0x0000, 0x0000, 0x0000, 0x0000,
  0x0000, 0x0000, 0x0000, 0x0800, 0x0000, 0x0000, 0x0000, 0x0000, 0x0000, 0x0000, 0x0000, 0x0000,
  0x0000, 0x0000, 0x0000, 0x0000, 0x0000, 0x0000, 0x0000, 0x0000, 0x0000, 0x0000, 0x0000, 0x0000,
  0x0000, 0x0000, 0x0000, 0x0000, 0x0000, 0x0000, 0x0000, 0x0800, 0x0000, 0x0000, 0x0000, 0x0000,
  0x0000, 0x0000, 0x0000, 0x0000, 0x0000, 0x0000, 0x0000, 0x0000, 0x0000, 0x0000, 0x0000, 0x0000,
  0x0000, 0x0000, 0x0000, 0x0000, 0x0000, 0x0000, 0x0000, 0x0000, 0x0000, 0x0000, 0x0000, 0x0000,
  0x0000, 0x0000, 0x0000, 0x0000, 0x0000, 0x0000, 0x0000, 0x0000, 0x0800, 0x0800, 0x0800, 0x0800,
  0x0820, 0x0820, 0x0800, 0x0000, 0x0000, 0x0000, 0x0800, 0x0800, 0x0820, 0x0820, 0x0820, 0x0000,
  0x0000, 0x0800, 0x0000, 0x0000, 0x0000, 0x0000, 0x0000, 0x0800, 0x0000, 0x1020, 0x1020, 0x0800,
  0x3080, 0x1840, 0x1020, 0x1020, 0x0800, 0x0800, 0x0800, 0x0800, 0x0800, 0x0800, 0x1020, 0x1020,
  0x1000, 0x0800, 0x0800, 0x0000, 0x0000, 0x0000, 0x0000, 0x0000, 0x0000, 0x0800, 0x0800, 0x0000,
  0x1020, 0x1840, 0x1840, 0x1840, 0x1860, 0x1860, 0x2060, 0x1860, 0x1840, 0x2080, 0x1020, 0x1040,
  0x1840, 0x1840, 0x1020, 0x1020, 0x0800, 0x0800, 0x0800, 0x0800, 0x0820, 0x1020, 0x1860, 0x2880,
  0x30C0, 0x4101, 0x5141, 0x5962, 0x5962, 0x4921, 0x0820, 0x0800, 0x0820, 0x1020, 0x1020, 0x1020,
  0x1020, 0x1020, 0x1020, 0x1020, 0x0820, 0x1020, 0x1020, 0x1020, 0x1020, 0x1020, 0x1020, 0x1020,
  0x1020, 0x1020, 0x0000, 0x0000, 0x0000, 0x0000, 0x0000, 0x0000, 0x0000, 0x0800, 0x1000, 0x1020,
  0x1820, 0x1020, 0x1020, 0x1020, 0x1020, 0x0820, 0x0800, 0x0820, 0x1020, 0x1020, 0x1840, 0x1840,
  0x0000, 0x1840, 0x0000, 0x0800, 0x0000, 0x0000, 0x0800, 0x0000, 0x0820, 0x1020, 0x1020, 0x0800,
  0x0800, 0x0000, 0x0000, 0x0000, 0x0820, 0x1020, 0x0820, 0x0800, 0x0800, 0x0800, 0x0800, 0x0800,
  0x0800, 0x0800, 0x0800, 0x0800, 0x0800, 0x0800, 0x0000, 0x0000, 0x0000, 0x0800, 0x0800, 0x0800,
  0x0800, 0x0800, 0x0000, 0x0000, 0x0800, 0x0800, 0x0000, 0x0000, 0x0000, 0x0000, 0x0000, 0x0000,
  0x0800, 0x0800, 0x0800, 0x0800, 0x0800, 0x0800, 0x0000, 0x0000, 0x0000, 0x0000, 0x0000, 0x0000,
  0x0000, 0x0000, 0x0000, 0x0000, 0x0000, 0x0000, 0x0000, 0x0000, 0x0000, 0x0000, 0x0000, 0x0000,
  0x0000, 0x0000, 0x0000, 0x0000, 0x0000, 0x0000, 0x0800, 0x0800, 0x0800, 0x0000, 0x0000, 0x0000,
  0x0000, 0x0000, 0x0000, 0x0000, 0x0000, 0x0000, 0x0000, 0x0000, 0x0000, 0x0000, 0x0000, 0x0000,
  0x0000, 0x0000, 0x0000, 0x0000, 0x0000, 0x0000, 0x0000, 0x0000, 0x0000, 0x0000, 0x0000, 0x0800,
  0x0000, 0x0000, 0x0000, 0x0800, 0x0000, 0x0000, 0x0000, 0x0000, 0x0800, 0x0800, 0x0800, 0x0800,
  0x0820, 0x0820, 0x0800, 0x0000, 0x0000, 0x0000, 0x0800, 0x0800, 0x0800, 0x0820, 0x0800, 0x0000,
  0x0000, 0x0800, 0x0000, 0x0000, 0x0000, 0x0000, 0x0000, 0x0000, 0x0000, 0x0800, 0x1020, 0x0800,
  0x2860, 0x1840, 0x1020, 0x1020, 0x0800, 0x0800, 0x0800, 0x0800, 0x0800, 0x0800, 0x1020, 0x1000,
  0x1000, 0x0800, 0x0800, 0x0000, 0x0000, 0x0000, 0x0000, 0x0000, 0x0800, 0x0800, 0x0000, 0x0000,
  0x1020, 0x1840, 0x1840, 0x1840, 0x1840, 0x1840, 0x1840, 0x1020, 0x1020, 0x1840, 0x1020, 0x0820,
  0x0000, 0x0000, 0x0800, 0x0820, 0x1020, 0x1860, 0x2080, 0x30C0, 0x4101, 0x4101, 0x4901, 0x5121,
  0x5121, 0x4921, 0x4921, 0x4921, 0x4901, 0x38E1, 0x0820, 0x0800, 0x0820, 0x1020, 0x1020, 0x1020,
  0x1020, 0x1020, 0x1020, 0x1020, 0x1020, 0x1020, 0x1020, 0x1020, 0x1020, 0x1020, 0x1020, 0x1020,
  0x1020, 0x1020, 0x0800, 0x0000, 0x0000, 0x0000, 0x0000, 0x0000, 0x0000, 0x0800, 0x1000, 0x1020,
  0x1820, 0x1020, 0x1020, 0x0820, 0x1020, 0x0820, 0x0800, 0x0820, 0x0820, 0x1020, 0x1840, 0x1840,
  0x0000, 0x1840, 0x0000, 0x0800, 0x0000, 0x0000, 0x0800, 0x0000, 0x0820, 0x1020, 0x1020, 0x0000,
  0x0800, 0x0000, 0x0000, 0x0000, 0x0820, 0x1020, 0x0820, 0x0800, 0x0800, 0x0800, 0x0800, 0x0800,
  0x0800, 0x0800, 0x0000, 0x0000, 0x0000, 0x0000, 0x0000, 0x0000, 0x0000, 0x0000, 0x0000, 0x0000,
  0x0800, 0x0000, 0x0000, 0x0000, 0x0000, 0x0000, 0x0000, 0x0000, 0x0000, 0x0000, 0x0000, 0x0000,
  0x0000, 0x0000, 0x0000, 0x0000, 0x0000, 0x0000, 0x0000, 0x0000, 0x0000, 0x0000, 0x0000, 0x0000,
  0x0000, 0x0000, 0x0000, 0x0000, 0x0000, 0x0000, 0x0000, 0x0000, 0x0000, 0x0000, 0x0000, 0x0000,
  0x0000, 0x0000, 0x0000, 0x0000, 0x0000, 0x0000, 0x0000, 0x0000, 0x0000, 0x0000, 0x0000, 0x0000,
  0x0000, 0x0000, 0x0000, 0x0000, 0x0000, 0x0000, 0x0000, 0x0000, 0x0000, 0x0000, 0x0000, 0x0000,
  0x0000, 0x0000, 0x0000, 0x0000, 0x0000, 0x0000, 0x0000, 0x0000, 0x0000, 0x0000, 0x0000, 0x0000,
  0x0000, 0x0000, 0x0000, 0x0000, 0x0000, 0x0000, 0x0000, 0x0000, 0x0800, 0x0800, 0x0800, 0x0800,
  0x0800, 0x0800, 0x0800, 0x0000, 0x0000, 0x0000, 0x0800, 0x0800, 0x0800, 0x0800, 0x0800, 0x0000,
  0x0000, 0x0800, 0x0000, 0x0000, 0x0000, 0x0000, 0x0000, 0x0000, 0x0000, 0x0800, 0x1020, 0x0000,
  0x2860, 0x1020, 0x1020, 0x1020, 0x0800, 0x0800, 0x0800, 0x0800, 0x0800, 0x0800, 0x1020, 0x1000,
  0x1000, 0x0800, 0x0800, 0x0000, 0x0000, 0x0000, 0x0000, 0x0000, 0x0800, 0x0000, 0x0000, 0x0000,
  0x0820, 0x1020, 0x0820, 0x0820, 0x0800, 0x0800, 0x0000, 0x0000, 0x0800, 0x1040, 0x1020, 0x1840,
  0x2060, 0x2080, 0x28A0, 0x30C0, 0x38C1, 0x38E1, 0x38E1, 0x38E1, 0x38E1, 0x38E1, 0x38C0, 0x38E0,
  0x38C0, 0x38C0, 0x40E0, 0x4101, 0x4101, 0x38E1, 0x0820, 0x0800, 0x0820, 0x1020, 0x1020, 0x1020,
  0x1020, 0x1020, 0x1020, 0x0820, 0x0820, 0x0820, 0x1020, 0x1020, 0x1020, 0x1020, 0x1020, 0x1020,
  0x1020, 0x1020, 0x0800, 0x0800, 0x0000, 0x0000, 0x0000, 0x0000, 0x0000, 0x0800, 0x1000, 0x1020,
  0x1020, 0x1020, 0x1020, 0x0820, 0x1020, 0x0820, 0x0800, 0x0800, 0x0820, 0x0820, 0x1840, 0x1840,
  0x0000, 0x1020, 0x0000, 0x0800, 0x0000, 0x0000, 0x0800, 0x0000, 0x0820, 0x1020, 0x1020, 0x0000,
  0x0800, 0x0000, 0x0000, 0x0000, 0x0820, 0x1020, 0x0820, 0x0800, 0x0800, 0x0800, 0x0800, 0x0800,
  0x0800, 0x0800, 0x0800, 0x0800, 0x0800, 0x0800, 0x0800, 0x0800, 0x0800, 0x0800, 0x0800, 0x0800,
  0x0800, 0x0800, 0x0800, 0x0800, 0x0800, 0x0800, 0x0800, 0x0800, 0x0800, 0x0800, 0x0800, 0x0800,
  0x0800, 0x0800, 0x0800, 0x0800, 0x0800, 0x0800, 0x0800, 0x0800, 0x0800, 0x0800, 0x0000, 0x0000,
  0x0000, 0x0000, 0x0000, 0x0000, 0x0000, 0x0000, 0x0000, 0x0000, 0x0000, 0x0000, 0x0000, 0x0000,
  0x0800, 0x0000, 0x0000, 0x0000, 0x0000, 0x0000, 0x0800, 0x0800, 0x0000, 0x0800, 0x0000, 0x0800,
  0x0800, 0x0800, 0x0800, 0x0800, 0x0800, 0x0800, 0x0800, 0x0800, 0x0800, 0x0800, 0x0800, 0x0000,
  0x0800, 0x0800, 0x0800, 0x0800, 0x0800, 0x0800, 0x0800, 0x0800, 0x0800, 0x0800, 0x0800, 0x0800,
  0x0800, 0x0800, 0x0800, 0x0800, 0x0800, 0x0800, 0x0800, 0x0800, 0x0800, 0x0800, 0x0800, 0x0800,
  0x0800, 0x0800, 0x0800, 0x0000, 0x0000, 0x0000, 0x0800, 0x0800, 0x0800, 0x0800, 0x0800, 0x0000,
  0x0000, 0x0800, 0x0000, 0x0000, 0x0000, 0x0000, 0x0000, 0x0000, 0x0000, 0x0800, 0x1020, 0x0000,
  0x2040, 0x1020, 0x1020, 0x0820, 0x0800, 0x0000, 0x0000, 0x0000, 0x0800, 0x0800, 0x1000, 0x1000,
  0x1000, 0x0800, 0x0800, 0x0000, 0x0000, 0x0000, 0x0000, 0x0000, 0x0000, 0x0000, 0x0000, 0x0000,
  0x0000, 0x0000, 0x0000, 0x0000, 0x0820, 0x1040, 0x1860, 0x2080, 0x30C0, 0x38E0, 0x1040, 0x2060,
  0x28A0, 0x28A0, 0x2880, 0x28A0, 0x28A0, 0x30A0, 0x28A0, 0x30A0, 0x30C0, 0x30C0, 0x30A0, 0x38C0,
  0x38C0, 0x38C0, 0x38E0, 0x38E1, 0x38E1, 0x4101, 0x1020, 0x0820, 0x0820, 0x1020, 0x1020, 0x1020,
  0x1020, 0x1020, 0x1020, 0x1020, 0x1020, 0x1020, 0x1020, 0x1020, 0x1020, 0x1020, 0x1020, 0x1020,
  0x1020, 0x1020, 0x0800, 0x0800, 0x0800, 0x0000, 0x0000, 0x0000, 0x0000, 0x0800, 0x1000, 0x1020,
  0x1020, 0x1020, 0x1020, 0x0820, 0x1020, 0x0800, 0x0800, 0x0800, 0x0820, 0x0820, 0x1820, 0x1820,
  0x0000, 0x1020, 0x0000, 0x0800, 0x0000, 0x0000, 0x0800, 0x0000, 0x0820, 0x0820, 0x0820, 0x0000,
  0x0800, 0x0000, 0x0000, 0x0000, 0x0820, 0x0820, 0x0820, 0x0820, 0x0820, 0x1020, 0x1020, 0x1020,
  0x1020, 0x1020, 0x1020, 0x1020, 0x1020, 0x1020, 0x0820, 0x0820, 0x1020, 0x1020, 0x1020, 0x1020,
  0x1020, 0x1020, 0x0820, 0x0820, 0x0820, 0x0820, 0x0820, 0x0820, 0x0820, 0x0820, 0x0820, 0x0820,
  0x0820, 0x0820, 0x0820, 0x0820, 0x0820, 0x0820, 0x0820, 0x0820, 0x0820, 0x0820, 0x0800, 0x0800,
  0x0800, 0x0800, 0x0800, 0x0800, 0x0800, 0x0800, 0x0800, 0x0800, 0x0800, 0x0820, 0x0800, 0x0800,
  0x0800, 0x0800, 0x0800, 0x0800, 0x0800, 0x0800, 0x0800, 0x0800, 0x0800, 0x0800, 0x0800, 0x0800,
  0x0800, 0x0800, 0x0800, 0x0800, 0x0800, 0x0800, 0x0800, 0x0800, 0x0800, 0x0800, 0x0800, 0x0800,
  0x0800, 0x0800, 0x0800, 0x0800, 0x0800, 0x0800, 0x0800, 0x0800, 0x0800, 0x0800, 0x0820, 0x0820,
  0x0800, 0x0820, 0x0820, 0x0800, 0x0800, 0x0820, 0x0820, 0x0820, 0x0820, 0x0820, 0x0820, 0x0820,
  0x0820, 0x0800, 0x0800, 0x0000, 0x0000, 0x0000, 0x0800, 0x0800, 0x0800, 0x0800, 0x0800, 0x0000,
  0x0000, 0x0800, 0x0000, 0x0000, 0x0000, 0x0000, 0x0000, 0x0000, 0x0000, 0x0800, 0x0820, 0x0000,
  0x2040, 0x1020, 0x0820, 0x0820, 0x0800, 0x0000, 0x0000, 0x0000, 0x0000, 0x0800, 0x1000, 0x1000,
  0x1000, 0x0800, 0x0800, 0x0000, 0x0000, 0x0000, 0x0000, 0x0000, 0x0000, 0x0000, 0x0000, 0x0000,
  0x1040, 0x1860, 0x2060, 0x2880, 0x2880, 0x30A0, 0x28A0, 0x28A0, 0x28A0, 0x28A0, 0x1020, 0x1020,
  0x1860, 0x2060, 0x2060, 0x2080, 0x2880, 0x28A0, 0x30A0, 0x28A0, 0x30A0, 0x30A0, 0x30A0, 0x30C0,
  0x38C0, 0x38C0, 0x38C0, 0x38E1, 0x38E1, 0x4101, 0x1040, 0x0820, 0x0820, 0x1020, 0x1020, 0x1020,
  0x1020, 0x1020, 0x1020, 0x1020, 0x1020, 0x1020, 0x1020, 0x1020, 0x1020, 0x1020, 0x1020, 0x1020,
  0x0820, 0x0820, 0x0800, 0x0800, 0x0800, 0x0800, 0x0000, 0x0000, 0x0000, 0x0800, 0x1000, 0x1020,
  0x1020, 0x1020, 0x1020, 0x0820, 0x0820, 0x0800, 0x0800, 0x0800, 0x0820, 0x0820, 0x1020, 0x1020,
  0x0000, 0x1020, 0x0000, 0x0800, 0x0000, 0x0000, 0x0800, 0x0000, 0x0800, 0x0820, 0x1020, 0x0800,
  0x0820, 0x0000, 0x0000, 0x0000, 0x0820, 0x0820, 0x0820, 0x1020, 0x0820, 0x1020, 0x1020, 0x1020,
  0x1020, 0x1020, 0x0820, 0x1020, 0x0820, 0x0820, 0x0820, 0x0820, 0x1020, 0x1020, 0x1020, 0x1020,
  0x0820, 0x0820, 0x0820, 0x0820, 0x1020, 0x0820, 0x0820, 0x0820, 0x0820, 0x0820, 0x0820, 0x0820,
  0x0820, 0x0820, 0x0820, 0x0820, 0x0820, 0x0820, 0x0820, 0x0820, 0x0820, 0x0820, 0x0820, 0x0820,
  0x0820, 0x0800, 0x0800, 0x0800, 0x0800, 0x0800, 0x0800, 0x0820, 0x0820, 0x0820, 0x0820, 0x0820,
  0x0800, 0x0800, 0x0800, 0x0800, 0x0800, 0x0800, 0x0820, 0x0820, 0x0820, 0x0800, 0x0800, 0x0820,
  0x0820, 0x0820, 0x0820, 0x0800, 0x0800, 0x0800, 0x0800, 0x0800, 0x0800, 0x0800, 0x0800, 0x0800,
  0x0800, 0x0800, 0x0820, 0x0800, 0x0800, 0x0800, 0x0800, 0x0820, 0x0820, 0x0820, 0x0820, 0x0820,
  0x0820, 0x0820, 0x0820, 0x0820, 0x0820, 0x0820, 0x0820, 0x0820, 0x0820, 0x0820, 0x0820, 0x0820,
  0x0820, 0x0820, 0x0800, 0x0000, 0x0000, 0x0000, 0x0800, 0x0800, 0x0800, 0x0800, 0x0800, 0x0000,
  0x0000, 0x0800, 0x0000, 0x0000, 0x0000, 0x0000, 0x0000, 0x0000, 0x0000, 0x0800, 0x0820, 0x0000,
  0x1840, 0x1020, 0x0820, 0x0820, 0x0800, 0x0000, 0x0000, 0x0000, 0x0000, 0x0800, 0x1000, 0x1000,
  0x1000, 0x0800, 0x0800, 0x0000, 0x0000, 0x0000, 0x0000, 0x0000, 0x0000, 0x0000, 0x0000, 0x0000,
  0x1860, 0x2080, 0x2080, 0x2080, 0x2060, 0x2060, 0x2060, 0x2060, 0x2060, 0x2880, 0x1020, 0x1020,
  0x1840, 0x2060, 0x1860, 0x2060, 0x2880, 0x2880, 0x28A0, 0x30A0, 0x30A0, 0x30A0, 0x30A0, 0x30C0,
  0x30C0, 0x38C0, 0x38E1, 0x38E1, 0x40E1, 0x4101, 0x1040, 0x0800, 0x0820, 0x1020, 0x0820, 0x1020,
  0x1020, 0x1020, 0x1020, 0x1020, 0x1020, 0x1020, 0x1020, 0x1020, 0x1020, 0x0820, 0x0800, 0x0800,
  0x0000, 0x0800, 0x0800, 0x0800, 0x0800, 0x0800, 0x0800, 0x0000, 0x0000, 0x0800, 0x0800, 0x1020,
  0x1020, 0x1020, 0x1020, 0x0820, 0x0820, 0x0800, 0x0800, 0x0800, 0x0820, 0x0820, 0x1020, 0x1020,
  0x0000, 0x1020, 0x0000, 0x0800, 0x0000, 0x0000, 0x0820, 0x0000, 0x0820, 0x0820, 0x0000, 0x0000,
  0x0000, 0x0000, 0x0000, 0x0000, 0x0000, 0x0000, 0x0000, 0x0000, 0x0000, 0x0000, 0x0000, 0x0000,
  0x0000, 0x0000, 0x0000, 0x0000, 0x0000, 0x0000, 0x0000, 0x0000, 0x0000, 0x0000, 0x0000, 0x0000,
  0x0000, 0x0000, 0x0000, 0x0000, 0x0000, 0x0000, 0x0000, 0x0000, 0x0000, 0x0000, 0x0000, 0x0000,
  0x0000, 0x0000, 0x0000, 0x0000, 0x0000, 0x0000, 0x0000, 0x0000, 0x0000, 0x0000, 0x0000, 0x0000,
  0x0000, 0x0000, 0x0000, 0x0000, 0x0000, 0x0000, 0x0000, 0x0000, 0x0000, 0x0000, 0x0000, 0x0000,
  0x0000, 0x0000, 0x0000, 0x0000, 0x0000, 0x0000, 0x0000, 0x0000, 0x0000, 0x0000, 0x0000, 0x0000,
  0x0000, 0x0000, 0x0000, 0x0000, 0x0000, 0x0000, 0x0000, 0x0000, 0x0000, 0x0000, 0x0000, 0x0000,
  0x0000, 0x0000, 0x0000, 0x0000, 0x0000, 0x0000, 0x0000, 0x0000, 0x0000, 0x0000, 0x0000, 0x0000,
  0x0000, 0x0000, 0x0000, 0x0000, 0x0000, 0x0000, 0x0000, 0x0000, 0x0000, 0x0000, 0x0000, 0x0000,
  0x0000, 0x0000, 0x0000, 0x0000, 0x0000, 0x0000, 0x0000, 0x0000, 0x0000, 0x0800, 0x0820, 0x0000,
  0x0000, 0x0800, 0x0000, 0x0000, 0x0000, 0x0000, 0x0000, 0x0000, 0x0000, 0x0800, 0x0800, 0x0000,
  0x1840, 0x1020, 0x0820, 0x0800, 0x0800, 0x0000, 0x0000, 0x0000, 0x0000, 0x0800, 0x1000, 0x1000,
  0x0800, 0x0800, 0x0800, 0x0000, 0x0000, 0x0000, 0x0000, 0x0000, 0x0000, 0x0000, 0x0000, 0x0000,
  0x1020, 0x1840, 0x1860, 0x1860, 0x2060, 0x2060, 0x2060, 0x2060, 0x2080, 0x2880, 0x1020, 0x1020,
  0x1860, 0x2060, 0x2060, 0x2060, 0x2080, 0x2880, 0x2880, 0x2880, 0x28A0, 0x30A0, 0x30A0, 0x30C0,
  0x38C0, 0x38E0, 0x38E1, 0x38E1, 0x40E1, 0x4101, 0x1040, 0x0800, 0x0820, 0x1020, 0x1020, 0x1020,
  0x1020, 0x1020, 0x1020, 0x1020, 0x0820, 0x0820, 0x0820, 0x0800, 0x0000, 0x0000, 0x0800, 0x0800,
  0x0820, 0x0820, 0x0800, 0x0800, 0x0800, 0x0800, 0x0000, 0x0000, 0x0000, 0x0800, 0x0800, 0x1000,
  0x1020, 0x1020, 0x1020, 0x0800, 0x0820, 0x0800, 0x0000, 0x0000, 0x0000, 0x0000, 0x0820, 0x0820,
  0x0800, 0x0800, 0x0000, 0x0800, 0x0800, 0x0820, 0x0820, 0x0820, 0x0800, 0x0820, 0x28A0, 0x40E0,
  0x4900, 0x5121, 0x5121, 0x5121, 0x40E0, 0x40E0, 0x40E0, 0x48E0, 0x48E0, 0x40E0, 0x40E0, 0x40E0,
  0x40E0, 0x40E0, 0x40E0, 0x4900, 0x4900, 0x4900, 0x4900, 0x4900, 0x4900, 0x4900, 0x4900, 0x40E0,
  0x40E0, 0x4900, 0x40E0, 0x40E0, 0x40E0, 0x40E0, 0x40E0, 0x40E0, 0x4100, 0x40E0, 0x38E0, 0x38C0,
  0x38C0, 0x38C0, 0x38C0, 0x38C0, 0x30C0, 0x30A0, 0x30A0, 0x30A0, 0x30A0, 0x3080, 0x3080, 0x3080,
  0x3080, 0x3080, 0x2880, 0x3080, 0x3080, 0x3080, 0x3080, 0x2880, 0x3080, 0x3080, 0x3080, 0x2880,
  0x2880, 0x2860, 0x2880, 0x2880, 0x2880, 0x2880, 0x2880, 0x3080, 0x3080, 0x3080, 0x30A0, 0x30A0,
  0x28A0, 0x2060, 0x2060, 0x2860, 0x2060, 0x2060, 0x2060, 0x2060, 0x2060, 0x2060, 0x2060, 0x2060,
  0x2060, 0x2880, 0x2880, 0x2880, 0x2860, 0x2880, 0x2880, 0x2880, 0x2880, 0x2880, 0x2880, 0x3080,
  0x2880, 0x2880, 0x3080, 0x30A0, 0x30A0, 0x30A0, 0x30A0, 0x30A0, 0x30A0, 0x30A0, 0x30A0, 0x30A0,
  0x30C0, 0x30A0, 0x30A0, 0x30C0, 0x30C0, 0x30A0, 0x2880, 0x2880, 0x2880, 0x0820, 0x0800, 0x0820,
  0x0000, 0x0000, 0x0000, 0x0000, 0x0000, 0x0000, 0x0000, 0x0000, 0x0000, 0x0000, 0x0820, 0x0800,
  0x1020, 0x0800, 0x0000, 0x0000, 0x0000, 0x0000, 0x0000, 0x0000, 0x0000, 0x0000, 0x1000, 0x1000,
  0x0800, 0x0800, 0x0800, 0x0000, 0x0000, 0x0000, 0x0000, 0x0000, 0x0000, 0x0000, 0x0000, 0x0000,
  0x0820, 0x1840, 0x1840, 0x1860, 0x2060, 0x2060, 0x2060, 0x2060, 0x2080, 0x2880, 0x1020, 0x1020,
  0x1860, 0x2080, 0x2080, 0x2080, 0x2080, 0x2880, 0x2880, 0x2880, 0x28A0, 0x30A0, 0x30A0, 0x30C0,
  0x30A0, 0x38E1, 0x38E1, 0x38E1, 0x40E1, 0x40E1, 0x1020, 0x0800, 0x0820, 0x1020, 0x1020, 0x1020,
  0x1020, 0x0820, 0x0820, 0x0800, 0x0800, 0x0800, 0x0800, 0x0800, 0x0820, 0x0820, 0x1020, 0x1020,
  0x1020, 0x1020, 0x0820, 0x0820, 0x0820, 0x0820, 0x0800, 0x0800, 0x0000, 0x0800, 0x0800, 0x1000,
  0x1020, 0x1020, 0x1020, 0x0800, 0x0800, 0x0000, 0x0000, 0x0800, 0x1020, 0x1040, 0x1840, 0x1860,
  0x1840, 0x1840, 0x1040, 0x1040, 0x1040, 0x1860, 0x2060, 0x1860, 0x1040, 0x30C1, 0x6161, 0x6181,
  0x6161, 0x6181, 0x6161, 0x6161, 0x6981, 0x6981, 0x6981, 0x71A1, 0x71A1, 0x71A1, 0x79E1, 0x79E1,
  0x79E1, 0x79E1, 0x79E1, 0x79E1, 0x79E1, 0x79E1, 0x79E1, 0x79E1, 0x79E2, 0x79E1, 0x79E1, 0x79E1,
  0x79E1, 0x79E1, 0x79E1, 0x79E1, 0x79C1, 0x79C1, 0x79E1, 0x79E1, 0x79E1, 0x79E1, 0x79C1, 0x79C1,
  0x79C1, 0x71C1, 0x79C1, 0x79C1, 0x71A1, 0x7181, 0x6160, 0x40A0, 0x40A0, 0x40A0, 0x38A0, 0x38A0,
  0x38A0, 0x38A0, 0x3880, 0x38A0, 0x38A0, 0x38A0, 0x3880, 0x3880, 0x3880, 0x3880, 0x38A0, 0x38A0,
  0x3880, 0x3880, 0x3880, 0x3880, 0x3880, 0x3880, 0x3880, 0x38A0, 0x40A0, 0x40A0, 0x40A0, 0x40C0,
  0x38A0, 0x5920, 0x7180, 0x7160, 0x6960, 0x6960, 0x7181, 0x6981, 0x6960, 0x7181, 0x7181, 0x7181,
  0x71A1, 0x71A1, 0x71A1, 0x71A1, 0x71A1, 0x79A1, 0x79C1, 0x79C1, 0x79C1, 0x79C1, 0x79C1, 0x79C1,
  0x79A1, 0x79A1, 0x79A1, 0x79A1, 0x79C1, 0x79C1, 0x79A1, 0x79A1, 0x79A1, 0x79A1, 0x79C1, 0x71A1,
  0x71A1, 0x71A1, 0x71A1, 0x7181, 0x7181, 0x71A1, 0x6981, 0x6961, 0x6981, 0x5121, 0x2080, 0x1040,
  0x1040, 0x1040, 0x1040, 0x1040, 0x1040, 0x1040, 0x1020, 0x1020, 0x0820, 0x1020, 0x1040, 0x1040,
  0x1840, 0x1020, 0x0820, 0x0820, 0x0800, 0x0800, 0x0000, 0x0000, 0x0000, 0x0000, 0x1000, 0x1000,
  0x0800, 0x0800, 0x0000, 0x0000, 0x0000, 0x0000, 0x0000, 0x0800, 0x0800, 0x0800, 0x0000, 0x0000,
  0x1020, 0x1840, 0x1840, 0x2060, 0x2060, 0x2060, 0x2060, 0x2080, 0x2880, 0x2880, 0x0820, 0x1040,
  0x1860, 0x2060, 0x2880, 0x2080, 0x2060, 0x2080, 0x2880, 0x2880, 0x2880, 0x30A0, 0x30A0, 0x30A0,
  0x30A0, 0x38C0, 0x38C1, 0x38E1, 0x38E0, 0x38E0, 0x0820, 0x0800, 0x0820, 0x1020, 0x0820, 0x0800,
  0x0800, 0x0800, 0x0800, 0x0800, 0x0800, 0x0820, 0x0820, 0x0820, 0x0820, 0x0820, 0x0820, 0x0820,
  0x0800, 0x0800, 0x0000, 0x0800, 0x0800, 0x0000, 0x0000, 0x0000, 0x0000, 0x0800, 0x0800, 0x1020,
  0x1020, 0x1020, 0x0820, 0x0000, 0x0000, 0x0000, 0x0000, 0x0820, 0x0820, 0x1040, 0x1040, 0x1040,
  0x1040, 0x1840, 0x1040, 0x1840, 0x1860, 0x1860, 0x1860, 0x1860, 0x2080, 0x2080, 0x1860, 0x1880,
  0x1860, 0x1860, 0x1860, 0x1860, 0x1860, 0x1860, 0x1860, 0x1880, 0x1880, 0x1880, 0x1880, 0x2081,
  0x2081, 0x2080, 0x2081, 0x2081, 0x2081, 0x28A1, 0x28A1, 0x28A1, 0x28A1, 0x28A1, 0x28A1, 0x28C1,
  0x28C1, 0x28A1, 0x28A1, 0x28C1, 0x28A1, 0x28A1, 0x28C1, 0x20A1, 0x2081, 0x2081, 0x2080, 0x2081,
  0x2081, 0x1860, 0x1860, 0x1860, 0x1860, 0x1860, 0x38A0, 0x48C0, 0x40A0, 0x40C0, 0x40C0, 0x40C0,
  0x40A0, 0x40A0, 0x40A0, 0x38A0, 0x38A0, 0x38A0, 0x40A0, 0x40A0, 0x40A0, 0x40A0, 0x40A0, 0x40A0,
  0x40A0, 0x40A0, 0x40A0, 0x40A0, 0x40A0, 0x40A0, 0x40A0, 0x40A0, 0x48C0, 0x48C0, 0x48C0, 0x40C0,
  0x48C0, 0x38A0, 0x1860, 0x1860, 0x1860, 0x2060, 0x2080, 0x2060, 0x2080, 0x2080, 0x2080, 0x2080,
  0x2080, 0x2080, 0x2080, 0x2080, 0x2080, 0x2880, 0x28A1, 0x28A1, 0x28A1, 0x28A1, 0x28A1, 0x28A1,
  0x28A1, 0x28A1, 0x28A1, 0x28A1, 0x28A1, 0x28A0, 0x2080, 0x2080, 0x2080, 0x2080, 0x2080, 0x2080,
  0x2080, 0x2080, 0x2080, 0x2080, 0x2080, 0x2080, 0x2080, 0x2080, 0x2080, 0x28A0, 0x28A0, 0x1860,
  0x1840, 0x1840, 0x1840, 0x1840, 0x1840, 0x1040, 0x1040, 0x1040, 0x1020, 0x1020, 0x1040, 0x1040,
  0x1840, 0x1020, 0x0820, 0x0800, 0x0000, 0x0000, 0x0000, 0x0000, 0x0000, 0x0000, 0x1020, 0x1020,
  0x1000, 0x0800, 0x0800, 0x0800, 0x0000, 0x0800, 0x0800, 0x0800, 0x0800, 0x0800, 0x0800, 0x0800,
  0x1020, 0x1840, 0x1840, 0x1860, 0x1860, 0x1860, 0x2060, 0x2880, 0x2880, 0x30A0, 0x1860, 0x2060,
  0x2880, 0x28A0, 0x30A0, 0x30A0, 0x30A0, 0x30A0, 0x30A0, 0x30A0, 0x30A0, 0x30A0, 0x38C0, 0x38C0,
  0x30A0, 0x38C0, 0x38E0, 0x38E0, 0x38E0, 0x38C0, 0x1040, 0x1020, 0x1040, 0x1020, 0x1020, 0x1020,
  0x0820, 0x0820, 0x1020, 0x1020, 0x1020, 0x1040, 0x1040, 0x1840, 0x1840, 0x1860, 0x2060, 0x2060,
  0x2080, 0x2080, 0x2080, 0x2080, 0x2080, 0x2080, 0x1860, 0x1860, 0x1040, 0x1020, 0x1020, 0x1000,
  0x0800, 0x1020, 0x0820, 0x0000, 0x0820, 0x0820, 0x0820, 0x0820, 0x0820, 0x0820, 0x1040, 0x1040,
  0x1040, 0x1860, 0x1040, 0x1040, 0x1840, 0x1040, 0x1020, 0x1020, 0x1860, 0x28A0, 0x28A0, 0x28A1,
  0x28A1, 0x28A1, 0x28A1, 0x30C1, 0x30C1, 0x30C1, 0x30C1, 0x30C1, 0x30C1, 0x30C1, 0x30C1, 0x30C1,
  0x30C1, 0x28A1, 0x28A1, 0x28A1, 0x28A1, 0x28A0, 0x2080, 0x2080, 0x2080, 0x2080, 0x2080, 0x2080,
  0x2080, 0x2080, 0x2080, 0x2080, 0x2080, 0x2080, 0x2080, 0x2080, 0x2080, 0x2080, 0x2080, 0x2080,
  0x28A0, 0x30C1, 0x2080, 0x2080, 0x2080, 0x28A0, 0x30A0, 0x2860, 0x2060, 0x2060, 0x2040, 0x2040,
  0x2040, 0x2040, 0x1840, 0x1840, 0x1840, 0x1840, 0x1840, 0x2040, 0x2040, 0x2040, 0x2040, 0x2040,
  0x2040, 0x2040, 0x2040, 0x2040, 0x2040, 0x1840, 0x2040, 0x2040, 0x2060, 0x2060, 0x2060, 0x2060,
  0x2860, 0x2880, 0x2880, 0x2080, 0x2080, 0x2080, 0x2080, 0x2080, 0x2080, 0x2080, 0x2080, 0x2080,
  0x2080, 0x2080, 0x2080, 0x2080, 0x2080, 0x2080, 0x2080, 0x2080, 0x2080, 0x2080, 0x2080, 0x2080,
  0x2080, 0x2080, 0x2080, 0x2080, 0x2080, 0x2080, 0x2080, 0x2080, 0x2080, 0x2080, 0x2080, 0x2080,
  0x2080, 0x2080, 0x2080, 0x2080, 0x2080, 0x2080, 0x1860, 0x2060, 0x2060, 0x1860, 0x1840, 0x1020,
  0x1040, 0x1040, 0x1840, 0x1040, 0x1040, 0x1020, 0x1020, 0x1020, 0x0820, 0x0820, 0x0820, 0x1020,
  0x1020, 0x0800, 0x0000, 0x0000, 0x0000, 0x0000, 0x0000, 0x0000, 0x0000, 0x0000, 0x0800, 0x0800,
  0x0000, 0x0000, 0x0000, 0x0000, 0x0000, 0x0000, 0x0000, 0x0000, 0x0000, 0x0000, 0x0000, 0x0000,
  0x1020, 0x1840, 0x1840, 0x1860, 0x1860, 0x1860, 0x2060, 0x2060, 0x2060, 0x2060, 0x2060, 0x2060,
  0x2060, 0x2060, 0x2060, 0x2060, 0x2860, 0x2880, 0x2880, 0x2880, 0x2880, 0x2880, 0x2880, 0x2880,
  0x2880, 0x30A0, 0x30A0, 0x2880, 0x2880, 0x2880, 0x30A0, 0x30A0, 0x38A0, 0x38A0, 0x38C0, 0x38C0,
  0x38C0, 0x38C0, 0x38C0, 0x38C0, 0x38C0, 0x40E1, 0x40E1, 0x38E1, 0x40E1, 0x40E1, 0x40E1, 0x40E1,
  0x4901, 0x4901, 0x4901, 0x4901, 0x4921, 0x5121, 0x5141, 0x5121, 0x4921, 0x4921, 0x4921, 0x4921,
  0x40E1, 0x2060, 0x0820, 0x1020, 0x1040, 0x1040, 0x1040, 0x1040, 0x1040, 0x1040, 0x1840, 0x1840,
  0x1860, 0x2080, 0x1860, 0x1840, 0x1840, 0x30C1, 0x38E1, 0x4921, 0x5962, 0x6182, 0x5962, 0x5962,
  0x6162, 0x6162, 0x6162, 0x5962, 0x6182, 0x6182, 0x6182, 0x6162, 0x6162, 0x6162, 0x6182, 0x6182,
  0x6162, 0x6162, 0x6182, 0x6162, 0x5962, 0x5961, 0x5961, 0x5941, 0x5962, 0x5942, 0x5941, 0x5941,
  0x5141, 0x5141, 0x4921, 0x4921, 0x4121, 0x4101, 0x38E1, 0x38E1, 0x30C1, 0x20A0, 0x2080, 0x2080,
  0x2080, 0x0820, 0x0820, 0x1860, 0x40E0, 0x48E0, 0x48C0, 0x38A0, 0x38A0, 0x40C0, 0x40C0, 0x48E0,
  0x48E0, 0x48E0, 0x4900, 0x5101, 0x5121, 0x5121, 0x5121, 0x5141, 0x5141, 0x5141, 0x5941, 0x5141,
  0x5121, 0x5121, 0x5141, 0x5141, 0x5141, 0x5141, 0x5121, 0x5121, 0x5121, 0x4900, 0x4900, 0x48E0,
  0x48E0, 0x48E0, 0x2880, 0x1860, 0x2080, 0x20A0, 0x2080, 0x2080, 0x2080, 0x1860, 0x1860, 0x2080,
  0x28A1, 0x28A1, 0x30C1, 0x38E1, 0x38E1, 0x38E1, 0x4101, 0x4921, 0x4921, 0x4921, 0x4921, 0x5141,
  0x4921, 0x5141, 0x5121, 0x5121, 0x5121, 0x5121, 0x5942, 0x5962, 0x5962, 0x5962, 0x5982, 0x5962,
  0x5962, 0x5962, 0x5962, 0x5962, 0x5962, 0x5142, 0x5142, 0x5142, 0x4921, 0x4101, 0x38E1, 0x30E1,
  0x30C1, 0x28A1, 0x1860, 0x1040, 0x1040, 0x1040, 0x1040, 0x1040, 0x1040, 0x1040, 0x1040, 0x1020,
  0x1020, 0x0820, 0x0820, 0x0800, 0x0800, 0x0000, 0x0000, 0x0000, 0x0000, 0x0820, 0x1860, 0x2080,
  0x2080, 0x2080, 0x2880, 0x28A0, 0x28A0, 0x28A0, 0x28A0, 0x30A0, 0x30A0, 0x28A0, 0x28A0, 0x28A0,
  0x1020, 0x1840, 0x1840, 0x1860, 0x1860, 0x1840, 0x1020, 0x1020, 0x1020, 0x1020, 0x1020, 0x1020,
  0x1020, 0x1020, 0x1020, 0x1020, 0x1020, 0x1020, 0x1020, 0x1020, 0x1020, 0x1020, 0x0820, 0x1020,
  0x1020, 0x1020, 0x1020, 0x1040, 0x1840, 0x1040, 0x1840, 0x1840, 0x1860, 0x1860, 0x1840, 0x1840,
  0x1860, 0x2060, 0x2060, 0x2060, 0x2060, 0x2060, 0x1860, 0x1860, 0x2060, 0x2060, 0x1860, 0x2060,
  0x2060, 0x2080, 0x2060, 0x2880, 0x2880, 0x2880, 0x2880, 0x2880, 0x28A0, 0x30A0, 0x38E1, 0x38E1,
  0x38C1, 0x40E1, 0x2080, 0x0820, 0x1040, 0x1040, 0x1040, 0x1040, 0x1840, 0x1860, 0x1860, 0x1860,
  0x1860, 0x2060, 0x1860, 0x1860, 0x4901, 0x5941, 0x4901, 0x4901, 0x4901, 0x4900, 0x40E0, 0x38C0,
  0x38C0, 0x40C0, 0x38C0, 0x38C0, 0x38C0, 0x38C0, 0x38C0, 0x38C0, 0x38C0, 0x38C0, 0x38E0, 0x38C0,
  0x38C0, 0x38C0, 0x40E0, 0x38C0, 0x38C0, 0x38C0, 0x40E0, 0x40E1, 0x4901, 0x4901, 0x4901, 0x4901,
  0x4901, 0x5121, 0x5121, 0x5941, 0x5941, 0x5941, 0x5941, 0x5962, 0x5141, 0x5141, 0x30A0, 0x2080,
  0x2080, 0x0820, 0x1020, 0x2880, 0x48E0, 0x48C0, 0x48C0, 0x48E0, 0x5941, 0x6981, 0x6181, 0x6161,
  0x5961, 0x5941, 0x5941, 0x5941, 0x5941, 0x5941, 0x5941, 0x5121, 0x5121, 0x5121, 0x5121, 0x5121,
  0x5121, 0x5121, 0x5941, 0x5941, 0x5941, 0x6182, 0x6982, 0x6982, 0x6982, 0x6182, 0x6182, 0x69A2,
  0x71A2, 0x6982, 0x4101, 0x1880, 0x28A0, 0x28A1, 0x2080, 0x2080, 0x28A0, 0x38E1, 0x5941, 0x6162,
  0x6161, 0x6161, 0x6161, 0x6181, 0x6161, 0x6161, 0x6161, 0x6162, 0x6162, 0x6182, 0x6162, 0x5962,
  0x5961, 0x5941, 0x5941, 0x5941, 0x5941, 0x5921, 0x5941, 0x5941, 0x5121, 0x5121, 0x5121, 0x5121,
  0x5121, 0x5941, 0x5941, 0x5941, 0x5941, 0x5941, 0x6182, 0x6982, 0x6182, 0x6162, 0x6982, 0x69A2,
  0x71A2, 0x71C2, 0x61A2, 0x38E1, 0x1020, 0x1040, 0x1840, 0x1840, 0x1040, 0x1040, 0x1040, 0x1040,
  0x1040, 0x1020, 0x0820, 0x0820, 0x0820, 0x0800, 0x0000, 0x0820, 0x30C1, 0x5121, 0x6182, 0x6162,
  0x5942, 0x5961, 0x6161, 0x6161, 0x6161, 0x5941, 0x5941, 0x5961, 0x5941, 0x5941, 0x5941, 0x5941,
  0x1020, 0x1840, 0x1840, 0x1840, 0x0800, 0x0800, 0x0800, 0x0800, 0x0800, 0x0800, 0x0800, 0x0800,
  0x0800, 0x0800, 0x0800, 0x0800, 0x0800, 0x0800, 0x0800, 0x0800, 0x0800, 0x0800, 0x0800, 0x0800,
  0x0800, 0x0820, 0x0820, 0x0820, 0x0820, 0x0820, 0x0820, 0x1020, 0x1020, 0x1020, 0x1020, 0x1020,
  0x1020, 0x1020, 0x1020, 0x1020, 0x1020, 0x1040, 0x1040, 0x1040, 0x1040, 0x1840, 0x1840, 0x1840,
  0x1860, 0x1860, 0x1840, 0x1860, 0x2060, 0x2060, 0x2060, 0x2060, 0x2060, 0x2880, 0x28A0, 0x2880,
  0x2880, 0x2060, 0x2060, 0x1040, 0x0820, 0x1040, 0x1040, 0x1840, 0x1840, 0x1860, 0x2080, 0x2880,
  0x2080, 0x2060, 0x1860, 0x30A0, 0x40E0, 0x30A0, 0x2880, 0x2880, 0x2880, 0x2880, 0x2880, 0x2880,
  0x2880, 0x2880, 0x2880, 0x2880, 0x2880, 0x2880, 0x2880, 0x2880, 0x2880, 0x2880, 0x2880, 0x2880,
  0x2880, 0x2880, 0x2880, 0x2880, 0x2880, 0x2880, 0x2880, 0x2880, 0x30A0, 0x30A0, 0x3080, 0x30A0,
  0x30A0, 0x30A0, 0x30A0, 0x30A0, 0x30A0, 0x30A0, 0x30A0, 0x30A0, 0x38C1, 0x38E1, 0x38C0, 0x2880,
  0x2080, 0x0820, 0x1020, 0x40C0, 0x48C0, 0x40C0, 0x40C0, 0x38E1, 0x40E1, 0x40E1, 0x38C0, 0x38C0,
  0x38C0, 0x38C0, 0x30A0, 0x38C0, 0x38C0, 0x38C0, 0x38A0, 0x30A0, 0x30A0, 0x30A0, 0x30A0, 0x30A0,
  0x30A0, 0x38C0, 0x38A0, 0x38A0, 0x38C0, 0x38C0, 0x40E0, 0x40E1, 0x40E1, 0x40E1, 0x40E1, 0x4901,
  0x4901, 0x4921, 0x4921, 0x5962, 0x5982, 0x5962, 0x5162, 0x6183, 0x4921, 0x38A0, 0x48E1, 0x48E1,
  0x40E1, 0x40E0, 0x40E0, 0x40E0, 0x40C0, 0x40C0, 0x38C0, 0x38C0, 0x38C0, 0x38C0, 0x38C0, 0x38C0,
  0x38C0, 0x38C0, 0x38C0, 0x38C0, 0x38C0, 0x38C0, 0x38C0, 0x38C0, 0x38A0, 0x38C0, 0x38C0, 0x38C0,
  0x38C0, 0x38C0, 0x38C0, 0x38C0, 0x40E1, 0x40E1, 0x40E1, 0x40E0, 0x40E0, 0x40E0, 0x40E1, 0x4901,
  0x4901, 0x4901, 0x5121, 0x5141, 0x30C0, 0x1840, 0x1840, 0x1040, 0x1040, 0x1840, 0x1040, 0x1040,
  0x1840, 0x1040, 0x1020, 0x1020, 0x0820, 0x0820, 0x0820, 0x2880, 0x30A0, 0x38C0, 0x40E1, 0x4901,
  0x40E1, 0x40E1, 0x40E1, 0x40E1, 0x40E1, 0x38E1, 0x38E1, 0x38E1, 0x38C0, 0x38C0, 0x38C0, 0x38C0,
  0x1020, 0x1840, 0x1840, 0x0800, 0x0000, 0x0000, 0x0000, 0x0000, 0x0000, 0x0000, 0x0000, 0x0000,
  0x0000, 0x0000, 0x0000, 0x0000, 0x0000, 0x0000, 0x0000, 0x0000, 0x0000, 0x0000, 0x0000, 0x0000,
  0x0800, 0x0800, 0x0800, 0x0800, 0x0800, 0x0800, 0x0800, 0x0800, 0x0800, 0x0800, 0x0820, 0x0800,
  0x0820, 0x0820, 0x0820, 0x0820, 0x1020, 0x1020, 0x1020, 0x1020, 0x1020, 0x1040, 0x1020, 0x1040,
  0x1040, 0x1040, 0x1040, 0x1040, 0x1040, 0x1840, 0x1040, 0x1840, 0x1840, 0x2060, 0x2060, 0x1860,
  0x1840, 0x1040, 0x1020, 0x1840, 0x1040, 0x1040, 0x1040, 0x1040, 0x1040, 0x1040, 0x1840, 0x1860,
  0x1860, 0x1860, 0x1860, 0x2880, 0x2060, 0x1860, 0x1860, 0x1840, 0x1840, 0x1840, 0x1840, 0x1840,
  0x1840, 0x1840, 0x1840, 0x1840, 0x1860, 0x1860, 0x1860, 0x1840, 0x1860, 0x1860, 0x1860, 0x1860,
  0x1860, 0x1860, 0x2060, 0x2060, 0x2060, 0x2060, 0x2060, 0x2060, 0x2060, 0x2060, 0x2060, 0x2060,
  0x2060, 0x2060, 0x2060, 0x2060, 0x2060, 0x2060, 0x2060, 0x2080, 0x28A0, 0x30A0, 0x2880, 0x2060,
  0x2060, 0x0000, 0x1840, 0x50E0, 0x40A0, 0x40C0, 0x38A0, 0x30A0, 0x28A0, 0x2880, 0x2880, 0x2080,
  0x2080, 0x2060, 0x2060, 0x2060, 0x2060, 0x2060, 0x2060, 0x2060, 0x2060, 0x2060, 0x2080, 0x2060,
  0x2860, 0x2880, 0x2880, 0x2880, 0x2880, 0x2880, 0x2880, 0x2880, 0x2880, 0x3080, 0x30A0, 0x30A0,
  0x30A0, 0x38C0, 0x38C0, 0x4921, 0x5962, 0x4922, 0x4922, 0x5982, 0x2880, 0x2060, 0x3080, 0x30A0,
  0x28A0, 0x2880, 0x2880, 0x2880, 0x2880, 0x2880, 0x2880, 0x2880, 0x2880, 0x2880, 0x2880, 0x2880,
  0x2880, 0x2880, 0x2880, 0x2880, 0x2880, 0x2880, 0x30A0, 0x28A0, 0x28A0, 0x30A0, 0x28A0, 0x2880,
  0x2880, 0x2880, 0x2880, 0x2880, 0x30A0, 0x30A0, 0x3080, 0x2880, 0x2880, 0x28A0, 0x30A0, 0x30A0,
  0x30A0, 0x30A0, 0x30A0, 0x38C0, 0x4101, 0x2880, 0x1040, 0x1040, 0x1040, 0x1040, 0x1840, 0x1040,
  0x1840, 0x1040, 0x0820, 0x0820, 0x0820, 0x0800, 0x1840, 0x2040, 0x1840, 0x2060, 0x2880, 0x38C0,
  0x38C0, 0x30A0, 0x30A0, 0x2880, 0x2880, 0x2880, 0x2880, 0x2880, 0x2880, 0x2880, 0x2880, 0x2880,
  0x1020, 0x1840, 0x1020, 0x0000, 0x0000, 0x0000, 0x0000, 0x0000, 0x0000, 0x0000, 0x0000, 0x0000,
  0x0000, 0x0000, 0x0000, 0x0000, 0x0000, 0x0000, 0x0000, 0x0000, 0x0000, 0x0000, 0x0000, 0x0000,
  0x0000, 0x0000, 0x0000, 0x0000, 0x0000, 0x0800, 0x0800, 0x0800, 0x0800, 0x0800, 0x0800, 0x0800,
  0x0800, 0x0800, 0x0800, 0x0820, 0x0820, 0x0820, 0x0820, 0x0820, 0x0820, 0x0820, 0x0820, 0x0820,
  0x0820, 0x0820, 0x0820, 0x0820, 0x0820, 0x1020, 0x1020, 0x1020, 0x1020, 0x1040, 0x1040, 0x1020,
  0x0820, 0x0820, 0x1020, 0x1860, 0x1860, 0x1040, 0x1840, 0x1840, 0x1840, 0x1840, 0x1860, 0x1860,
  0x1860, 0x1860, 0x2060, 0x1840, 0x1040, 0x1020, 0x1020, 0x1020, 0x1020, 0x1020, 0x1020, 0x1040,
  0x1020, 0x1020, 0x1040, 0x1040, 0x1040, 0x1040, 0x1040, 0x1040, 0x1840, 0x1840, 0x1040, 0x1040,
  0x1040, 0x1040, 0x1040, 0x1040, 0x1840, 0x1040, 0x1040, 0x1040, 0x1040, 0x1040, 0x1040, 0x1040,
  0x1840, 0x1840, 0x1840, 0x1840, 0x1840, 0x1840, 0x1840, 0x1840, 0x1860, 0x2080, 0x1840, 0x1840,
  0x1860, 0x0000, 0x2880, 0x50E0, 0x38A0, 0x38A0, 0x2880, 0x2060, 0x1860, 0x1840, 0x1840, 0x1840,
  0x1840, 0x1840, 0x1840, 0x1840, 0x1840, 0x1840, 0x1840, 0x1840, 0x1840, 0x1840, 0x1840, 0x1840,
  0x1840, 0x1840, 0x1840, 0x1860, 0x1840, 0x1860, 0x1860, 0x2060, 0x2060, 0x2060, 0x2060, 0x2060,
  0x2060, 0x2060, 0x2880, 0x38E0, 0x4922, 0x1040, 0x2080, 0x5162, 0x1840, 0x1840, 0x2060, 0x1860,
  0x1860, 0x1840, 0x2060, 0x1840, 0x1840, 0x2060, 0x2060, 0x2060, 0x2060, 0x1840, 0x2060, 0x2060,
  0x2060, 0x2060, 0x2060, 0x2060, 0x2060, 0x2060, 0x2060, 0x2060, 0x2060, 0x2060, 0x2060, 0x2060,
  0x2060, 0x2060, 0x1860, 0x1860, 0x2060, 0x2060, 0x1860, 0x1860, 0x2060, 0x2060, 0x1860, 0x1860,
  0x1860, 0x2060, 0x2060, 0x2060, 0x30A0, 0x30C0, 0x1860, 0x1860, 0x1860, 0x1860, 0x1860, 0x2060,
  0x2060, 0x1860, 0x1840, 0x1040, 0x1040, 0x1040, 0x1840, 0x1040, 0x1020, 0x1020, 0x1840, 0x2060,
  0x2880, 0x2060, 0x2060, 0x2060, 0x2060, 0x2060, 0x2060, 0x2060, 0x2060, 0x2060, 0x2060, 0x2060,
  0x1020, 0x1840, 0x0820, 0x0000, 0x0000, 0x0000, 0x0000, 0x0000, 0x0000, 0x0000, 0x0000, 0x0000,
  0x0000, 0x0000, 0x0000, 0x0000, 0x0000, 0x0000, 0x0000, 0x0000, 0x0000, 0x0000, 0x0000, 0x0000,
  0x0000, 0x0000, 0x0000, 0x0000, 0x0000, 0x0000, 0x0000, 0x0000, 0x0000, 0x0000, 0x0000, 0x0000,
  0x0000, 0x0000, 0x0000, 0x0800, 0x0800, 0x0800, 0x0800, 0x0800, 0x0800, 0x0800, 0x0800, 0x0800,
  0x0800, 0x0800, 0x0800, 0x0800, 0x0800, 0x0800, 0x0800, 0x0800, 0x0800, 0x0800, 0x0800, 0x0800,
  0x0800, 0x0800, 0x0820, 0x1840, 0x1840, 0x0820, 0x1020, 0x1840, 0x1840, 0x1040, 0x1840, 0x1840,
  0x1860, 0x2080, 0x1040, 0x0820, 0x0820, 0x0820, 0x0820, 0x0820, 0x0820, 0x0820, 0x0820, 0x0820,
  0x0820, 0x0820, 0x0820, 0x0820, 0x0820, 0x0820, 0x0820, 0x1020, 0x1020, 0x1020, 0x1020, 0x1020,
  0x1020, 0x1020, 0x1020, 0x0820, 0x1020, 0x1020, 0x1020, 0x1020, 0x1020, 0x1020, 0x1020, 0x1020,
  0x1020, 0x1020, 0x1020, 0x1020, 0x1020, 0x1020, 0x1040, 0x1040, 0x1840, 0x1040, 0x1020, 0x1040,
  0x1840, 0x0000, 0x2060, 0x40A0, 0x38A0, 0x38A0, 0x2040, 0x1040, 0x1020, 0x1020, 0x1020, 0x1020,
  0x1020, 0x1020, 0x1020, 0x1020, 0x1020, 0x1020, 0x1020, 0x1020, 0x1020, 0x1020, 0x1020, 0x1020,
  0x1020, 0x1020, 0x1020, 0x1040, 0x1040, 0x1040, 0x1040, 0x1840, 0x1840, 0x1840, 0x1040, 0x1040,
  0x1040, 0x1840, 0x1840, 0x28A0, 0x38E1, 0x0000, 0x0000, 0x38E1, 0x1020, 0x1020, 0x1040, 0x1040,
  0x1040, 0x1040, 0x1040, 0x1020, 0x1040, 0x1020, 0x1040, 0x1020, 0x1040, 0x1040, 0x1040, 0x1840,
  0x1840, 0x1840, 0x1840, 0x1840, 0x1840, 0x1040, 0x1040, 0x1840, 0x1840, 0x1040, 0x1040, 0x1040,
  0x1840, 0x1040, 0x1020, 0x1020, 0x1020, 0x1040, 0x1020, 0x1040, 0x1040, 0x1840, 0x1040, 0x1040,
  0x1040, 0x1040, 0x1040, 0x1040, 0x1840, 0x1860, 0x1040, 0x1040, 0x1840, 0x1040, 0x1020, 0x1020,
  0x1040, 0x1040, 0x1020, 0x0820, 0x0820, 0x1840, 0x1020, 0x0820, 0x0800, 0x0800, 0x0820, 0x1020,
  0x1840, 0x1840, 0x1040, 0x1040, 0x1020, 0x1840, 0x1840, 0x1840, 0x1840, 0x1840, 0x1040, 0x1840,
  0x1020, 0x1040, 0x0800, 0x0000, 0x0000, 0x0000, 0x0000, 0x0000, 0x0000, 0x0000, 0x0000, 0x0000,
  0x0000, 0x0000, 0x0000, 0x0000, 0x0000, 0x0000, 0x0000, 0x0000, 0x0000, 0x0000, 0x0000, 0x0000,
  0x0000, 0x0000, 0x0000, 0x0000, 0x0000, 0x0000, 0x0000, 0x0000, 0x0000, 0x0000, 0x0000, 0x0000,
  0x0000, 0x0000, 0x0000, 0x0000, 0x0000, 0x0000, 0x0000, 0x0000, 0x0000, 0x0000, 0x0000, 0x0000,
  0x0000, 0x0000, 0x0000, 0x0000, 0x0000, 0x0000, 0x0000, 0x0000, 0x0000, 0x0000, 0x0000, 0x0000,
  0x0000, 0x0800, 0x0820, 0x1020, 0x2880, 0x4921, 0x4101, 0x4901, 0x4921, 0x5141, 0x5141, 0x4921,
  0x4921, 0x5121, 0x1840, 0x0000, 0x0800, 0x0800, 0x0800, 0x0800, 0x0800, 0x0800, 0x0800, 0x0800,
  0x0800, 0x0800, 0x0800, 0x0800, 0x0800, 0x0800, 0x0800, 0x0800, 0x0800, 0x0800, 0x0800, 0x0800,
  0x0800, 0x0800, 0x0800, 0x0800, 0x0800, 0x0800, 0x0800, 0x0800, 0x0820, 0x0820, 0x0820, 0x0820,
  0x0820, 0x0820, 0x0820, 0x0820, 0x0820, 0x0820, 0x0820, 0x0820, 0x0820, 0x0800, 0x0800, 0x1840,
  0x5900, 0x0000, 0x1840, 0x40A0, 0x38A0, 0x38A0, 0x1840, 0x0800, 0x0800, 0x0820, 0x0820, 0x0820,
  0x0820, 0x0820, 0x0820, 0x0820, 0x0820, 0x0820, 0x0820, 0x0820, 0x0820, 0x0820, 0x0820, 0x0820,
  0x0800, 0x0820, 0x0820, 0x0820, 0x0820, 0x0820, 0x0820, 0x0820, 0x1020, 0x1020, 0x0820, 0x0820,
  0x0820, 0x1020, 0x0820, 0x1860, 0x40E1, 0x30C1, 0x30C1, 0x28A1, 0x0800, 0x0800, 0x0820, 0x0820,
  0x0820, 0x0820, 0x0820, 0x0820, 0x0820, 0x0820, 0x0820, 0x0820, 0x0820, 0x0820, 0x0820, 0x0820,
  0x1020, 0x0820, 0x1020, 0x1020, 0x0820, 0x0820, 0x0820, 0x1020, 0x1020, 0x0820, 0x0820, 0x0820,
  0x0820, 0x0820, 0x0800, 0x0820, 0x0820, 0x0800, 0x0820, 0x0820, 0x0820, 0x0820, 0x0820, 0x0820,
  0x0820, 0x0820, 0x0820, 0x0820, 0x0820, 0x0820, 0x30A0, 0x38C0, 0x40E0, 0x48E0, 0x40C0, 0x40E0,
  0x4900, 0x48E0, 0x38C0, 0x38A0, 0x38A0, 0x1040, 0x0820, 0x0800, 0x0000, 0x0000, 0x0000, 0x0820,
  0x0820, 0x0820, 0x0820, 0x0820, 0x0820, 0x0820, 0x0820, 0x0820, 0x0820, 0x0820, 0x0820, 0x0800,
  0x0820, 0x1020, 0x0820, 0x0000, 0x0000, 0x0000, 0x0000, 0x0000, 0x0000, 0x0000, 0x0000, 0x0000,
  0x0000, 0x0000, 0x0000, 0x0000, 0x0000, 0x0000, 0x0000, 0x0000, 0x0000, 0x0000, 0x0000, 0x0000,
  0x0000, 0x0000, 0x0000, 0x0000, 0x0000, 0x0000, 0x0000, 0x0000, 0x0000, 0x0000, 0x0000, 0x0000,
  0x0000, 0x0000, 0x0000, 0x0000, 0x0000, 0x0000, 0x0000, 0x0000, 0x0000, 0x0000, 0x0000, 0x0000,
  0x0000, 0x0000, 0x0000, 0x0000, 0x0000, 0x0000, 0x0000, 0x0000, 0x0000, 0x0000, 0x0000, 0x0000,
  0x0000, 0x0800, 0x0820, 0x1020, 0x1040, 0x4901, 0x5121, 0x5141, 0x5942, 0x6162, 0x6162, 0x5141,
  0x40E1, 0x30A0, 0x0820, 0x0000, 0x0000, 0x0000, 0x0000, 0x0000, 0x0000, 0x0000, 0x0000, 0x0000,
  0x0000, 0x0000, 0x0000, 0x0000, 0x0000, 0x0000, 0x0000, 0x0000, 0x0000, 0x0000, 0x0000, 0x0000,
  0x0000, 0x0000, 0x0000, 0x0000, 0x0000, 0x0000, 0x0000, 0x0000, 0x0000, 0x0000, 0x0800, 0x0800,
  0x0800, 0x0800, 0x0800, 0x0800, 0x0800, 0x0000, 0x0800, 0x0800, 0x0800, 0x0800, 0x0800, 0x1840,
  0x5900, 0x0800, 0x1020, 0x40A0, 0x38A0, 0x38A0, 0x1820, 0x0000, 0x0000, 0x0000, 0x0800, 0x0800,
  0x0800, 0x0800, 0x0800, 0x0800, 0x0800, 0x0800, 0x0800, 0x0800, 0x0800, 0x0800, 0x0800, 0x0800,
  0x0000, 0x0000, 0x0000, 0x0800, 0x0800, 0x0800, 0x0800, 0x0800, 0x0800, 0x0800, 0x0800, 0x0800,
  0x0800, 0x0820, 0x0000, 0x1040, 0x38C0, 0x4901, 0x5141, 0x2060, 0x0000, 0x0800, 0x0800, 0x0800,
  0x0800, 0x0800, 0x0800, 0x0800, 0x0800, 0x0800, 0x0800, 0x0800, 0x0800, 0x0800, 0x0800, 0x0800,
  0x0800, 0x0800, 0x0800, 0x0800, 0x0800, 0x0800, 0x0800, 0x0800, 0x0800, 0x0800, 0x0000, 0x0000,
  0x0000, 0x0000, 0x0000, 0x0000, 0x0000, 0x0000, 0x0000, 0x0000, 0x0000, 0x0000, 0x0800, 0x0800,
  0x0800, 0x0800, 0x0800, 0x0800, 0x0800, 0x0000, 0x3080, 0x50E0, 0x5900, 0x5900, 0x6940, 0x7980,
  0x89C0, 0x6920, 0x50E0, 0x50E0, 0x40C0, 0x1020, 0x0800, 0x0000, 0x0000, 0x0000, 0x0000, 0x0000,
  0x0000, 0x0000, 0x0000, 0x0000, 0x0800, 0x0000, 0x0000, 0x0000, 0x0000, 0x0000, 0x0000, 0x0000,
  0x0800, 0x1020, 0x1020, 0x0000, 0x0000, 0x0000, 0x0000, 0x0000, 0x0000, 0x0000, 0x0000, 0x0000,
  0x0000, 0x0000, 0x0000, 0x0000, 0x0000, 0x0000, 0x0000, 0x0000, 0x0000, 0x0000, 0x0000, 0x0000,
  0x0000, 0x0000, 0x0000, 0x0000, 0x0000, 0x0000, 0x0000, 0x0000, 0x0000, 0x0000, 0x0000, 0x0000,
  0x0000, 0x0000, 0x0000, 0x0000, 0x0000, 0x0000, 0x0000, 0x0000, 0x0000, 0x0000, 0x0000, 0x0000,
  0x0000, 0x0000, 0x0000, 0x0000, 0x0000, 0x0000, 0x0000, 0x0000, 0x0000, 0x0000, 0x0000, 0x0000,
  0x0000, 0x0000, 0x0800, 0x1020, 0x0800, 0x4901, 0x6182, 0x5121, 0x5141, 0x5962, 0x5141, 0x4901,
  0x2880, 0x0820, 0x0000, 0x0000, 0x0000, 0x0000, 0x0000, 0x0000, 0x0000, 0x0000, 0x0000, 0x0000,
  0x0000, 0x0000, 0x0000, 0x0000, 0x0000, 0x0000, 0x0000, 0x0000, 0x0000, 0x0000, 0x0000, 0x0000,
  0x0000, 0x0000, 0x0000, 0x0000, 0x0000, 0x0000, 0x0000, 0x0000, 0x0000, 0x0000, 0x0000, 0x0000,
  0x0000, 0x0000, 0x0000, 0x0000, 0x0000, 0x0000, 0x0000, 0x0000, 0x0800, 0x0000, 0x0800, 0x1020,
  0x2880, 0x0820, 0x1840, 0x38A0, 0x3080, 0x38A0, 0x1020, 0x0000, 0x0000, 0x0000, 0x0000, 0x0000,
  0x0000, 0x0000, 0x0000, 0x0000, 0x0000, 0x0000, 0x0000, 0x0000, 0x0000, 0x0000, 0x0000, 0x0000,
  0x0000, 0x0000, 0x0000, 0x0000, 0x0000, 0x0000, 0x0000, 0x0000, 0x0000, 0x0000, 0x0000, 0x0000,
  0x0000, 0x0800, 0x0000, 0x1040, 0x40E0, 0x1840, 0x1840, 0x1020, 0x0800, 0x0000, 0x0000, 0x0800,
  0x0000, 0x0000, 0x0000, 0x0000, 0x0000, 0x0000, 0x0000, 0x0000, 0x0000, 0x0000, 0x0000, 0x0000,
  0x0000, 0x0000, 0x0000, 0x0000, 0x0000, 0x0000, 0x0000, 0x0000, 0x0000, 0x0000, 0x0000, 0x0000,
  0x0000, 0x0000, 0x0000, 0x0000, 0x0000, 0x0000, 0x0000, 0x0000, 0x0000, 0x0000, 0x0000, 0x0000,
  0x0000, 0x0000, 0x0000, 0x0000, 0x0000, 0x0000, 0x1840, 0x30A0, 0x40C0, 0x48E0, 0x5920, 0x79A0,
  0x9200, 0x7160, 0x5920, 0x5920, 0x2860, 0x0800, 0x0800, 0x0000, 0x0000, 0x0000, 0x0000, 0x0000,
  0x0000, 0x0000, 0x0000, 0x0000, 0x0000, 0x0000, 0x0000, 0x0000, 0x0000, 0x0000, 0x0000, 0x0000,
  0x1840, 0x1840, 0x0820, 0x0000, 0x0000, 0x0000, 0x0000, 0x0000, 0x0000, 0x0000, 0x0000, 0x0000,
  0x0000, 0x0000, 0x0000, 0x0000, 0x0000, 0x0000, 0x0000, 0x0000, 0x0000, 0x0800, 0x0000, 0x0000,
  0x0800, 0x0800, 0x0800, 0x0800, 0x0800, 0x0820, 0x0820, 0x0820, 0x0820, 0x0820, 0x0820, 0x0820,
  0x0820, 0x0820, 0x0820, 0x1020, 0x1020, 0x1020, 0x1040, 0x1040, 0x1040, 0x1040, 0x1840, 0x1840,
  0x1840, 0x1840, 0x1840, 0x1840, 0x1840, 0x1860, 0x1860, 0x2060, 0x2060, 0x1040, 0x0000, 0x0000,
  0x0000, 0x0000, 0x0800, 0x0800, 0x0820, 0x2060, 0x28A0, 0x2081, 0x2080, 0x2080, 0x28A0, 0x2880,
  0x1820, 0x1840, 0x1840, 0x0000, 0x0000, 0x0000, 0x0000, 0x0000, 0x0000, 0x0000, 0x0000, 0x0000,
  0x0000, 0x0000, 0x0000, 0x0000, 0x0000, 0x0000, 0x0000, 0x0000, 0x0000, 0x0000, 0x0000, 0x0000,
  0x0000, 0x0000, 0x0000, 0x0000, 0x0000, 0x0000, 0x0000, 0x0000, 0x0000, 0x0000, 0x0000, 0x0000,
  0x0000, 0x0000, 0x0000, 0x0000, 0x0000, 0x0000, 0x0000, 0x0000, 0x0000, 0x0800, 0x0800, 0x0800,
  0x2860, 0x1020, 0x2060, 0x38A0, 0x2860, 0x40C0, 0x2060, 0x0000, 0x0000, 0x0000, 0x0000, 0x0000,
  0x0000, 0x0000, 0x0000, 0x0000, 0x0000, 0x0000, 0x0000, 0x0000, 0x0000, 0x0000, 0x0000, 0x0000,
  0x0000, 0x0000, 0x0000, 0x0000, 0x0000, 0x0000, 0x0000, 0x0000, 0x0000, 0x0000, 0x0000, 0x0000,
  0x0000, 0x0000, 0x0000, 0x1020, 0x2060, 0x0000, 0x0000, 0x1020, 0x0800, 0x0000, 0x0000, 0x0000,
  0x0000, 0x0000, 0x0000, 0x0000, 0x0000, 0x0000, 0x0000, 0x0000, 0x0000, 0x0000, 0x0000, 0x0000,
  0x0000, 0x0000, 0x0000, 0x0000, 0x0000, 0x0000, 0x0000, 0x0000, 0x0000, 0x0000, 0x0000, 0x0000,
  0x0000, 0x0000, 0x0000, 0x0000, 0x0000, 0x0000, 0x0000, 0x0000, 0x0000, 0x0000, 0x0000, 0x0000,
  0x0000, 0x0000, 0x0000, 0x0000, 0x0000, 0x0800, 0x1840, 0x1020, 0x2060, 0x2060, 0x30A0, 0x38C0,
  0x40E0, 0x30A0, 0x28A0, 0x5920, 0x2040, 0x0800, 0x0800, 0x0000, 0x0000, 0x0000, 0x0000, 0x0000,
  0x0000, 0x0000, 0x0000, 0x0000, 0x0000, 0x0000, 0x0000, 0x0000, 0x0000, 0x0000, 0x0000, 0x0000,
  0x0820, 0x0000, 0x0000, 0x0000, 0x0000, 0x0800, 0x0800, 0x0000, 0x0000, 0x0800, 0x0800, 0x0800,
  0x0800, 0x0800, 0x0800, 0x0800, 0x0800, 0x0800, 0x0800, 0x0800, 0x0800, 0x0800, 0x0800, 0x0800,
  0x0820, 0x0820, 0x0820, 0x0820, 0x0820, 0x0820, 0x1020, 0x1020, 0x1020, 0x1020, 0x1020, 0x1020,
  0x1020, 0x1020, 0x1020, 0x1020, 0x1020, 0x1040, 0x1040, 0x1040, 0x1040, 0x1040, 0x1040, 0x1840,
  0x1840, 0x1840, 0x1840, 0x1840, 0x1840, 0x1860, 0x1840, 0x2060, 0x1860, 0x0820, 0x0000, 0x0000,
  0x0000, 0x0000, 0x0000, 0x0800, 0x0820, 0x1020, 0x4921, 0x5941, 0x5941, 0x38E1, 0x2080, 0x1840,
  0x38C0, 0x30A0, 0x2060, 0x1860, 0x1860, 0x1860, 0x1860, 0x1860, 0x1840, 0x1840, 0x1860, 0x1860,
  0x1860, 0x1840, 0x1860, 0x1860, 0x1860, 0x1860, 0x1860, 0x1860, 0x1860, 0x1860, 0x1860, 0x1860,
  0x1860, 0x1860, 0x1860, 0x1860, 0x1840, 0x1840, 0x1840, 0x1840, 0x1840, 0x1840, 0x1840, 0x1840,
  0x1840, 0x1840, 0x1840, 0x1040, 0x1040, 0x1840, 0x1040, 0x1040, 0x1840, 0x2060, 0x2880, 0x1040,
  0x2040, 0x0800, 0x2060, 0x38A0, 0x2880, 0x30A0, 0x2880, 0x1840, 0x1040, 0x1020, 0x1020, 0x1020,
  0x1020, 0x1020, 0x1020, 0x1020, 0x1020, 0x1020, 0x1020, 0x1020, 0x1020, 0x1020, 0x1020, 0x1020,
  0x1020, 0x1020, 0x1020, 0x1020, 0x1020, 0x1020, 0x1020, 0x1020, 0x1020, 0x1020, 0x1020, 0x1020,
  0x1020, 0x1020, 0x1860, 0x38C0, 0x2060, 0x0000, 0x1040, 0x1820, 0x1840, 0x1860, 0x1020, 0x0820,
  0x1020, 0x1020, 0x1020, 0x0820, 0x0820, 0x0820, 0x0820, 0x0820, 0x1020, 0x1020, 0x1020, 0x1020,
  0x0820, 0x1020, 0x1020, 0x1020, 0x1020, 0x1020, 0x1020, 0x1020, 0x1020, 0x1020, 0x1020, 0x1020,
  0x1020, 0x1020, 0x1020, 0x1020, 0x1020, 0x1020, 0x1020, 0x1020, 0x1020, 0x1020, 0x1020, 0x1020,
  0x1020, 0x1020, 0x1020, 0x1020, 0x1020, 0x2060, 0x40E0, 0x2060, 0x0000, 0x1040, 0x2060, 0x38C0,
  0x4900, 0x3080, 0x2060, 0x2060, 0x1020, 0x0800, 0x0800, 0x0000, 0x0000, 0x0000, 0x0000, 0x0000,
  0x1040, 0x1860, 0x1040, 0x1040, 0x1040, 0x1040, 0x1040, 0x1020, 0x1020, 0x0820, 0x0820, 0x0820,
  0x0000, 0x0000, 0x0000, 0x0000, 0x0000, 0x0000, 0x0000, 0x0000, 0x0000, 0x0000, 0x0000, 0x0000,
  0x0000, 0x0000, 0x0000, 0x0000, 0x0000, 0x0000, 0x0000, 0x0000, 0x0000, 0x0000, 0x0000, 0x0000,
  0x0800, 0x0800, 0x0800, 0x0800, 0x0800, 0x0800, 0x0820, 0x0820, 0x0820, 0x0800, 0x0820, 0x0800,
  0x0820, 0x0820, 0x0820, 0x0820, 0x0820, 0x0820, 0x0820, 0x0820, 0x0820, 0x0820, 0x0820, 0x0820,
  0x0820, 0x0820, 0x0820, 0x0820, 0x0820, 0x0820, 0x0820, 0x1020, 0x0820, 0x0800, 0x0800, 0x0000,
  0x0000, 0x0000, 0x0000, 0x0800, 0x0820, 0x0820, 0x5121, 0x6981, 0x5121, 0x2040, 0x0000, 0x2060,
  0x28A0, 0x1860, 0x1860, 0x1860, 0x1860, 0x1860, 0x2060, 0x2060, 0x2060, 0x2060, 0x2060, 0x2080,
  0x2060, 0x2080, 0x2080, 0x2080, 0x2880, 0x2880, 0x2880, 0x2880, 0x2880, 0x2880, 0x2880, 0x2880,
  0x2080, 0x2880, 0x2080, 0x2080, 0x2080, 0x2080, 0x2080, 0x2080, 0x2080, 0x2080, 0x2080, 0x2080,
  0x2080, 0x2080, 0x2060, 0x2080, 0x2080, 0x2080, 0x2080, 0x2080, 0x2060, 0x2060, 0x28A0, 0x1840,
  0x1020, 0x2880, 0x38C0, 0x3080, 0x2860, 0x2080, 0x2060, 0x2080, 0x2080, 0x2060, 0x2060, 0x2060,
  0x2060, 0x2080, 0x2060, 0x2060, 0x2080, 0x2080, 0x2080, 0x2880, 0x2880, 0x2880, 0x2880, 0x2880,
  0x2880, 0x28A0, 0x28A0, 0x28A0, 0x28A0, 0x28A0, 0x30A0, 0x30A0, 0x30A0, 0x30A0, 0x30A0, 0x30A0,
  0x30A0, 0x30A0, 0x30C0, 0x38C1, 0x38C0, 0x0820, 0x1840, 0x1820, 0x2060, 0x28A0, 0x2880, 0x2880,
  0x2880, 0x2880, 0x2880, 0x2880, 0x2880, 0x28A0, 0x28A0, 0x28A0, 0x28A0, 0x30A0, 0x28A0, 0x28A0,
  0x28A0, 0x28A0, 0x30A0, 0x30A0, 0x30A0, 0x30C0, 0x38C1, 0x38C0, 0x38C0, 0x38C0, 0x38C1, 0x38E1,
  0x38E1, 0x38C1, 0x38C1, 0x38C0, 0x38C0, 0x38C0, 0x38C0, 0x38C0, 0x38C1, 0x38C0, 0x30C0, 0x30C0,
  0x30C0, 0x30C0, 0x30A0, 0x30A0, 0x30C0, 0x30C0, 0x30C0, 0x38C0, 0x1840, 0x0800, 0x2060, 0x48E0,
  0x79A0, 0x81A0, 0x89C0, 0x5100, 0x0000, 0x0800, 0x0000, 0x0000, 0x0000, 0x0000, 0x0000, 0x0000,
  0x0820, 0x2880, 0x30C1, 0x30A0, 0x28A0, 0x28A0, 0x28A0, 0x28A0, 0x2880, 0x2880, 0x2880, 0x2880,
  0x0000, 0x0000, 0x0000, 0x0000, 0x0000, 0x0000, 0x0000, 0x0000, 0x0000, 0x0000, 0x0000, 0x0000,
  0x0000, 0x0000, 0x0000, 0x0000, 0x0000, 0x0000, 0x0000, 0x0000, 0x0000, 0x0000, 0x0000, 0x0000,
  0x0000, 0x0000, 0x0000, 0x0000, 0x0000, 0x0000, 0x0000, 0x0000, 0x0000, 0x0000, 0x0000, 0x0800,
  0x0000, 0x0800, 0x0800, 0x0800, 0x0800, 0x0800, 0x0800, 0x0800, 0x0800, 0x0800, 0x0800, 0x0800,
  0x0800, 0x0800, 0x0800, 0x0800, 0x0800, 0x0800, 0x0800, 0x0800, 0x0800, 0x0800, 0x0800, 0x0000,
  0x0000, 0x0000, 0x0000, 0x0800, 0x0800, 0x0820, 0x30A0, 0x30A0, 0x1840, 0x1020, 0x1840, 0x1040,
  0x1020, 0x1020, 0x1020, 0x1020, 0x1020, 0x1020, 0x1020, 0x1020, 0x1020, 0x1020, 0x1020, 0x1020,
  0x1020, 0x1040, 0x1040, 0x1040, 0x1040, 0x1040, 0x1040, 0x1840, 0x1840, 0x1840, 0x1840, 0x1040,
  0x1840, 0x1040, 0x1040, 0x1040, 0x1040, 0x1040, 0x1040, 0x1040, 0x1840, 0x1840, 0x1040, 0x1040,
  0x1840, 0x1840, 0x1840, 0x1040, 0x1840, 0x1840, 0x1040, 0x1040, 0x1040, 0x1040, 0x1860, 0x0820,
  0x1840, 0x38A0, 0x40C0, 0x2060, 0x0800, 0x1840, 0x1840, 0x1840, 0x1840, 0x1040, 0x1040, 0x1040,
  0x1840, 0x1840, 0x1840, 0x1840, 0x1840, 0x1840, 0x1840, 0x1840, 0x1860, 0x1860, 0x1860, 0x1860,
  0x1860, 0x1860, 0x2060, 0x1860, 0x1860, 0x2060, 0x2060, 0x2080, 0x2060, 0x2060, 0x2060, 0x2060,
  0x2060, 0x2060, 0x2080, 0x2080, 0x2880, 0x0820, 0x0000, 0x1020, 0x1040, 0x2060, 0x2060, 0x2060,
  0x1860, 0x2060, 0x1860, 0x2060, 0x2060, 0x2060, 0x2060, 0x2060, 0x2060, 0x2060, 0x2060, 0x2060,
  0x2060, 0x2060, 0x2060, 0x2080, 0x2080, 0x2080, 0x2080, 0x2880, 0x2880, 0x2880, 0x2880, 0x2880,
  0x2880, 0x2880, 0x2880, 0x2080, 0x2080, 0x2080, 0x2080, 0x2080, 0x2060, 0x2060, 0x2060, 0x2060,
  0x2060, 0x2060, 0x2060, 0x2060, 0x2060, 0x2060, 0x1860, 0x1860, 0x2880, 0x2040, 0x1020, 0x0800,
  0x2040, 0x6120, 0x79A0, 0x2880, 0x0000, 0x0800, 0x0000, 0x0000, 0x0000, 0x0000, 0x0000, 0x0000,
  0x0000, 0x1020, 0x1860, 0x1840, 0x1840, 0x1840, 0x1860, 0x1860, 0x1860, 0x1840, 0x1840, 0x1840,
  0x0000, 0x0000, 0x0000, 0x0000, 0x0000, 0x0000, 0x0000, 0x0000, 0x0000, 0x0000, 0x0000, 0x0000,
  0x0000, 0x0000, 0x0000, 0x0000, 0x0000, 0x0000, 0x0000, 0x0000, 0x0000, 0x0000, 0x0000, 0x0000,
  0x0000, 0x0000, 0x0000, 0x0000, 0x0000, 0x0000, 0x0000, 0x0000, 0x0000, 0x0000, 0x0000, 0x0000,
  0x0000, 0x0000, 0x0000, 0x0000, 0x0000, 0x0000, 0x0000, 0x0000, 0x0000, 0x0000, 0x0000, 0x0000,
  0x0000, 0x0000, 0x0000, 0x0000, 0x0000, 0x0000, 0x0000, 0x0000, 0x0000, 0x0800, 0x0800, 0x0000,
  0x0000, 0x0000, 0x0000, 0x0800, 0x0800, 0x1020, 0x0000, 0x0800, 0x0820, 0x0820, 0x2880, 0x0820,
  0x0820, 0x0800, 0x0820, 0x0820, 0x0820, 0x0800, 0x0820, 0x0820, 0x0820, 0x0820, 0x0820, 0x0820,
  0x0820, 0x0820, 0x0820, 0x0820, 0x0820, 0x1020, 0x1020, 0x1020, 0x1020, 0x1020, 0x1020, 0x1020,
  0x1020, 0x1020, 0x0820, 0x1020, 0x0820, 0x1020, 0x0820, 0x1020, 0x1020, 0x1020, 0x1020, 0x1020,
  0x1020, 0x1020, 0x1020, 0x1020, 0x1020, 0x0820, 0x0820, 0x0820, 0x0820, 0x0820, 0x1020, 0x0800,
  0x1840, 0x3080, 0x3080, 0x2860, 0x1020, 0x0820, 0x1020, 0x0820, 0x0820, 0x0820, 0x0820, 0x1020,
  0x1020, 0x1020, 0x1020, 0x1020, 0x1020, 0x1020, 0x1020, 0x1020, 0x1020, 0x1020, 0x1020, 0x1040,
  0x1040, 0x1040, 0x1040, 0x1040, 0x1020, 0x1020, 0x1020, 0x1040, 0x1020, 0x1020, 0x1040, 0x1020,
  0x1040, 0x1040, 0x1040, 0x1040, 0x1840, 0x0800, 0x0000, 0x0820, 0x0820, 0x1040, 0x1040, 0x1040,
  0x1020, 0x1020, 0x1020, 0x1020, 0x1020, 0x1020, 0x1020, 0x1020, 0x1020, 0x1040, 0x1040, 0x1040,
  0x1040, 0x1040, 0x1020, 0x1020, 0x1020, 0x1020, 0x1020, 0x1020, 0x1020, 0x1040, 0x1020, 0x1020,
  0x1020, 0x1020, 0x1040, 0x1020, 0x1020, 0x1020, 0x1020, 0x1020, 0x1020, 0x1020, 0x1020, 0x1020,
  0x1020, 0x1020, 0x1020, 0x1020, 0x1020, 0x1020, 0x1020, 0x1020, 0x1040, 0x50E0, 0x1840, 0x0000,
  0x0800, 0x1840, 0x2060, 0x1020, 0x0800, 0x0000, 0x0000, 0x0000, 0x0000, 0x0000, 0x0000, 0x0000,
  0x0000, 0x0800, 0x0820, 0x0820, 0x0820, 0x0820, 0x0820, 0x0820, 0x0820, 0x0820, 0x0820, 0x0800,
  0x0000, 0x0000, 0x0000, 0x0000, 0x0000, 0x0000, 0x0000, 0x0000, 0x0000, 0x0000, 0x0000, 0x0000,
  0x0000, 0x0000, 0x0000, 0x0000, 0x0000, 0x0000, 0x0000, 0x0000, 0x0000, 0x0000, 0x0000, 0x0000,
  0x0000, 0x0000, 0x0000, 0x0000, 0x0000, 0x0000, 0x0000, 0x0000, 0x0000, 0x0000, 0x0000, 0x0000,
  0x0000, 0x0000, 0x0000, 0x0000, 0x0000, 0x0000, 0x0000, 0x0000, 0x0000, 0x0000, 0x0000, 0x0000,
  0x0000, 0x0000, 0x0000, 0x0000, 0x0000, 0x0000, 0x0000, 0x0000, 0x0000, 0x0000, 0x0800, 0x0000,
  0x0000, 0x0000, 0x0000, 0x0800, 0x0820, 0x0800, 0x0820, 0x0000, 0x0000, 0x0820, 0x2060, 0x0000,
  0x0800, 0x0800, 0x0800, 0x0800, 0x0800, 0x0800, 0x0800, 0x0800, 0x0800, 0x0800, 0x0800, 0x0800,
  0x0800, 0x0800, 0x0800, 0x0800, 0x0800, 0x0800, 0x0820, 0x0800, 0x0820, 0x0820, 0x0800, 0x0820,
  0x0820, 0x0800, 0x0820, 0x0800, 0x0820, 0x0820, 0x0820, 0x0820, 0x0820, 0x0820, 0x0820, 0x0820,
  0x0800, 0x0820, 0x0820, 0x0820, 0x0820, 0x0800, 0x0800, 0x0800, 0x0800, 0x0800, 0x0800, 0x0000,
  0x2040, 0x3080, 0x2060, 0x2860, 0x1840, 0x0800, 0x0800, 0x0800, 0x0800, 0x0800, 0x0800, 0x0800,
  0x0800, 0x0800, 0x0800, 0x0800, 0x0800, 0x0820, 0x0820, 0x0820, 0x0820, 0x0820, 0x0820, 0x0820,
  0x0820, 0x0820, 0x0820, 0x0820, 0x0820, 0x0820, 0x0820, 0x0820, 0x0820, 0x0820, 0x0820, 0x0820,
  0x0820, 0x0820, 0x0820, 0x0820, 0x0820, 0x0800, 0x0800, 0x0820, 0x0000, 0x0820, 0x0820, 0x0820,
  0x0820, 0x0820, 0x0820, 0x0800, 0x0820, 0x0820, 0x0820, 0x0820, 0x0820, 0x0820, 0x0820, 0x0820,
  0x0820, 0x0820, 0x0820, 0x0820, 0x0820, 0x0820, 0x0820, 0x0820, 0x0820, 0x0820, 0x0820, 0x0820,
  0x0820, 0x0820, 0x0820, 0x0820, 0x0820, 0x0820, 0x0820, 0x0820, 0x0800, 0x0820, 0x0820, 0x0820,
  0x0820, 0x0820, 0x0800, 0x0800, 0x0800, 0x0800, 0x0800, 0x0800, 0x0820, 0x38A0, 0x1020, 0x0000,
  0x0000, 0x0800, 0x0800, 0x0820, 0x0800, 0x0000, 0x0000, 0x0000, 0x0000, 0x0000, 0x0000, 0x0000,
  0x0000, 0x0000, 0x0800, 0x0800, 0x0800, 0x0800, 0x0000, 0x0800, 0x0800, 0x0000, 0x0800, 0x0800,
  0x0000, 0x0000, 0x0000, 0x0000, 0x0000, 0x0000, 0x0000, 0x0000, 0x0000, 0x0000, 0x0000, 0x0000,
  0x0000, 0x0000, 0x0000, 0x0000, 0x0000, 0x0000, 0x0000, 0x0000, 0x0000, 0x0000, 0x0000, 0x0000,
  0x0000, 0x0000, 0x0000, 0x0000, 0x0000, 0x0000, 0x0000, 0x0000, 0x0000, 0x0000, 0x0000, 0x0000,
  0x0000, 0x0000, 0x0000, 0x0000, 0x0000, 0x0000, 0x0000, 0x0000, 0x0000, 0x0000, 0x0000, 0x0000,
  0x0000, 0x0000, 0x0000, 0x0000, 0x0000, 0x0000, 0x0000, 0x0000, 0x0000, 0x0000, 0x0800, 0x0000,
  0x0000, 0x0000, 0x0000, 0x0800, 0x0800, 0x0820, 0x0000, 0x0000, 0x0000, 0x0800, 0x1840, 0x0000,
  0x0800, 0x0000, 0x0000, 0x0000, 0x0800, 0x0800, 0x0800, 0x0800, 0x0800, 0x0800, 0x0800, 0x0800,
  0x0800, 0x0800, 0x0800, 0x0800, 0x0800, 0x0800, 0x0800, 0x0800, 0x0800, 0x0800, 0x0800, 0x0800,
  0x0800, 0x0800, 0x0800, 0x0800, 0x0800, 0x0800, 0x0800, 0x0800, 0x0800, 0x0800, 0x0800, 0x0800,
  0x0800, 0x0800, 0x0800, 0x0800, 0x0800, 0x0800, 0x0800, 0x0800, 0x0800, 0x0800, 0x0800, 0x0000,
  0x1840, 0x2860, 0x2040, 0x2860, 0x1840, 0x0000, 0x0800, 0x0800, 0x0800, 0x0800, 0x0800, 0x0800,
  0x0800, 0x0800, 0x0800, 0x0800, 0x0800, 0x0800, 0x0800, 0x0800, 0x0800, 0x0800, 0x0800, 0x0800,
  0x0800, 0x0800, 0x0800, 0x0800, 0x0800, 0x0800, 0x0800, 0x0800, 0x0800, 0x0800, 0x0800, 0x0800,
  0x0800, 0x0800, 0x0800, 0x0800, 0x0800, 0x0820, 0x0800, 0x0800, 0x0000, 0x0800, 0x0800, 0x0800,
  0x0800, 0x0800, 0x0800, 0x0800, 0x0800, 0x0800, 0x0800, 0x0800, 0x0800, 0x0800, 0x0800, 0x0800,
  0x0800, 0x0800, 0x0800, 0x0800, 0x0800, 0x0800, 0x0800, 0x0800, 0x0800, 0x0800, 0x0800, 0x0800,
  0x0800, 0x0800, 0x0800, 0x0800, 0x0800, 0x0800, 0x0800, 0x0800, 0x0800, 0x0800, 0x0800, 0x0800,
  0x0800, 0x0800, 0x0800, 0x0800, 0x0800, 0x0000, 0x0000, 0x0000, 0x0000, 0x2880, 0x0820, 0x0000,
  0x0000, 0x0000, 0x0800, 0x0000, 0x0800, 0x0800, 0x0000, 0x0000, 0x0000, 0x0000, 0x0000, 0x0000,
  0x0000, 0x0000, 0x0000, 0x0000, 0x0000, 0x0000, 0x0000, 0x0000, 0x0000, 0x0000, 0x0000, 0x0000,
  0x0000, 0x0000, 0x0000, 0x0000, 0x0000, 0x0000, 0x0000, 0x0000, 0x0000, 0x0000, 0x0000, 0x0000,
  0x0000, 0x0000, 0x0000, 0x0000, 0x0000, 0x0000, 0x0000, 0x0000, 0x0000, 0x0000, 0x0000, 0x0000,
  0x0000, 0x0000, 0x0000, 0x0000, 0x0000, 0x0000, 0x0000, 0x0000, 0x0000, 0x0000, 0x0000, 0x0000,
  0x0000, 0x0000, 0x0000, 0x0000, 0x0000, 0x0000, 0x0000, 0x0000, 0x0000, 0x0000, 0x0000, 0x0000,
  0x0000, 0x0000, 0x0000, 0x0000, 0x0000, 0x0000, 0x0000, 0x0000, 0x0800, 0x0000, 0x0800, 0x0000,
  0x0000, 0x0000, 0x0000, 0x0000, 0x0820, 0x1040, 0x0820, 0x0000, 0x0000, 0x0000, 0x1020, 0x0000,
  0x0000, 0x0000, 0x0000, 0x0000, 0x0000, 0x0000, 0x0000, 0x0000, 0x0800, 0x0800, 0x0800, 0x0800,
  0x0800, 0x0800, 0x0800, 0x0800, 0x0800, 0x0800, 0x0800, 0x0800, 0x0800, 0x0800, 0x0800, 0x0800,
  0x0800, 0x0800, 0x0800, 0x0800, 0x0800, 0x0800, 0x0800, 0x0800, 0x0800, 0x0800, 0x0800, 0x0800,
  0x0800, 0x0800, 0x0800, 0x0800, 0x0800, 0x0800, 0x0800, 0x0800, 0x0800, 0x0800, 0x0800, 0x0000,
  0x1020, 0x2060, 0x2040, 0x2060, 0x1840, 0x0000, 0x0800, 0x0800, 0x0800, 0x0800, 0x0800, 0x0800,
  0x0800, 0x0800, 0x0800, 0x0800, 0x0800, 0x0800, 0x0800, 0x0800, 0x0800, 0x0800, 0x0800, 0x0800,
  0x0800, 0x0800, 0x0800, 0x0800, 0x0800, 0x0800, 0x0800, 0x0800, 0x0800, 0x0800, 0x0800, 0x0800,
  0x0800, 0x0800, 0x0800, 0x0800, 0x0800, 0x0800, 0x0000, 0x0800, 0x0000, 0x0800, 0x0800, 0x0800,
  0x0800, 0x0800, 0x0800, 0x0800, 0x0800, 0x0800, 0x0800, 0x0800, 0x0800, 0x0800, 0x0800, 0x0800,
  0x0800, 0x0800, 0x0800, 0x0800, 0x0800, 0x0800, 0x0800, 0x0800, 0x0800, 0x0800, 0x0000, 0x0800,
  0x0000, 0x0000, 0x0800, 0x0000, 0x0800, 0x0800, 0x0000, 0x0800, 0x0000, 0x0000, 0x0000, 0x0000,
  0x0000, 0x0000, 0x0000, 0x0000, 0x0000, 0x0000, 0x0000, 0x0000, 0x0000, 0x2060, 0x0800, 0x0000,
  0x0000, 0x0000, 0x0000, 0x1020, 0x0800, 0x0000, 0x0000, 0x0000, 0x0000, 0x0000, 0x0000, 0x0000,
  0x0000, 0x0000, 0x0000, 0x0000, 0x0000, 0x0000, 0x0000, 0x0000, 0x0000, 0x0000, 0x0000, 0x0000,
  0x0000, 0x0000, 0x0000, 0x0000, 0x0000, 0x0000, 0x0000, 0x0000, 0x0000, 0x0000, 0x0000, 0x0000,
  0x0000, 0x0000, 0x0000, 0x0000, 0x0000, 0x0000, 0x0000, 0x0000, 0x0000, 0x0000, 0x0000, 0x0000,
  0x0000, 0x0000, 0x0000, 0x0000, 0x0000, 0x0000, 0x0000, 0x0000, 0x0000, 0x0000, 0x0000, 0x0000,
  0x0000, 0x0000, 0x0000, 0x0000, 0x0000, 0x0000, 0x0000, 0x0000, 0x0000, 0x0000, 0x0000, 0x0000,
  0x0000, 0x0000, 0x0000, 0x0000, 0x0000, 0x0000, 0x0000, 0x0000, 0x0800, 0x0000, 0x0800, 0x0000,
  0x0000, 0x0000, 0x0000, 0x0800, 0x0820, 0x0820, 0x1040, 0x1020, 0x0820, 0x1020, 0x1020, 0x0000,
  0x0000, 0x0000, 0x0000, 0x0000, 0x0000, 0x0000, 0x0000, 0x0000, 0x0000, 0x0000, 0x0800, 0x0800,
  0x0800, 0x0800, 0x0800, 0x0800, 0x0800, 0x0800, 0x0800, 0x0800, 0x0800, 0x0800, 0x0800, 0x0800,
  0x0800, 0x0800, 0x0800, 0x0800, 0x0800, 0x0800, 0x0800, 0x0800, 0x0800, 0x0800, 0x0800, 0x0800,
  0x0800, 0x0800, 0x0800, 0x0800, 0x0800, 0x0800, 0x0800, 0x0800, 0x0800, 0x0800, 0x0800, 0x0000,
  0x1020, 0x2040, 0x2040, 0x2060, 0x1020, 0x0000, 0x0800, 0x0000, 0x0800, 0x0800, 0x0800, 0x0800,
  0x0800, 0x0800, 0x0800, 0x0800, 0x0800, 0x0800, 0x0800, 0x0800, 0x0800, 0x0800, 0x0800, 0x0800,
  0x0800, 0x0800, 0x0800, 0x0800, 0x0800, 0x0800, 0x0800, 0x0800, 0x0800, 0x0800, 0x0800, 0x0800,
  0x0800, 0x0800, 0x0800, 0x0800, 0x0800, 0x0800, 0x0000, 0x0800, 0x0000, 0x0800, 0x0800, 0x0800,
  0x0800, 0x0800, 0x0800, 0x0800, 0x0000, 0x0800, 0x0800, 0x0800, 0x0800, 0x0800, 0x0800, 0x0800,
  0x0800, 0x0800, 0x0000, 0x0000, 0x0000, 0x0000, 0x0800, 0x0000, 0x0000, 0x0000, 0x0000, 0x0000,
  0x0000, 0x0000, 0x0000, 0x0000, 0x0000, 0x0000, 0x0000, 0x0000, 0x0000, 0x0000, 0x0000, 0x0000,
  0x0000, 0x0000, 0x0000, 0x0000, 0x0000, 0x0000, 0x0000, 0x0000, 0x0000, 0x1020, 0x0800, 0x0000,
  0x0000, 0x0000, 0x0800, 0x1020, 0x1020, 0x0800, 0x0000, 0x0000, 0x0000, 0x0000, 0x0000, 0x0000,
  0x0000, 0x0000, 0x0000, 0x0000, 0x0000, 0x0000, 0x0000, 0x0000, 0x0000, 0x0000, 0x0000, 0x0000,
  0x0000, 0x0000, 0x0000, 0x0000, 0x0000, 0x0000, 0x0000, 0x0000, 0x0000, 0x0000, 0x0000, 0x0000,
  0x0000, 0x0000, 0x0000, 0x0000, 0x0000, 0x0000, 0x0000, 0x0000, 0x0000, 0x0000, 0x0000, 0x0000,
  0x0000, 0x0000, 0x0000, 0x0000, 0x0000, 0x0000, 0x0000, 0x0000, 0x0000, 0x0000, 0x0000, 0x0000,
  0x0000, 0x0000, 0x0000, 0x0000, 0x0000, 0x0000, 0x0000, 0x0000, 0x0000, 0x0000, 0x0000, 0x0000,
  0x0000, 0x0000, 0x0000, 0x0000, 0x0000, 0x0000, 0x0000, 0x0000, 0x0800, 0x0000, 0x0800, 0x0000,
  0x0000, 0x0000, 0x0000, 0x0000, 0x0800, 0x1040, 0x2060, 0x2080, 0x2080, 0x2880, 0x1860, 0x0000,
  0x0000, 0x0000, 0x0000, 0x0000, 0x0000, 0x0000, 0x0000, 0x0000, 0x0000, 0x0000, 0x0000, 0x0800,
  0x0800, 0x0800, 0x0800, 0x0800, 0x0800, 0x0800, 0x0800, 0x0800, 0x0800, 0x0800, 0x0800, 0x0800,
  0x0800, 0x0800, 0x0800, 0x0800, 0x0800, 0x0800, 0x0800, 0x0800, 0x0800, 0x0800, 0x0800, 0x0800,
  0x0800, 0x0800, 0x0800, 0x0800, 0x0800, 0x0800, 0x0800, 0x0800, 0x0800, 0x0800, 0x0800, 0x0800,
  0x0820, 0x1020, 0x1020, 0x1840, 0x1020, 0x0000, 0x0800, 0x0800, 0x0800, 0x0800, 0x0800, 0x0800,
  0x0800, 0x0800, 0x0800, 0x0800, 0x0800, 0x0800, 0x0800, 0x0800, 0x0800, 0x0800, 0x0800, 0x0800,
  0x0800, 0x0800, 0x0800, 0x0800, 0x0800, 0x0800, 0x0800, 0x0800, 0x0800, 0x0800, 0x0800, 0x0800,
  0x0800, 0x0800, 0x0800, 0x0800, 0x0800, 0x0820, 0x0800, 0x0800, 0x0800, 0x0800, 0x0800, 0x0800,
  0x0800, 0x0800, 0x0800, 0x0800, 0x0800, 0x0800, 0x0800, 0x0800, 0x0000, 0x0800, 0x0000, 0x0000,
  0x0800, 0x0800, 0x0000, 0x0000, 0x0000, 0x0000, 0x0000, 0x0000, 0x0000, 0x0000, 0x0000, 0x0000,
  0x0000, 0x0000, 0x0000, 0x0000, 0x0000, 0x0000, 0x0000, 0x0000, 0x0000, 0x0000, 0x0000, 0x0000,
  0x0000, 0x0000, 0x0000, 0x0000, 0x0000, 0x0000, 0x0000, 0x0000, 0x0000, 0x1840, 0x2060, 0x1860,
  0x1860, 0x1840, 0x1840, 0x1020, 0x0820, 0x0800, 0x0000, 0x0000, 0x0000, 0x0000, 0x0000, 0x0000,
  0x0000, 0x0000, 0x0000, 0x0000, 0x0000, 0x0000, 0x0000, 0x0000, 0x0000, 0x0000, 0x0000, 0x0000,
  0x0000, 0x0000, 0x0000, 0x0000, 0x0000, 0x0000, 0x0000, 0x0000, 0x0000, 0x0000, 0x0000, 0x0000,
  0x0000, 0x0000, 0x0000, 0x0000, 0x0000, 0x0000, 0x0000, 0x0000, 0x0000, 0x0000, 0x0000, 0x0000,
  0x0000, 0x0000, 0x0000, 0x0000, 0x0000, 0x0000, 0x0000, 0x0000, 0x0000, 0x0000, 0x0000, 0x0000,
  0x0000, 0x0000, 0x0000, 0x0000, 0x0000, 0x0000, 0x0000, 0x0000, 0x0000, 0x0000, 0x0000, 0x0000,
  0x0000, 0x0000, 0x0000, 0x0000, 0x0000, 0x0000, 0x0000, 0x0000, 0x0800, 0x0000, 0x0800, 0x0800,
  0x0000, 0x0000, 0x0000, 0x0820, 0x1020, 0x1840, 0x1860, 0x1840, 0x1860, 0x1860, 0x1040, 0x0000,
  0x0000, 0x0000, 0x0000, 0x0000, 0x0000, 0x0000, 0x0000, 0x0000, 0x0000, 0x0000, 0x0000, 0x0800,
  0x0000, 0x0800, 0x0800, 0x0800, 0x0800, 0x0800, 0x0800, 0x0800, 0x0800, 0x0800, 0x0800, 0x0800,
  0x0800, 0x0800, 0x0800, 0x0800, 0x0800, 0x0800, 0x0800, 0x0800, 0x0800, 0x0800, 0x0800, 0x0800,
  0x0800, 0x0800, 0x0800, 0x0800, 0x0800, 0x0800, 0x0800, 0x0800, 0x0800, 0x0800, 0x0800, 0x0800,
  0x0800, 0x0800, 0x0800, 0x1020, 0x1020, 0x0000, 0x0800, 0x0800, 0x0800, 0x0800, 0x0800, 0x0800,
  0x0800, 0x0800, 0x0800, 0x0800, 0x0800, 0x0800, 0x0800, 0x0800, 0x0800, 0x0800, 0x0800, 0x0800,
  0x0800, 0x0800, 0x0800, 0x0800, 0x0800, 0x0800, 0x0800, 0x0800, 0x0800, 0x0800, 0x0800, 0x0800,
  0x0800, 0x0800, 0x0800, 0x0800, 0x0800, 0x0800, 0x0800, 0x0000, 0x0800, 0x0800, 0x0800, 0x0800,
  0x0800, 0x0800, 0x0800, 0x0800, 0x0800, 0x0800, 0x0800, 0x0800, 0x0800, 0x0800, 0x0800, 0x0000,
  0x0000, 0x0000, 0x0000, 0x0000, 0x0000, 0x0000, 0x0000, 0x0000, 0x0000, 0x0000, 0x0000, 0x0000,
  0x0000, 0x0000, 0x0000, 0x0000, 0x0000, 0x0000, 0x0000, 0x0000, 0x0000, 0x0000, 0x0000, 0x0000,
  0x0000, 0x0000, 0x0000, 0x0000, 0x0000, 0x0000, 0x0000, 0x0000, 0x0000, 0x2060, 0x2880, 0x2880,
  0x2880, 0x2880, 0x2060, 0x1840, 0x0820, 0x0800, 0x0000, 0x0000, 0x0000, 0x0000, 0x0000, 0x0000,
  0x0000, 0x0000, 0x0000, 0x0000, 0x0000, 0x0000, 0x0000, 0x0000, 0x0000, 0x0000, 0x0000, 0x0000,
  0x0000, 0x0000, 0x0000, 0x0000, 0x0000, 0x0000, 0x0000, 0x0000, 0x0000, 0x0000, 0x0000, 0x0000,
  0x0000, 0x0000, 0x0000, 0x0000, 0x0000, 0x0000, 0x0000, 0x0000, 0x0000, 0x0000, 0x0000, 0x0000,
  0x0000, 0x0000, 0x0000, 0x0000, 0x0000, 0x0000, 0x0000, 0x0000, 0x0000, 0x0000, 0x0000, 0x0000,
  0x0000, 0x0000, 0x0000, 0x0000, 0x0000, 0x0000, 0x0000, 0x0000, 0x0000, 0x0000, 0x0000, 0x0000,
  0x0000, 0x0000, 0x0000, 0x0000, 0x0000, 0x0000, 0x0000, 0x0000, 0x0800, 0x0000, 0x0800, 0x0800,
  0x0800, 0x0820, 0x0820, 0x1040, 0x1040, 0x1840, 0x1860, 0x1840, 0x1840, 0x1840, 0x1020, 0x0000,
  0x0000, 0x0000, 0x0000, 0x0800, 0x0800, 0x0000, 0x0000, 0x0800, 0x0800, 0x0000, 0x0000, 0x0800,
  0x0000, 0x0800, 0x0800, 0x0800, 0x0800, 0x0800, 0x0800, 0x0800, 0x0800, 0x0800, 0x0800, 0x0800,
  0x0800, 0x0800, 0x0800, 0x0800, 0x0800, 0x0800, 0x0800, 0x0800, 0x0800, 0x0800, 0x0800, 0x0800,
  0x0800, 0x0800, 0x0800, 0x0800, 0x0800, 0x0800, 0x0800, 0x0800, 0x0800, 0x0800, 0x0800, 0x0800,
  0x0800, 0x0800, 0x0820, 0x0820, 0x0820, 0x0800, 0x0800, 0x0800, 0x0800, 0x0800, 0x0800, 0x0800,
  0x0800, 0x0800, 0x0800, 0x0800, 0x0800, 0x0800, 0x0800, 0x0800, 0x0800, 0x0800, 0x0800, 0x0800,
  0x0800, 0x0800, 0x0800, 0x0800, 0x0800, 0x0800, 0x0800, 0x0800, 0x0800, 0x0800, 0x0800, 0x0800,
  0x0800, 0x0800, 0x0800, 0x0800, 0x0800, 0x0800, 0x0800, 0x0800, 0x0800, 0x0800, 0x0800, 0x0800,
  0x0800, 0x0800, 0x0800, 0x0800, 0x0800, 0x0800, 0x0800, 0x0800, 0x0800, 0x0800, 0x0800, 0x0800,
  0x0800, 0x0000, 0x0800, 0x0800, 0x0800, 0x0000, 0x0000, 0x0800, 0x0000, 0x0000, 0x0000, 0x0000,
  0x0000, 0x0000, 0x0000, 0x0000, 0x0000, 0x0000, 0x0000, 0x0000, 0x0000, 0x0000, 0x0000, 0x0000,
  0x0000, 0x0000, 0x0000, 0x0000, 0x0000, 0x0000, 0x0000, 0x0000, 0x0000, 0x1860, 0x2060, 0x2060,
  0x2060, 0x2060, 0x2060, 0x1860, 0x1840, 0x1020, 0x0800, 0x0000, 0x0000, 0x0000, 0x0000, 0x0000,
  0x0000, 0x0000, 0x0000, 0x0000, 0x0000, 0x0000, 0x0000, 0x0000, 0x0000, 0x0000, 0x0000, 0x0000,
  0x0000, 0x0000, 0x0000, 0x0000, 0x0000, 0x0000, 0x0000, 0x0000, 0x0000, 0x0000, 0x0000, 0x0000,
  0x0000, 0x0000, 0x0000, 0x0000, 0x0000, 0x0000, 0x0000, 0x0000, 0x0000, 0x0000, 0x0000, 0x0000,
  0x0000, 0x0000, 0x0000, 0x0000, 0x0000, 0x0000, 0x0000, 0x0000, 0x0000, 0x0000, 0x0000, 0x0000,
  0x0000, 0x0000, 0x0000, 0x0000, 0x0000, 0x0000, 0x0000, 0x0000, 0x0000, 0x0000, 0x0000, 0x0000,
  0x0000, 0x0000, 0x0000, 0x0000, 0x0000, 0x0000, 0x0000, 0x0000, 0x0800, 0x0800, 0x0800, 0x0800,
  0x0820, 0x0820, 0x1020, 0x1040, 0x1040, 0x1040, 0x1840, 0x1040, 0x1020, 0x1020, 0x1020, 0x0000,
  0x0000, 0x0800, 0x0000, 0x0800, 0x0800, 0x0800, 0x0800, 0x0800, 0x0800, 0x0800, 0x0000, 0x0800,
  0x0800, 0x0800, 0x0800, 0x0800, 0x0800, 0x0800, 0x0800, 0x0800, 0x0800, 0x0800, 0x0800, 0x0800,
  0x0800, 0x0800, 0x0800, 0x0800, 0x0800, 0x0800, 0x0800, 0x0800, 0x0800, 0x0800, 0x0800, 0x0800,
  0x0800, 0x0800, 0x0800, 0x0800, 0x0800, 0x0800, 0x0800, 0x0800, 0x0800, 0x0800, 0x0800, 0x0800,
  0x0800, 0x0800, 0x0820, 0x0820, 0x0820, 0x0800, 0x0800, 0x0800, 0x0800, 0x0800, 0x0800, 0x0800,
  0x0800, 0x0800, 0x0800, 0x0800, 0x0800, 0x0800, 0x0800, 0x0800, 0x0800, 0x0800, 0x0800, 0x0800,
  0x0800, 0x0800, 0x0800, 0x0800, 0x0800, 0x0800, 0x0800, 0x0800, 0x0800, 0x0800, 0x0800, 0x0800,
  0x0800, 0x0800, 0x0800, 0x0800, 0x0800, 0x0800, 0x0800, 0x0000, 0x0800, 0x0800, 0x0800, 0x0800,
  0x0800, 0x0800, 0x0800, 0x0800, 0x0800, 0x0800, 0x0800, 0x0800, 0x0800, 0x0800, 0x0800, 0x0800,
  0x0800, 0x0800, 0x0800, 0x0800, 0x0800, 0x0800, 0x0800, 0x0800, 0x0000, 0x0000, 0x0000, 0x0800,
  0x0800, 0x0800, 0x0800, 0x0800, 0x0800, 0x0000, 0x0000, 0x0000, 0x0000, 0x0000, 0x0000, 0x0000,
  0x0000, 0x0000, 0x0000, 0x0000, 0x0000, 0x0000, 0x0000, 0x0000, 0x0800, 0x1840, 0x2060, 0x2060,
  0x1860, 0x2060, 0x2060, 0x1840, 0x1840, 0x1840, 0x1020, 0x0820, 0x0820, 0x0800, 0x0000, 0x0000,
  0x0000, 0x0000, 0x0000, 0x0000, 0x0000, 0x0000, 0x0000, 0x0000, 0x0000, 0x0000, 0x0000, 0x0000,
  0x0000, 0x0000, 0x0000, 0x0000, 0x0000, 0x0000, 0x0000, 0x0000, 0x0000, 0x0000, 0x0000, 0x0000,
  0x0000, 0x0000, 0x0000, 0x0000, 0x0000, 0x0000, 0x0000, 0x0000, 0x0000, 0x0000, 0x0000, 0x0000,
  0x0000, 0x0000, 0x0000, 0x0000, 0x0000, 0x0000, 0x0000, 0x0000, 0x0000, 0x0000, 0x0000, 0x0000,
  0x0000, 0x0000, 0x0000, 0x0000, 0x0000, 0x0000, 0x0000, 0x0000, 0x0000, 0x0000, 0x0000, 0x0000,
  0x0000, 0x0000, 0x0000, 0x0000, 0x0000, 0x0000, 0x0000, 0x0000, 0x0800, 0x0800, 0x0800, 0x0000,
  0x0820, 0x0820, 0x1020, 0x1020, 0x1020, 0x1040, 0x1040, 0x1020, 0x1020, 0x1020, 0x1020, 0x0800,
  0x0800, 0x0000, 0x0800, 0x0800, 0x0800, 0x0800, 0x0800, 0x0800, 0x0800, 0x0800, 0x0800, 0x0800,
  0x0800, 0x0800, 0x0800, 0x0800, 0x0800, 0x0800, 0x0800, 0x0800, 0x0800, 0x0800, 0x0800, 0x0800,
  0x0800, 0x0800, 0x0800, 0x0800, 0x0800, 0x0800, 0x0800, 0x0800, 0x0800, 0x0800, 0x0800, 0x0800,
  0x0800, 0x0800, 0x0800, 0x0800, 0x0800, 0x0800, 0x0800, 0x0800, 0x0800, 0x0800, 0x0800, 0x0800,
  0x0800, 0x0820, 0x0800, 0x0820, 0x0800, 0x0800, 0x0800, 0x0800, 0x0800, 0x0800, 0x0800, 0x0800,
  0x0800, 0x0800, 0x0800, 0x0800, 0x0800, 0x0800, 0x0800, 0x0800, 0x0800, 0x0800, 0x0800, 0x0800,
  0x0800, 0x0800, 0x0800, 0x0800, 0x0800, 0x0800, 0x0800, 0x0800, 0x0800, 0x0800, 0x0800, 0x0800,
  0x0800, 0x0800, 0x0800, 0x0800, 0x0800, 0x0800, 0x0800, 0x0800, 0x0800, 0x0800, 0x0800, 0x0800,
  0x0800, 0x0800, 0x0800, 0x0800, 0x0800, 0x0800, 0x0800, 0x0800, 0x0800, 0x0800, 0x0800, 0x0800,
  0x0800, 0x0800, 0x0800, 0x0800, 0x0800, 0x0800, 0x0800, 0x0800, 0x0800, 0x0800, 0x0800, 0x0800,
  0x0800, 0x0800, 0x0800, 0x0800, 0x0800, 0x0000, 0x0000, 0x0800, 0x0000, 0x0000, 0x0000, 0x0000,
  0x0000, 0x0000, 0x0000, 0x0000, 0x0000, 0x0000, 0x0000, 0x0000, 0x0800, 0x1840, 0x1840, 0x1840,
  0x1840, 0x1840, 0x1840, 0x1840, 0x1840, 0x1040, 0x1040, 0x1020, 0x0820, 0x0800, 0x0000, 0x0000,
  0x0000, 0x0000, 0x0000, 0x0000, 0x0000, 0x0000, 0x0000, 0x0000, 0x0000, 0x0000, 0x0000, 0x0000,
  0x0000, 0x0000, 0x0000, 0x0000, 0x0000, 0x0000, 0x0000, 0x0000, 0x0000, 0x0000, 0x0000, 0x0000,
  0x0000, 0x0000, 0x0000, 0x0000, 0x0000, 0x0000, 0x0000, 0x0000, 0x0000, 0x0000, 0x0000, 0x0000,
  0x0000, 0x0000, 0x0000, 0x0000, 0x0000, 0x0000, 0x0000, 0x0000, 0x0000, 0x0000, 0x0000, 0x0000,
  0x0000, 0x0000, 0x0800, 0x0000, 0x0000, 0x0000, 0x0000, 0x0000, 0x0000, 0x0000, 0x0000, 0x0000,
  0x0000, 0x0000, 0x0800, 0x0800, 0x0000, 0x0000, 0x0000, 0x0000, 0x0800, 0x0800, 0x0000, 0x0800,
  0x0820, 0x0820, 0x1020, 0x1020, 0x1020, 0x1020, 0x1020, 0x1020, 0x1020, 0x1020, 0x1020, 0x0800,
  0x0800, 0x0800, 0x0800, 0x0800, 0x0800, 0x0800, 0x0800, 0x0800, 0x0800, 0x0800, 0x0800, 0x0800,
  0x0800, 0x0800, 0x0800, 0x0800, 0x0800, 0x0800, 0x0800, 0x0800, 0x0800, 0x0800, 0x0800, 0x0800,
  0x0800, 0x0800, 0x0800, 0x0800, 0x0800, 0x0800, 0x0800, 0x0800, 0x0800, 0x0800, 0x0800, 0x0800,
  0x0800, 0x0800, 0x0800, 0x0800, 0x0800, 0x0800, 0x0800, 0x0800, 0x0800, 0x0800, 0x0800, 0x0800,
  0x0800, 0x0800, 0x0800, 0x0820, 0x0800, 0x0800, 0x0800, 0x0800, 0x0800, 0x0800, 0x0800, 0x0800,
  0x0800, 0x0800, 0x0800, 0x0800, 0x0800, 0x0800, 0x0800, 0x0800, 0x0800, 0x0800, 0x0800, 0x0800,
  0x0800, 0x0800, 0x0800, 0x0800, 0x0800, 0x0800, 0x0800, 0x0800, 0x0800, 0x0800, 0x0800, 0x0800,
  0x0800, 0x0800, 0x0800, 0x0800, 0x0800, 0x0800, 0x0800, 0x0800, 0x0800, 0x0800, 0x0800, 0x0800,
  0x0800, 0x0800, 0x0800, 0x0800, 0x0800, 0x0800, 0x0800, 0x0800, 0x0800, 0x0800, 0x0800, 0x0800,
  0x0800, 0x0800, 0x0800, 0x0800, 0x0800, 0x0800, 0x0800, 0x0800, 0x0800, 0x0800, 0x0800, 0x0800,
  0x0800, 0x0800, 0x0800, 0x0800, 0x0800, 0x0800, 0x0800, 0x0800, 0x0800, 0x0800, 0x0000, 0x0000,
  0x0000, 0x0000, 0x0000, 0x0000, 0x0000, 0x0000, 0x0000, 0x0000, 0x0800, 0x1040, 0x1840, 0x1840,
  0x1840, 0x1840, 0x1840, 0x1840, 0x1040, 0x1040, 0x1020, 0x1020, 0x0820, 0x0800, 0x0000, 0x0000,
  0x0800, 0x0000, 0x0000, 0x0000, 0x0000, 0x0000, 0x0000, 0x0000, 0x0000, 0x0000, 0x0000, 0x0000,
  0x0000, 0x0000, 0x0000, 0x0000, 0x0000, 0x0000, 0x0000, 0x0000, 0x0000, 0x0000, 0x0000, 0x0000,
  0x0000, 0x0000, 0x0000, 0x0000, 0x0000, 0x0000, 0x0000, 0x0000, 0x0000, 0x0000, 0x0000, 0x0000,
  0x0000, 0x0000, 0x0000, 0x0000, 0x0000, 0x0000, 0x0000, 0x0000, 0x0000, 0x0000, 0x0000, 0x0000,
  0x0000, 0x0000, 0x0000, 0x0000, 0x0000, 0x0000, 0x0000, 0x0000, 0x0000, 0x0000, 0x0000, 0x0000,
  0x0000, 0x0000, 0x0000, 0x0800, 0x0000, 0x0000, 0x0000, 0x0000, 0x0800, 0x0800, 0x0800, 0x0820,
  0x0820, 0x0820, 0x0820, 0x0820, 0x0820, 0x1020, 0x1020, 0x1020, 0x1020, 0x1020, 0x1020, 0x0800,
  0x0800, 0x0800, 0x0800, 0x0800, 0x0800, 0x0800, 0x0800, 0x0800, 0x0800, 0x0800, 0x0800, 0x0800,
  0x0800, 0x0800, 0x0800, 0x0800, 0x0800, 0x0800, 0x0800, 0x0800, 0x0800, 0x0800, 0x0800, 0x0800,
  0x0800, 0x0800, 0x0800, 0x0800, 0x0800, 0x0800, 0x0800, 0x0800, 0x0800, 0x0800, 0x0800, 0x0800,
  0x0800, 0x0800, 0x0800, 0x0800, 0x0800, 0x0800, 0x0800, 0x0800, 0x0800, 0x0800, 0x0800, 0x0800,
  0x0800, 0x0820, 0x0820, 0x0820, 0x0800, 0x0800, 0x0800, 0x0800, 0x0800, 0x0800, 0x0800, 0x0800,
  0x0800, 0x0800, 0x0800, 0x0800, 0x0800, 0x0800, 0x0800, 0x0800, 0x0800, 0x0800, 0x0800, 0x0800,
  0x0800, 0x0800, 0x0800, 0x0800, 0x0800, 0x0800, 0x0800, 0x0800, 0x0800, 0x0800, 0x0800, 0x0800,
  0x0800, 0x0800, 0x0800, 0x0800, 0x0800, 0x0800, 0x0800, 0x0800, 0x0800, 0x0800, 0x0800, 0x0800,
  0x0800, 0x0800, 0x0800, 0x0800, 0x0800, 0x0800, 0x0800, 0x0800, 0x0800, 0x0800, 0x0800, 0x0800,
  0x0800, 0x0800, 0x0800, 0x0800, 0x0800, 0x0800, 0x0800, 0x0800, 0x0800, 0x0800, 0x0800, 0x0800,
  0x0800, 0x0800, 0x0800, 0x0800, 0x0800, 0x0800, 0x0800, 0x0800, 0x0800, 0x0800, 0x0800, 0x0800,
  0x0800, 0x0800, 0x0800, 0x0800, 0x0800, 0x0800, 0x0800, 0x0800, 0x0800, 0x1040, 0x1840, 0x1840,
  0x1840, 0x1840, 0x1840, 0x1840, 0x1840, 0x1040, 0x1040, 0x1040, 0x1020, 0x0800, 0x0000, 0x0000,
  0x0800, 0x0000, 0x0000, 0x0000, 0x0000, 0x0000, 0x0000, 0x0000, 0x0000, 0x0000, 0x0000, 0x0000,
  0x0000, 0x0000, 0x0000, 0x0000, 0x0000, 0x0000, 0x0000, 0x0000, 0x0000, 0x0000, 0x0000, 0x0000,
  0x0000, 0x0000, 0x0000, 0x0000, 0x0000, 0x0000, 0x0000, 0x0000, 0x0000, 0x0000, 0x0000, 0x0000,
  0x0000, 0x0000, 0x0000, 0x0000, 0x0000, 0x0000, 0x0000, 0x0000, 0x0000, 0x0000, 0x0000, 0x0000,
  0x0000, 0x0000, 0x0000, 0x0000, 0x0000, 0x0000, 0x0000, 0x0000, 0x0000, 0x0000, 0x0800, 0x0000,
  0x0000, 0x0000, 0x0000, 0x0800, 0x0800, 0x0800, 0x0800, 0x0000, 0x0800, 0x0800, 0x0800, 0x0800,
  0x0800, 0x0800, 0x0800, 0x0800, 0x0800, 0x0820, 0x0820, 0x0820, 0x0820, 0x0820, 0x0800, 0x0800,
  0x0800, 0x0800, 0x0800, 0x0800, 0x0800, 0x0800, 0x0800, 0x0800, 0x0800, 0x0800, 0x0800, 0x0800,
  0x0800, 0x0800, 0x0800, 0x0800, 0x0800, 0x0800, 0x0800, 0x0800, 0x0800, 0x0800, 0x0820, 0x0800,
  0x0800, 0x0800, 0x0800, 0x0800, 0x0800, 0x0800, 0x0800, 0x0800, 0x0800, 0x0800, 0x0800, 0x0800,
  0x0800, 0x0800, 0x0800, 0x0800, 0x0800, 0x0800, 0x0800, 0x0800, 0x0820, 0x0800, 0x0800, 0x0800,
  0x0800, 0x0820, 0x0820, 0x0820, 0x0820, 0x0800, 0x0800, 0x0800, 0x0800, 0x0800, 0x0800, 0x0800,
  0x0800, 0x0800, 0x0800, 0x0800, 0x0800, 0x0800, 0x0800, 0x0800, 0x0800, 0x0800, 0x0800, 0x0800,
  0x0800, 0x0800, 0x0800, 0x0800, 0x0800, 0x0800, 0x0800, 0x0800, 0x0800, 0x0800, 0x0820, 0x0800,
  0x0800, 0x0800, 0x0800, 0x0800, 0x0800, 0x0800, 0x0800, 0x0800, 0x0800, 0x0800, 0x0800, 0x0800,
  0x0800, 0x0800, 0x0800, 0x0800, 0x0800, 0x0800, 0x0800, 0x0800, 0x0800, 0x0800, 0x0800, 0x0800,
  0x0800, 0x0800, 0x0800, 0x0800, 0x0800, 0x0800, 0x0800, 0x0800, 0x0800, 0x0800, 0x0800, 0x0800,
  0x0800, 0x0800, 0x0800, 0x0800, 0x0800, 0x0800, 0x0800, 0x0800, 0x0800, 0x0800, 0x0800, 0x0800,
  0x0800, 0x0800, 0x0800, 0x0800, 0x0800, 0x0800, 0x0800, 0x0800, 0x0800, 0x1020, 0x1020, 0x1020,
  0x1040, 0x1040, 0x1040, 0x1040, 0x1020, 0x1020, 0x1020, 0x1020, 0x1020, 0x0820, 0x0800, 0x0000,
  0x0800, 0x0000, 0x0000, 0x0000, 0x0800, 0x0000, 0x0000, 0x0000, 0x0000, 0x0000, 0x0000, 0x0000,
  0x0000, 0x0000, 0x0000, 0x0000, 0x0000, 0x0000, 0x0000, 0x0000, 0x0000, 0x0000, 0x0000, 0x0000,
  0x0000, 0x0000, 0x0000, 0x0000, 0x0000, 0x0000, 0x0000, 0x0000, 0x0000, 0x0000, 0x0000, 0x0000,
  0x0000, 0x0000, 0x0000, 0x0000, 0x0000, 0x0000, 0x0000, 0x0000, 0x0000, 0x0000, 0x0000, 0x0000,
  0x0000, 0x0000, 0x0000, 0x0000, 0x0000, 0x0000, 0x0000, 0x0000, 0x0800, 0x0800, 0x0800, 0x0800,
  0x0000, 0x0000, 0x0800, 0x0800, 0x0800, 0x0800, 0x0800, 0x0800, 0x0800, 0x0800, 0x0000, 0x0800,
  0x0800, 0x0800, 0x0800, 0x0800, 0x0800, 0x0800, 0x0800, 0x0800, 0x0820, 0x0800, 0x0800, 0x0800,
  0x0800, 0x0800, 0x0800, 0x0800, 0x0800, 0x0800, 0x0800, 0x0800, 0x0800, 0x0800, 0x0800, 0x0800,
  0x0800, 0x0800, 0x0800, 0x0800, 0x0800, 0x0800, 0x0800, 0x0800, 0x0800, 0x0800, 0x0800, 0x0800,
  0x0800, 0x0800, 0x0800, 0x0800, 0x0800, 0x0800, 0x0800, 0x0800, 0x0800, 0x0800, 0x0800, 0x0800,
  0x0800, 0x0800, 0x0800, 0x0800, 0x0800, 0x0800, 0x0800, 0x0820, 0x0820, 0x0800, 0x0800, 0x0800,
  0x0800, 0x0820, 0x0820, 0x0800, 0x0800, 0x0800, 0x0800, 0x0800, 0x0800, 0x0800, 0x0800, 0x0800,
  0x0820, 0x0800, 0x0820, 0x0820, 0x0800, 0x0800, 0x0820, 0x0800, 0x0800, 0x0800, 0x0820, 0x0800,
  0x0800, 0x0800, 0x0800, 0x0800, 0x0800, 0x0800, 0x0800, 0x0800, 0x0800, 0x0800, 0x0800, 0x0800,
  0x0800, 0x0800, 0x0800, 0x0800, 0x0800, 0x0800, 0x0800, 0x0800, 0x0800, 0x0800, 0x0800, 0x0820,
  0x0800, 0x0800, 0x0800, 0x0820, 0x0800, 0x0800, 0x0800, 0x0800, 0x0800, 0x0800, 0x0800, 0x0800,
  0x0800, 0x0800, 0x0800, 0x0800, 0x0800, 0x0800, 0x0800, 0x0800, 0x0800, 0x0800, 0x0800, 0x0800,
  0x0800, 0x0800, 0x0800, 0x0800, 0x0800, 0x0800, 0x0800, 0x0800, 0x0800, 0x0800, 0x0800, 0x0800,
  0x0800, 0x0800, 0x0800, 0x0800, 0x0800, 0x0800, 0x0800, 0x0800, 0x0800, 0x0820, 0x0820, 0x0820,
  0x0820, 0x0800, 0x0820, 0x0820, 0x0820, 0x0820, 0x0800, 0x0820, 0x0800, 0x0820, 0x0800, 0x0000,
  0x0800, 0x0000, 0x0800, 0x0800, 0x0800, 0x0000, 0x0000, 0x0000, 0x0000, 0x0000, 0x0000, 0x0000,
  0x0000, 0x0000, 0x0000, 0x0000, 0x0000, 0x0000, 0x0000, 0x0000, 0x0000, 0x0000, 0x0000, 0x0000,
  0x0000, 0x0000, 0x0000, 0x0000, 0x0000, 0x0000, 0x0000, 0x0000, 0x0000, 0x0000, 0x0000, 0x0000,
  0x0000, 0x0000, 0x0000, 0x0000, 0x0000, 0x0000, 0x0800, 0x0000, 0x0800, 0x0000, 0x0000, 0x0800,
  0x0000, 0x0000, 0x0000, 0x0800, 0x0000, 0x0800, 0x0800, 0x0800, 0x0800, 0x0800, 0x0800, 0x0800,
  0x0000, 0x0000, 0x0800, 0x0800, 0x0800, 0x0800, 0x0800, 0x0800, 0x0800, 0x0800, 0x0800, 0x0800,
  0x0800, 0x0800, 0x0800, 0x0800, 0x0800, 0x0800, 0x0800, 0x0800, 0x0800, 0x0800, 0x0800, 0x0800,
  0x0820, 0x0820, 0x0800, 0x0800, 0x0800, 0x0820, 0x0800, 0x0800, 0x0820, 0x0800, 0x0800, 0x0800,
  0x0800, 0x0820, 0x0800, 0x0800, 0x0800, 0x0800, 0x0800, 0x0800, 0x0800, 0x0800, 0x0800, 0x0800,
  0x0800, 0x0800, 0x0800, 0x0800, 0x0800, 0x0800, 0x0800, 0x0800, 0x0800, 0x0800, 0x0800, 0x0800,
  0x0800, 0x0800, 0x0800, 0x0800, 0x0800, 0x0800, 0x0800, 0x0800, 0x0800, 0x0800, 0x0800, 0x0800,
  0x0800, 0x0800, 0x0800, 0x0800, 0x0800, 0x0800, 0x0800, 0x0800, 0x0800, 0x0800, 0x0800, 0x0800,
  0x0800, 0x0800, 0x0800, 0x0800, 0x0800, 0x0800, 0x0800, 0x0800, 0x0800, 0x0800, 0x0800, 0x0800,
  0x0800, 0x0800, 0x0800, 0x0800, 0x0800, 0x0800, 0x0800, 0x0800, 0x0800, 0x0800, 0x0820, 0x0800,
  0x0800, 0x0800, 0x0800, 0x0800, 0x0800, 0x0800, 0x0800, 0x0820, 0x0800, 0x0800, 0x0800, 0x0800,
  0x0800, 0x0800, 0x0800, 0x0800, 0x0800, 0x0800, 0x0800, 0x0800, 0x0800, 0x0800, 0x0800, 0x0800,
  0x0800, 0x0800, 0x0800, 0x0800, 0x0800, 0x0800, 0x0800, 0x0800, 0x0800, 0x0800, 0x0800, 0x0800,
  0x0800, 0x0800, 0x0800, 0x0800, 0x0800, 0x0800, 0x0800, 0x0800, 0x0800, 0x0800, 0x0800, 0x0800,
  0x0800, 0x0800, 0x0800, 0x0800, 0x0800, 0x0800, 0x0800, 0x0800, 0x0800, 0x0800, 0x0800, 0x0800,
  0x0800, 0x0800, 0x0800, 0x0800, 0x0800, 0x0800, 0x0800, 0x0800, 0x0800, 0x0800, 0x0000, 0x0000,
  0x0800, 0x0800, 0x0800, 0x0800, 0x0800, 0x0800, 0x0800, 0x0000, 0x0000, 0x0000, 0x0000, 0x0000,
  0x0000, 0x0000, 0x0000, 0x0000, 0x0000, 0x0000, 0x0000, 0x0000, 0x0000, 0x0000, 0x0000, 0x0000,
  0x0000, 0x0000, 0x0000, 0x0000, 0x0000, 0x0000, 0x0000, 0x0000, 0x0000, 0x0000, 0x0000, 0x0000,
  0x0000, 0x0000, 0x0000, 0x0000, 0x0800, 0x0000, 0x0000, 0x0800, 0x0800, 0x0000, 0x0000, 0x0000,
  0x0000, 0x0800, 0x0800, 0x0000, 0x0000, 0x0000, 0x0800, 0x0000, 0x0000, 0x0000, 0x0800, 0x0800,
  0x0800, 0x0800, 0x0800, 0x0800, 0x0800, 0x0800, 0x0800, 0x0800, 0x0800, 0x0800, 0x0800, 0x0800,
  0x0800, 0x0800, 0x0800, 0x0800, 0x0800, 0x0800, 0x0800, 0x0800, 0x0800, 0x0800, 0x0800, 0x0800,
  0x0800, 0x0800, 0x0800, 0x0800, 0x0800, 0x0800, 0x0800, 0x0800, 0x0800, 0x0800, 0x0800, 0x0800,
  0x0800, 0x0800, 0x0800, 0x0800, 0x0800, 0x0800, 0x0800, 0x0800, 0x0800, 0x0800, 0x0800, 0x0800,
  0x0800, 0x0800, 0x0800, 0x0800, 0x0800, 0x0800, 0x0800, 0x0800, 0x0820, 0x0820, 0x0820, 0x0800,
  0x0800, 0x0800, 0x0800, 0x0800, 0x0800, 0x0800, 0x0800, 0x0800, 0x0800, 0x0800, 0x0800, 0x0800,
  0x0800, 0x0800, 0x0800, 0x0800, 0x0800, 0x0800, 0x0800, 0x0800, 0x0800, 0x0800, 0x0800, 0x0820,
  0x0800, 0x0800, 0x0800, 0x0800, 0x0820, 0x0820, 0x0800, 0x0800, 0x0820, 0x0800, 0x0800, 0x0800,
  0x0800, 0x0800, 0x0800, 0x0800, 0x0800, 0x0800, 0x0800, 0x0800, 0x0800, 0x0800, 0x0800, 0x0800,
  0x0800, 0x0800, 0x0800, 0x0800, 0x0800, 0x0800, 0x0800, 0x0800, 0x0800, 0x0800, 0x0800, 0x0800,
  0x0800, 0x0800, 0x0800, 0x0800, 0x0800, 0x0820, 0x0800, 0x0800, 0x0800, 0x0800, 0x0800, 0x0800,
  0x0800, 0x0800, 0x0800, 0x0800, 0x0800, 0x0800, 0x0800, 0x0800, 0x0800, 0x0800, 0x0820, 0x0800,
  0x0800, 0x0800, 0x0800, 0x0800, 0x0800, 0x0800, 0x0800, 0x0800, 0x0800, 0x0800, 0x0800, 0x0800,
  0x0800, 0x0800, 0x0800, 0x0800, 0x0800, 0x0800, 0x0800, 0x0800, 0x0800, 0x0800, 0x0800, 0x0800,
  0x0800, 0x0800, 0x0800, 0x0800, 0x0800, 0x0800, 0x0800, 0x0800, 0x0800, 0x0800, 0x0000, 0x0800,
  0x0800, 0x0800, 0x0800, 0x0800, 0x0800, 0x0800, 0x0800, 0x0000, 0x0000, 0x0000, 0x0000, 0x0000,
  0x0000, 0x0000, 0x0000, 0x0000, 0x0000, 0x0000, 0x0000, 0x0000, 0x0000, 0x0000, 0x0000, 0x0000,
  0x0000, 0x0000, 0x0000, 0x0000, 0x0000, 0x0000, 0x0000, 0x0000, 0x0000, 0x0000, 0x0000, 0x0000,
  0x0000, 0x0000, 0x0000, 0x0000, 0x0800, 0x0000, 0x0000, 0x0000, 0x0000, 0x0800, 0x0000, 0x0000,
  0x0800, 0x0800, 0x0800, 0x0000, 0x0000, 0x0000, 0x0000, 0x0800, 0x0000, 0x0000, 0x0000, 0x0000,
  0x0800, 0x0800, 0x0800, 0x0800, 0x0800, 0x0800, 0x0800, 0x0800, 0x0800, 0x0800, 0x0800, 0x0800,
  0x0800, 0x0800, 0x0800, 0x0800, 0x0800, 0x0800, 0x0800, 0x0800, 0x0800, 0x0800, 0x0800, 0x0800,
  0x0800, 0x0800, 0x0800, 0x0800, 0x0800, 0x0800, 0x0820, 0x0800, 0x0800, 0x0800, 0x0800, 0x0800,
  0x0800, 0x0800, 0x0800, 0x0800, 0x0820, 0x0820, 0x0800, 0x0800, 0x0800, 0x0800, 0x0800, 0x0800,
  0x0800, 0x0800, 0x0800, 0x0800, 0x0800, 0x0800, 0x0800, 0x0800, 0x0800, 0x0800, 0x0800, 0x0820,
  0x0800, 0x0800, 0x0800, 0x0800, 0x0800, 0x0800, 0x0820, 0x0800, 0x0800, 0x0800, 0x0800, 0x0800,
  0x0800, 0x0800, 0x0800, 0x0800, 0x0800, 0x0800, 0x0800, 0x0800, 0x0800, 0x0800, 0x0800, 0x0820,
  0x0800, 0x0800, 0x0820, 0x0800, 0x0820, 0x0800, 0x0800, 0x0800, 0x0800, 0x0820, 0x0800, 0x0800,
  0x0800, 0x0800, 0x0800, 0x0800, 0x0800, 0x0800, 0x0800, 0x0800, 0x0800, 0x0800, 0x0800, 0x0800,
  0x0800, 0x0800, 0x0800, 0x0800, 0x0800, 0x0800, 0x0800, 0x0800, 0x0800, 0x0800, 0x0800, 0x0800,
  0x0800, 0x0800, 0x0800, 0x0800, 0x0800, 0x0800, 0x0800, 0x0800, 0x0800, 0x0800, 0x0800, 0x0800,
  0x0800, 0x0800, 0x0800, 0x0800, 0x0800, 0x0800, 0x0800, 0x0800, 0x0800, 0x0800, 0x0800, 0x0800,
  0x0800, 0x0800, 0x0800, 0x0800, 0x0800, 0x0800, 0x0800, 0x0800, 0x0800, 0x0800, 0x0800, 0x0800,
  0x0800, 0x0800, 0x0800, 0x0800, 0x0800, 0x0800, 0x0800, 0x0800, 0x0800, 0x0800, 0x0800, 0x0800,
  0x0800, 0x0800, 0x0800, 0x0800, 0x0800, 0x0800, 0x0800, 0x0800, 0x0800, 0x0800, 0x0000, 0x0800,
  0x0800, 0x0800, 0x0800, 0x0800, 0x0800, 0x0800, 0x0800, 0x0800, 0x0000, 0x0000, 0x0800, 0x0000,
  0x0000, 0x0000, 0x0000, 0x0000, 0x0000, 0x0000, 0x0000, 0x0000, 0x0000, 0x0000, 0x0000, 0x0000,
  0x0000, 0x0000, 0x0000, 0x0000, 0x0000, 0x0000, 0x0000, 0x0000, 0x0000, 0x0000, 0x0000, 0x0000,
  0x0000, 0x0000, 0x0000, 0x0000, 0x0000, 0x0000, 0x0000, 0x0000, 0x0800, 0x0800, 0x0000, 0x0800,
  0x0000, 0x0800, 0x0800, 0x0000, 0x0800, 0x0000, 0x0000, 0x0800, 0x0800, 0x0000, 0x0000, 0x0000,
  0x0800, 0x0800, 0x0800, 0x0800, 0x0800, 0x0800, 0x0800, 0x0800, 0x0800, 0x0800, 0x0800, 0x0800,
  0x0800, 0x0800, 0x0800, 0x0800, 0x0800, 0x0800, 0x0800, 0x0820, 0x0800, 0x0800, 0x0800, 0x0800,
  0x0800, 0x0800, 0x0800, 0x0800, 0x0800, 0x0800, 0x0800, 0x0800, 0x0800, 0x0800, 0x0800, 0x0800,
  0x0800, 0x0820, 0x0800, 0x0820, 0x0800, 0x0800, 0x0800, 0x0800, 0x0800, 0x0800, 0x0800, 0x0800,
  0x0800, 0x0800, 0x0800, 0x0800, 0x0800, 0x0800, 0x0800, 0x0800, 0x0800, 0x0800, 0x0800, 0x0800,
  0x0800, 0x0800, 0x0800, 0x0820, 0x0800, 0x0800, 0x0800, 0x0800, 0x0800, 0x0800, 0x0800, 0x0800,
  0x0800, 0x0800, 0x0800, 0x0800, 0x0800, 0x0800, 0x0800, 0x0800, 0x0800, 0x0800, 0x0800, 0x0800,
  0x0800, 0x0800, 0x0800, 0x0800, 0x0800, 0x0820, 0x0800, 0x0820, 0x0820, 0x0800, 0x0820, 0x0800,
  0x0820, 0x0800, 0x0800, 0x0820, 0x0800, 0x0800, 0x0800, 0x0800, 0x0800, 0x0800, 0x0800, 0x0800,
  0x0800, 0x0800, 0x0800, 0x0800, 0x0800, 0x0800, 0x0800, 0x0800, 0x0800, 0x0800, 0x0800, 0x0800,
  0x0800, 0x0800, 0x0800, 0x0800, 0x0800, 0x0800, 0x0800, 0x0800, 0x0800, 0x0800, 0x0800, 0x0800,
  0x0820, 0x0800, 0x0800, 0x0800, 0x0800, 0x0800, 0x0800, 0x0800, 0x0800, 0x0800, 0x0800, 0x0800,
  0x0800, 0x0800, 0x0800, 0x0800, 0x0800, 0x0800, 0x0800, 0x0800, 0x0800, 0x0800, 0x0800, 0x0800,
  0x0800, 0x0800, 0x0800, 0x0800, 0x0800, 0x0800, 0x0800, 0x0800, 0x0800, 0x0800, 0x0800, 0x0800,
  0x0800, 0x0800, 0x0800, 0x0800, 0x0800, 0x0800, 0x0800, 0x0800, 0x0800, 0x0800, 0x0800, 0x0800,
  0x0800, 0x0800, 0x0800, 0x0800, 0x0800, 0x0800, 0x0800, 0x0800, 0x0000, 0x0800, 0x0800, 0x0000,
  0x0000, 0x0000, 0x0000, 0x0000, 0x0000, 0x0000, 0x0000, 0x0000, 0x0000, 0x0000, 0x0000, 0x0000,
  0x0000, 0x0000, 0x0000, 0x0000, 0x0000, 0x0000, 0x0000, 0x0000, 0x0000, 0x0000, 0x0000, 0x0000,
  0x0000, 0x0000, 0x0000, 0x0000, 0x0000, 0x0000, 0x0000, 0x0000, 0x0800, 0x0000, 0x0000, 0x0800,
  0x0800, 0x0800, 0x0800, 0x0000, 0x0000, 0x0000, 0x0000, 0x0000, 0x0800, 0x0800, 0x0800, 0x0800,
  0x0800, 0x0800, 0x0800, 0x0800, 0x0800, 0x0800, 0x0800, 0x0800, 0x0800, 0x0800, 0x0800, 0x0800,
  0x0800, 0x0820, 0x0800, 0x0800, 0x0800, 0x0820, 0x0800, 0x0800, 0x0800, 0x0800, 0x0800, 0x0800,
  0x0800, 0x0800, 0x0800, 0x0800, 0x0800, 0x0800, 0x0800, 0x0800, 0x0800, 0x0800, 0x0820, 0x0800,
  0x0800, 0x0800, 0x0820, 0x0800, 0x0800, 0x0800, 0x0800, 0x0800, 0x0800, 0x0800, 0x0800, 0x0800,
  0x0800, 0x0800, 0x0800, 0x0800, 0x0800, 0x0800, 0x0800, 0x0800, 0x0800, 0x0800, 0x0800, 0x0800,
  0x0800, 0x0800, 0x0820, 0x0800, 0x0820, 0x0800, 0x0800, 0x0800, 0x0800, 0x0820, 0x0800, 0x0800,
  0x0800, 0x0800, 0x0800, 0x0800, 0x0800, 0x0800, 0x0800, 0x0800, 0x0800, 0x0800, 0x0800, 0x0800,
  0x0800, 0x0800, 0x0800, 0x0800, 0x0800, 0x0800, 0x0800, 0x0800, 0x0820, 0x0800, 0x0800, 0x0800,
  0x0800, 0x0800, 0x0800, 0x0800, 0x0800, 0x0800, 0x0800, 0x0800, 0x0800, 0x0800, 0x0800, 0x0800,
  0x0800, 0x0800, 0x0800, 0x0820, 0x0800, 0x0800, 0x0800, 0x0800, 0x0800, 0x0800, 0x0800, 0x0800,
  0x0800, 0x0800, 0x0800, 0x0800, 0x0800, 0x0800, 0x0800, 0x0800, 0x0800, 0x0800, 0x0800, 0x0820,
  0x0800, 0x0800, 0x0800, 0x0800, 0x0800, 0x0820, 0x0800, 0x0800, 0x0800, 0x0820, 0x0800, 0x0800,
  0x0820, 0x0800, 0x0820, 0x0800, 0x0820, 0x0800, 0x0800, 0x0820, 0x0800, 0x0800, 0x0800, 0x0800,
  0x0820, 0x0800, 0x0800, 0x0800, 0x0800, 0x0800, 0x0800, 0x0800, 0x0800, 0x0820, 0x0800, 0x0800,
  0x0800, 0x0800, 0x0800, 0x0800, 0x0800, 0x0800, 0x0800, 0x0800, 0x0800, 0x0800, 0x0800, 0x0800,
  0x0800, 0x0800, 0x0800, 0x0800, 0x0800, 0x0800, 0x0800, 0x0800, 0x0800, 0x0800, 0x0800, 0x0800,
  0x0000, 0x0000, 0x0000, 0x0000, 0x0000, 0x0000, 0x0000, 0x0000, 0x0000, 0x0000, 0x0000, 0x0000,
  0x0000, 0x0000, 0x0000, 0x0000, 0x0000, 0x0000, 0x0000, 0x0000, 0x0000, 0x0000, 0x0000, 0x0000,
  0x0000, 0x0000, 0x0000, 0x0000, 0x0800, 0x0000, 0x0000, 0x0000, 0x0800, 0x0000, 0x0000, 0x0800,
  0x0800, 0x0800, 0x0800, 0x0800, 0x0000, 0x0800, 0x0800, 0x0800, 0x0000, 0x0800, 0x0800, 0x0000,
  0x0800, 0x0800, 0x0800, 0x0800, 0x0800, 0x0800, 0x0800, 0x0800, 0x0800, 0x0800, 0x0800, 0x0820,
  0x0820, 0x0800, 0x0800, 0x0800, 0x0800, 0x0820, 0x0820, 0x0820, 0x0800, 0x0800, 0x0800, 0x0800,
  0x0800, 0x0800, 0x0800, 0x0800, 0x0800, 0x0800, 0x0800, 0x0800, 0x0800, 0x0800, 0x0800, 0x0820,
  0x0800, 0x0800, 0x0820, 0x0800, 0x0800, 0x0800, 0x0800, 0x0800, 0x0800, 0x0800, 0x0800, 0x0800,
  0x0800, 0x0800, 0x0820, 0x0800, 0x0800, 0x0800, 0x0800, 0x0800, 0x0800, 0x0800, 0x0800, 0x0800,
  0x0800, 0x0800, 0x0800, 0x0800, 0x0820, 0x0800, 0x0800, 0x0800, 0x0800, 0x0800, 0x0800, 0x0800,
  0x0800, 0x0800, 0x0800, 0x0800, 0x0800, 0x0800, 0x0800, 0x0800, 0x0800, 0x0800, 0x0800, 0x0800,
  0x0800, 0x0800, 0x0800, 0x0800, 0x0800, 0x0800, 0x0800, 0x0800, 0x0800, 0x0820, 0x0820, 0x0800,
  0x0800, 0x0800, 0x0800, 0x0800, 0x0800, 0x0800, 0x0800, 0x0800, 0x0800, 0x0800, 0x0820, 0x0820,
  0x0800, 0x0800, 0x0800, 0x0800, 0x0800, 0x0800, 0x0800, 0x0800, 0x0800, 0x0800, 0x0800, 0x0800,
  0x0800, 0x0800, 0x0800, 0x0800, 0x0800, 0x0800, 0x0800, 0x0800, 0x0800, 0x0800, 0x0820, 0x0820,
  0x0800, 0x0820, 0x0820, 0x0800, 0x0800, 0x0800, 0x0800, 0x0800, 0x0800, 0x0800, 0x0800, 0x0820,
  0x0800, 0x0820, 0x0800, 0x0820, 0x0800, 0x0800, 0x0800, 0x0820, 0x0820, 0x0820, 0x0800, 0x0800,
  0x0820, 0x0820, 0x0820, 0x0800, 0x0800, 0x0800, 0x0800, 0x0800, 0x0800, 0x0800, 0x0800, 0x0800,
  0x0800, 0x0800, 0x0800, 0x0800, 0x0800, 0x0800, 0x0800, 0x0800, 0x0800, 0x0800, 0x0800, 0x0800,
  0x0800, 0x0800, 0x0800, 0x0800, 0x0800, 0x0800, 0x0800, 0x0800, 0x0800, 0x0800, 0x0800, 0x0800,
  0x0000, 0x0000, 0x0000, 0x0000, 0x0000, 0x0000, 0x0000, 0x0000, 0x0000, 0x0000, 0x0000, 0x0000,
  0x0000, 0x0000, 0x0000, 0x0000, 0x0000, 0x0000, 0x0000, 0x0000, 0x0000, 0x0000, 0x0000, 0x0000,
  0x0000, 0x0000, 0x0800, 0x0000, 0x0000, 0x0000, 0x0800, 0x0000, 0x0000, 0x0000, 0x0000, 0x0800,
  0x0000, 0x0800, 0x0800, 0x0000, 0x0800, 0x0800, 0x0000, 0x0000, 0x0800, 0x0000, 0x0800, 0x0000,
  0x0800, 0x0800, 0x0800, 0x0800, 0x0800, 0x0800, 0x0800, 0x0800, 0x0800, 0x0800, 0x0800, 0x0800,
  0x0820, 0x0800, 0x0800, 0x0800, 0x0800, 0x0800, 0x0800, 0x0800, 0x0800, 0x0800, 0x0800, 0x0800,
  0x0800, 0x0800, 0x0800, 0x0800, 0x0800, 0x0800, 0x0800, 0x0800, 0x0800, 0x0800, 0x0820, 0x0800,
  0x0800, 0x0800, 0x0800, 0x0800, 0x0800, 0x0800, 0x0800, 0x0800, 0x0800, 0x0800, 0x0800, 0x0800,
  0x0800, 0x0800, 0x0820, 0x0800, 0x0800, 0x0800, 0x0800, 0x0800, 0x0800, 0x0800, 0x0800, 0x0800,
  0x0800, 0x0800, 0x0800, 0x0800, 0x0800, 0x0800, 0x0800, 0x0800, 0x0800, 0x0800, 0x0800, 0x0800,
  0x0800, 0x0800, 0x0800, 0x0800, 0x0800, 0x0800, 0x0800, 0x0800, 0x0820, 0x0800, 0x0820, 0x0800,
  0x0820, 0x0820, 0x0800, 0x0800, 0x0820, 0x0820, 0x0820, 0x0820, 0x0820, 0x0820, 0x0820, 0x0820,
  0x0820, 0x0820, 0x0800, 0x0820, 0x0800, 0x0820, 0x0820, 0x0820, 0x0820, 0x0820, 0x0820, 0x0820,
  0x0820, 0x0820, 0x0820, 0x0820, 0x0800, 0x0800, 0x0800, 0x0800, 0x0820, 0x0800, 0x0800, 0x0800,
  0x0800, 0x0800, 0x0800, 0x0800, 0x0800, 0x0800, 0x0800, 0x0800, 0x0800, 0x0800, 0x0800, 0x0820,
  0x0800, 0x0800, 0x0800, 0x0800, 0x0800, 0x0820, 0x0800, 0x0800, 0x0800, 0x0800, 0x0800, 0x0820,
  0x0800, 0x0800, 0x0800, 0x0800, 0x0820, 0x0800, 0x0820, 0x0820, 0x0820, 0x0820, 0x0820, 0x0820,
  0x0820, 0x0820, 0x0800, 0x0800, 0x0800, 0x0800, 0x0820, 0x0820, 0x0800, 0x0800, 0x0800, 0x0820,
  0x0800, 0x0820, 0x0820, 0x0800, 0x0800, 0x0800, 0x0800, 0x0800, 0x0800, 0x0800, 0x0800, 0x0800,
  0x0800, 0x0800, 0x0800, 0x0800, 0x0800, 0x0800, 0x0800, 0x0800, 0x0800, 0x0800, 0x0800, 0x0800,
  0x0000, 0x0000, 0x0000, 0x0000, 0x0000, 0x0000, 0x0000, 0x0000, 0x0000, 0x0000, 0x0000, 0x0000,
  0x0000, 0x0000, 0x0000, 0x0000, 0x0000, 0x0000, 0x0000, 0x0000, 0x0000, 0x0000, 0x0000, 0x0000,
  0x0000, 0x0000, 0x0000, 0x0000, 0x0000, 0x0000, 0x0000, 0x0000, 0x0000, 0x0000, 0x0000, 0x0800,
  0x0800, 0x0800, 0x0800, 0x0800, 0x0800, 0x0800, 0x0800, 0x0800, 0x0800, 0x0000, 0x0800, 0x0000,
  0x0000, 0x0800, 0x0800, 0x0800, 0x0800, 0x0800, 0x0800, 0x0820, 0x0800, 0x0800, 0x0800, 0x0800,
  0x0800, 0x0800, 0x0800, 0x0800, 0x0820, 0x0800, 0x0800, 0x0800, 0x0800, 0x0820, 0x0820, 0x0820,
  0x0800, 0x0800, 0x0820, 0x0820, 0x0800, 0x0800, 0x0820, 0x0800, 0x0800, 0x0800, 0x0800, 0x0800,
  0x0800, 0x0800, 0x0800, 0x0800, 0x0800, 0x0800, 0x0820, 0x0800, 0x0800, 0x0800, 0x0800, 0x0820,
  0x0800, 0x0820, 0x0800, 0x0800, 0x0800, 0x0820, 0x0800, 0x0800, 0x0800, 0x0800, 0x0800, 0x0800,
  0x0800, 0x0800, 0x0800, 0x0800, 0x0800, 0x0800, 0x0800, 0x0800, 0x0800, 0x0800, 0x0800, 0x0800,
  0x0800, 0x0800, 0x0800, 0x0800, 0x0800, 0x0800, 0x0820, 0x0820, 0x0820, 0x0820, 0x0820, 0x0820,
  0x0820, 0x0820, 0x0820, 0x0820, 0x0820, 0x0820, 0x0820, 0x0820, 0x0820, 0x0820, 0x0820, 0x0820,
  0x0820, 0x0820, 0x0820, 0x0820, 0x0820, 0x0820, 0x0820, 0x0820, 0x0820, 0x0820, 0x0820, 0x0820,
  0x0820, 0x0820, 0x0820, 0x0820, 0x0820, 0x0800, 0x0800, 0x0800, 0x0800, 0x0820, 0x0820, 0x0820,
  0x0820, 0x0820, 0x0800, 0x0800, 0x0800, 0x0800, 0x0800, 0x0820, 0x0820, 0x0800, 0x0800, 0x0820,
  0x0820, 0x0800, 0x0800, 0x0820, 0x0820, 0x0800, 0x0800, 0x0800, 0x0820, 0x0800, 0x0800, 0x0800,
  0x0820, 0x0800, 0x0800, 0x0820, 0x0800, 0x0820, 0x0800, 0x0800, 0x0820, 0x0800, 0x0820, 0x0820,
  0x0800, 0x0800, 0x0800, 0x0800, 0x0800, 0x0820, 0x0820, 0x0800, 0x0800, 0x0800, 0x0800, 0x0820,
  0x0800, 0x0820, 0x0800, 0x0800, 0x0800, 0x0800, 0x0800, 0x0800, 0x0800, 0x0800, 0x0800, 0x0800,
  0x0800, 0x0800, 0x0800, 0x0800, 0x0800, 0x0800, 0x0800, 0x0800, 0x0800, 0x0800, 0x0800, 0x0800,
  0x0000, 0x0000, 0x0000, 0x0000, 0x0000, 0x0000, 0x0000, 0x0000, 0x0000, 0x0000, 0x0000, 0x0000,
  0x0000, 0x0000, 0x0000, 0x0000, 0x0000, 0x0000, 0x0000, 0x0000, 0x0000, 0x0000, 0x0000, 0x0000,
  0x0800, 0x0000, 0x0000, 0x0000, 0x0000, 0x0000, 0x0000, 0x0000, 0x0800, 0x0000, 0x0000, 0x0800,
  0x0800, 0x0800, 0x0800, 0x0800, 0x0800, 0x0000, 0x0800, 0x0000, 0x0800, 0x0800, 0x0800, 0x0800,
  0x0800, 0x0800, 0x0800, 0x0800, 0x0800, 0x0820, 0x0820, 0x0800, 0x0820, 0x0820, 0x0820, 0x0800,
  0x0800, 0x0820, 0x0820, 0x0800, 0x0820, 0x0800, 0x0820, 0x0800, 0x0800, 0x0820, 0x0800, 0x0820,
  0x0820, 0x0820, 0x0820, 0x0800, 0x0820, 0x0800, 0x0800, 0x0800, 0x0800, 0x0800, 0x0800, 0x0800,
  0x0800, 0x0800, 0x0800, 0x0800, 0x0800, 0x0800, 0x0800, 0x0800, 0x0800, 0x0800, 0x0820, 0x0800,
  0x0800, 0x0800, 0x0800, 0x0800, 0x0800, 0x0800, 0x0800, 0x0800, 0x0800, 0x0800, 0x0800, 0x0800,
  0x0800, 0x0820, 0x0820, 0x0800, 0x0800, 0x0800, 0x0820, 0x0800, 0x0800, 0x0800, 0x0800, 0x0800,
  0x0800, 0x0800, 0x0800, 0x0820, 0x0820, 0x0820, 0x0820, 0x0820, 0x0820, 0x0820, 0x0820, 0x0820,
  0x0820, 0x0820, 0x0820, 0x0820, 0x0820, 0x0820, 0x0820, 0x0820, 0x0820, 0x0820, 0x0820, 0x0820,
  0x0820, 0x0820, 0x0820, 0x0820, 0x0820, 0x0820, 0x0820, 0x0820, 0x0820, 0x0820, 0x0820, 0x0820,
  0x0820, 0x0820, 0x0820, 0x0820, 0x0820, 0x0800, 0x0800, 0x0800, 0x0800, 0x0820, 0x0820, 0x0820,
  0x0820, 0x0820, 0x0820, 0x0820, 0x0820, 0x0820, 0x0820, 0x0820, 0x0820, 0x0820, 0x0820, 0x0820,
  0x0800, 0x0800, 0x0800, 0x0800, 0x0800, 0x0800, 0x0800, 0x0800, 0x0800, 0x0800, 0x0800, 0x0820,
  0x0820, 0x0820, 0x0800, 0x0800, 0x0820, 0x0820, 0x0820, 0x0800, 0x0820, 0x0820, 0x0800, 0x0800,
  0x0820, 0x0820, 0x0800, 0x0820, 0x0800, 0x0820, 0x0820, 0x0800, 0x0800, 0x0800, 0x0800, 0x0820,
  0x0800, 0x0820, 0x0800, 0x0800, 0x0800, 0x0800, 0x0800, 0x0800, 0x0800, 0x0800, 0x0800, 0x0800,
  0x0800, 0x0800, 0x0800, 0x0800, 0x0800, 0x0800, 0x0820, 0x0800, 0x0800, 0x0800, 0x0800, 0x0800,
  0x0000, 0x0000, 0x0000, 0x0000, 0x0000, 0x0000, 0x0000, 0x0000, 0x0000, 0x0000, 0x0000, 0x0000,
  0x0000, 0x0000, 0x0000, 0x0000, 0x0000, 0x0000, 0x0000, 0x0000, 0x0000, 0x0000, 0x0000, 0x0000,
  0x0000, 0x0000, 0x0000, 0x0000, 0x0000, 0x0000, 0x0000, 0x0000, 0x0800, 0x0000, 0x0000, 0x0000,
  0x0800, 0x0800, 0x0800, 0x0000, 0x0800, 0x0800, 0x0800, 0x0000, 0x0800, 0x0800, 0x0800, 0x0800,
  0x0800, 0x0800, 0x0800, 0x0800, 0x0800, 0x0800, 0x0800, 0x0820, 0x0800, 0x0800, 0x0820, 0x0800,
  0x0800, 0x0820, 0x0800, 0x0800, 0x0800, 0x0800, 0x0800, 0x0800, 0x0820, 0x0800, 0x0800, 0x0800,
  0x0800, 0x0820, 0x0820, 0x0800, 0x0800, 0x0800, 0x0820, 0x0800, 0x0800, 0x0800, 0x0800, 0x0800,
  0x0800, 0x0800, 0x0800, 0x0800, 0x0800, 0x0800, 0x0800, 0x0800, 0x0800, 0x0800, 0x0800, 0x0800,
  0x0820, 0x0820, 0x0820, 0x0820, 0x0820, 0x0820, 0x0820, 0x0820, 0x0820, 0x0820, 0x0800, 0x0820,
  0x0820, 0x0820, 0x0820, 0x0820, 0x0820, 0x0820, 0x0820, 0x0820, 0x0800, 0x0800, 0x0820, 0x0800,
  0x0800, 0x0820, 0x0820, 0x0820, 0x0820, 0x0820, 0x0820, 0x0820, 0x0820, 0x0820, 0x0820, 0x0820,
  0x0820, 0x0820, 0x0820, 0x0820, 0x0820, 0x0820, 0x0820, 0x0820, 0x0820, 0x0820, 0x0820, 0x0820,
  0x0820, 0x0820, 0x0820, 0x0820, 0x0820, 0x0820, 0x0820, 0x0820, 0x0820, 0x0820, 0x0820, 0x0820,
  0x0820, 0x0820, 0x0820, 0x0820, 0x0820, 0x0820, 0x0820, 0x0820, 0x0820, 0x0820, 0x0820, 0x0820,
  0x0820, 0x0820, 0x0820, 0x0820, 0x0820, 0x0820, 0x0820, 0x0820, 0x0820, 0x0820, 0x0820, 0x0820,
  0x0820, 0x0820, 0x0820, 0x0820, 0x0820, 0x0820, 0x0820, 0x0820, 0x0820, 0x0820, 0x0820, 0x0820,
  0x0800, 0x0800, 0x0800, 0x0800, 0x0820, 0x0820, 0x0820, 0x0820, 0x0820, 0x0820, 0x0800, 0x0820,
  0x0800, 0x0800, 0x0800, 0x0800, 0x0800, 0x0820, 0x0800, 0x0800, 0x0800, 0x0800, 0x0800, 0x0820,
  0x0820, 0x0820, 0x0800, 0x0800, 0x0800, 0x0800, 0x0800, 0x0820, 0x0820, 0x0800, 0x0800, 0x0800,
  0x0800, 0x0800, 0x0800, 0x0800, 0x0800, 0x0820, 0x0800, 0x0800, 0x0800, 0x0800, 0x0800, 0x0800,
  0x0000, 0x0000, 0x0000, 0x0000, 0x0000, 0x0000, 0x0000, 0x0000, 0x0000, 0x0000, 0x0000, 0x0000,
  0x0000, 0x0000, 0x0000, 0x0000, 0x0000, 0x0000, 0x0000, 0x0000, 0x0000, 0x0000, 0x0000, 0x0800,
  0x0000, 0x0800, 0x0800, 0x0800, 0x0800, 0x0800, 0x0800, 0x0800, 0x0800, 0x0800, 0x0800, 0x0800,
  0x0800, 0x0800, 0x0800, 0x0800, 0x0800, 0x0800, 0x0800, 0x0800, 0x0800, 0x0800, 0x0820, 0x0820,
  0x0800, 0x0800, 0x0800, 0x0800, 0x0800, 0x0800, 0x0820, 0x0820, 0x0800, 0x0800, 0x0820, 0x0800,
  0x0800, 0x0800, 0x0800, 0x0820, 0x0820, 0x0800, 0x0800, 0x0820, 0x0820, 0x0820, 0x0800, 0x0800,
  0x0820, 0x0800, 0x0800, 0x0820, 0x0800, 0x0800, 0x0820, 0x0800, 0x0800, 0x0800, 0x0800, 0x0800,
  0x0800, 0x0800, 0x0800, 0x0800, 0x0800, 0x0800, 0x0800, 0x0800, 0x0800, 0x0820, 0x0820, 0x0800,
  0x0820, 0x0820, 0x0820, 0x0820, 0x0820, 0x0820, 0x0820, 0x0820, 0x0820, 0x0820, 0x0820, 0x0820,
  0x0820, 0x0820, 0x0820, 0x0820, 0x0820, 0x0820, 0x0820, 0x0820, 0x0820, 0x0820, 0x0820, 0x0820,
  0x0820, 0x0820, 0x0820, 0x0820, 0x0820, 0x0820, 0x0820, 0x0820, 0x0820, 0x0820, 0x0820, 0x0820,
  0x0820, 0x0820, 0x0820, 0x0820, 0x0820, 0x0820, 0x0820, 0x0820, 0x0820, 0x0820, 0x0820, 0x0820,
  0x0820, 0x0820, 0x0820, 0x0820, 0x0820, 0x0820, 0x0820, 0x0820, 0x0820, 0x0820, 0x0820, 0x0820,
  0x0820, 0x0820, 0x0820, 0x0820, 0x0820, 0x0820, 0x0820, 0x0820, 0x0820, 0x0820, 0x0820, 0x0820,
  0x0820, 0x0820, 0x0820, 0x0820, 0x0820, 0x0820, 0x0820, 0x0820, 0x0820, 0x0820, 0x0820, 0x0820,
  0x0820, 0x0820, 0x0820, 0x0820, 0x0820, 0x0820, 0x0820, 0x0820, 0x0820, 0x0820, 0x0820, 0x0820,
  0x0820, 0x0820, 0x0820, 0x0820, 0x0820, 0x0820, 0x0820, 0x0820, 0x0820, 0x0820, 0x0820, 0x0820,
  0x0820, 0x0820, 0x0800, 0x0800, 0x0800, 0x0800, 0x0800, 0x0800, 0x0800, 0x0800, 0x0800, 0x0800,
  0x0800, 0x0820, 0x0820, 0x0820, 0x0800, 0x0820, 0x0800, 0x0820, 0x0800, 0x0800, 0x0800, 0x0800,
  0x0800, 0x0820, 0x0820, 0x0800, 0x0800, 0x0800, 0x0800, 0x0800, 0x0800, 0x0820, 0x0800, 0x0800,
  0x0000, 0x0000, 0x0000, 0x0000, 0x0000, 0x0000, 0x0000, 0x0000, 0x0000, 0x0000, 0x0000, 0x0000,
  0x0000, 0x0000, 0x0000, 0x0000, 0x0000, 0x0000, 0x0800, 0x0000, 0x0000, 0x0000, 0x0800, 0x0800,
  0x0800, 0x0800, 0x0800, 0x0800, 0x0800, 0x0800, 0x0800, 0x0800, 0x0800, 0x0800, 0x0800, 0x0800,
  0x0800, 0x0800, 0x0800, 0x0800, 0x0800, 0x0800, 0x0800, 0x0800, 0x0820, 0x0800, 0x0800, 0x0800,
  0x0800, 0x0820, 0x0800, 0x0800, 0x0800, 0x0820, 0x0820, 0x0820, 0x0800, 0x0800, 0x0800, 0x0820,
  0x0820, 0x0820, 0x0800, 0x0820, 0x0800, 0x0820, 0x0800, 0x0800, 0x0800, 0x0800, 0x0800, 0x0820,
  0x0800, 0x0800, 0x0800, 0x0820, 0x0800, 0x0800, 0x0800, 0x0800, 0x0800, 0x0800, 0x0800, 0x0800,
  0x0800, 0x0800, 0x0800, 0x0800, 0x0800, 0x0820, 0x0820, 0x0820, 0x0820, 0x0820, 0x0820, 0x0820,
  0x0820, 0x0820, 0x0820, 0x0820, 0x0820, 0x0820, 0x0820, 0x0820, 0x0820, 0x0820, 0x0820, 0x0820,
  0x0820, 0x0820, 0x0820, 0x0820, 0x0820, 0x0820, 0x0820, 0x0820, 0x0820, 0x0820, 0x0820, 0x0820,
  0x0820, 0x0820, 0x0820, 0x1020, 0x1020, 0x0820, 0x0820, 0x0820, 0x0820, 0x0820, 0x1020, 0x1020,
  0x1020, 0x1020, 0x1020, 0x1020, 0x0820, 0x0820, 0x1020, 0x0820, 0x0820, 0x0820, 0x1020, 0x1020,
  0x1020, 0x1020, 0x1020, 0x1020, 0x1020, 0x1020, 0x0820, 0x0820, 0x0820, 0x0820, 0x0820, 0x0820,
  0x0820, 0x0820, 0x0820, 0x0820, 0x0820, 0x0820, 0x0820, 0x0820, 0x0820, 0x0820, 0x0820, 0x0820,
  0x0820, 0x0820, 0x0820, 0x1020, 0x0820, 0x0820, 0x0820, 0x0820, 0x0820, 0x0820, 0x0820, 0x0820,
  0x0820, 0x0820, 0x0820, 0x0820, 0x0820, 0x0820, 0x0820, 0x0820, 0x0820, 0x0820, 0x0820, 0x0820,
  0x0820, 0x0820, 0x0820, 0x0820, 0x0820, 0x0820, 0x0820, 0x0820, 0x0820, 0x0820, 0x0820, 0x0820,
  0x0820, 0x0820, 0x0820, 0x0820, 0x0820, 0x0800, 0x0800, 0x0800, 0x0800, 0x0800, 0x0800, 0x0800,
  0x0800, 0x0820, 0x0800, 0x0820, 0x0800, 0x0800, 0x0800, 0x0800, 0x0800, 0x0820, 0x0820, 0x0820,
  0x0800, 0x0820, 0x0820, 0x0800, 0x0800, 0x0820, 0x0800, 0x0820, 0x0820, 0x0820, 0x0800, 0x0800,
  0x0000, 0x0000, 0x0000, 0x0000, 0x0000, 0x0000, 0x0000, 0x0000, 0x0000, 0x0000, 0x0000, 0x0000,
  0x0000, 0x0000, 0x0800, 0x0800, 0x0800, 0x0800, 0x0800, 0x0800, 0x0800, 0x0800, 0x0800, 0x0800,
  0x0800, 0x0800, 0x0800, 0x0800, 0x0800, 0x0800, 0x0800, 0x0800, 0x0800, 0x0800, 0x0800, 0x0800,
  0x0800, 0x0800, 0x0800, 0x0800, 0x0800, 0x0800, 0x0800, 0x0820, 0x0820, 0x0820, 0x0820, 0x0820,
  0x0800, 0x0820, 0x0820, 0x0820, 0x0800, 0x0800, 0x0820, 0x0800, 0x0800, 0x0820, 0x0800, 0x0820,
  0x0820, 0x0820, 0x0800, 0x0820, 0x0820, 0x0800, 0x0800, 0x0800, 0x0800, 0x0800, 0x0800, 0x0800,
  0x0800, 0x0800, 0x0800, 0x0800, 0x0800, 0x0800, 0x0820, 0x0800, 0x0800, 0x0820, 0x0820, 0x0800,
  0x0820, 0x0820, 0x0820, 0x0820, 0x0820, 0x0820, 0x0820, 0x0820, 0x0820, 0x0820, 0x0820, 0x0820,
  0x0820, 0x0820, 0x0820, 0x0820, 0x0820, 0x1020, 0x0820, 0x0820, 0x0820, 0x1020, 0x1020, 0x1020,
  0x1020, 0x0820, 0x1020, 0x1020, 0x1020, 0x1020, 0x0820, 0x0820, 0x1020, 0x1020, 0x0820, 0x0820,
  0x0820, 0x0820, 0x0820, 0x1020, 0x1020, 0x1020, 0x1020, 0x1020, 0x1020, 0x1020, 0x1020, 0x1020,
  0x1020, 0x1020, 0x1020, 0x1020, 0x1020, 0x1020, 0x1020, 0x1020, 0x1020, 0x1020, 0x1020, 0x1020,
  0x1020, 0x1020, 0x1020, 0x1020, 0x1020, 0x1020, 0x1020, 0x1020, 0x1020, 0x1020, 0x0820, 0x0820,
  0x1020, 0x1020, 0x1020, 0x1020, 0x1020, 0x1020, 0x1020, 0x1020, 0x1020, 0x0820, 0x0820, 0x1020,
  0x0820, 0x0820, 0x1020, 0x0820, 0x0820, 0x0820, 0x1020, 0x0820, 0x0820, 0x1020, 0x0820, 0x0820,
  0x0820, 0x0820, 0x0820, 0x0820, 0x0820, 0x0820, 0x1020, 0x1020, 0x1020, 0x1020, 0x0820, 0x1020,
  0x0820, 0x0820, 0x1020, 0x0820, 0x0820, 0x0820, 0x0820, 0x0820, 0x0820, 0x0820, 0x0820, 0x0820,
  0x0820, 0x0820, 0x0820, 0x0820, 0x0820, 0x0820, 0x0820, 0x0800, 0x0800, 0x0820, 0x0820, 0x0800,
  0x0800, 0x0800, 0x0800, 0x0820, 0x0820, 0x0800, 0x0820, 0x0800, 0x0800, 0x0820, 0x0820, 0x0820,
  0x0800, 0x0820, 0x0800, 0x0820, 0x0820, 0x0820, 0x0800, 0x0800, 0x0820, 0x0800, 0x0800, 0x0800,
  0x0000, 0x0000, 0x0000, 0x0000, 0x0000, 0x0000, 0x0800, 0x0000, 0x0800, 0x0800, 0x0800, 0x0800,
  0x0800, 0x0800, 0x0800, 0x0800, 0x0800, 0x0800, 0x0800, 0x0800, 0x0800, 0x0800, 0x0800, 0x0800,
  0x0800, 0x0800, 0x0800, 0x0800, 0x0800, 0x0800, 0x0800, 0x0800, 0x0800, 0x0800, 0x0800, 0x0800,
  0x0820, 0x0820, 0x0800, 0x0800, 0x0800, 0x0800, 0x0800, 0x0800, 0x0820, 0x0800, 0x0800, 0x0800,
  0x0820, 0x0800, 0x0820, 0x0800, 0x0820, 0x0820, 0x0820, 0x0820, 0x0820, 0x0820, 0x0820, 0x0820,
  0x0800, 0x0800, 0x0800, 0x0820, 0x0800, 0x0800, 0x0820, 0x0800, 0x0800, 0x0800, 0x0800, 0x0800,
  0x0800, 0x0800, 0x0800, 0x0820, 0x0820, 0x0820, 0x0820, 0x0820, 0x0820, 0x0820, 0x0820, 0x0820,
  0x0820, 0x0820, 0x0820, 0x0820, 0x0820, 0x0820, 0x0820, 0x0820, 0x0820, 0x0820, 0x0820, 0x1020,
  0x0820, 0x0820, 0x1020, 0x1020, 0x1020, 0x1020, 0x1020, 0x1020, 0x1020, 0x1020, 0x1020, 0x1020,
  0x1020, 0x1020, 0x1020, 0x1020, 0x1020, 0x1020, 0x1020, 0x1020, 0x1020, 0x1020, 0x1020, 0x1020,
  0x1020, 0x1020, 0x1020, 0x1020, 0x1020, 0x1020, 0x1020, 0x1020, 0x1020, 0x1020, 0x1020, 0x1020,
  0x1020, 0x1020, 0x1020, 0x1020, 0x1020, 0x1020, 0x1020, 0x1020, 0x1020, 0x1020, 0x1020, 0x1020,
  0x1020, 0x1020, 0x1020, 0x1020, 0x1020, 0x1020, 0x1020, 0x1020, 0x1020, 0x1020, 0x1020, 0x1020,
  0x1020, 0x1020, 0x1020, 0x1020, 0x1020, 0x1020, 0x1020, 0x1020, 0x1020, 0x1020, 0x1020, 0x1020,
  0x1020, 0x1020, 0x1020, 0x1020, 0x1020, 0x1020, 0x1020, 0x1020, 0x1020, 0x1020, 0x1020, 0x1020,
  0x1020, 0x1020, 0x1020, 0x1020, 0x1020, 0x0820, 0x1020, 0x1020, 0x1020, 0x1020, 0x1020, 0x1020,
  0x1020, 0x1020, 0x1020, 0x0820, 0x1020, 0x0820, 0x0820, 0x0820, 0x0820, 0x0820, 0x0820, 0x0820,
  0x0820, 0x0820, 0x0820, 0x0820, 0x0820, 0x0820, 0x0820, 0x0820, 0x0820, 0x0800, 0x0820, 0x0820,
  0x0820, 0x0820, 0x0820, 0x0800, 0x0820, 0x0800, 0x0800, 0x0820, 0x0800, 0x0800, 0x0820, 0x0800,
  0x0800, 0x0800, 0x0820, 0x0800, 0x0820, 0x0800, 0x0820, 0x0820, 0x0820, 0x0800, 0x0800, 0x0800,
  0x0000, 0x0000, 0x0000, 0x0000, 0x0000, 0x0000, 0x0800, 0x0800, 0x0800, 0x0800, 0x0800, 0x0800,
  0x0800, 0x0800, 0x0800, 0x0800, 0x0800, 0x0800, 0x0800, 0x0800, 0x0800, 0x0800, 0x0800, 0x0800,
  0x0800, 0x0800, 0x0800, 0x0800, 0x0800, 0x0800, 0x0800, 0x0820, 0x0820, 0x0800, 0x0800, 0x0800,
  0x0820, 0x0800, 0x0820, 0x0800, 0x0800, 0x0800, 0x0820, 0x0800, 0x0800, 0x0800, 0x0820, 0x0800,
  0x0800, 0x0820, 0x0820, 0x0820, 0x0820, 0x0820, 0x0820, 0x0800, 0x0800, 0x0800, 0x0820, 0x0800,
  0x0800, 0x0820, 0x0800, 0x0800, 0x0820, 0x0820, 0x0800, 0x0800, 0x0800, 0x0800, 0x0800, 0x0800,
  0x0800, 0x0820, 0x0820, 0x0820, 0x0820, 0x0820, 0x0820, 0x0820, 0x0820, 0x0820, 0x0820, 0x0820,
  0x0820, 0x0820, 0x0820, 0x0820, 0x0820, 0x0820, 0x0820, 0x1020, 0x1020, 0x1020, 0x0820, 0x1020,
  0x1020, 0x1020, 0x1020, 0x1020, 0x1020, 0x1020, 0x1020, 0x1020, 0x1020, 0x1020, 0x1020, 0x1020,
  0x1020, 0x1020, 0x1020, 0x1020, 0x1020, 0x1020, 0x1020, 0x1020, 0x1020, 0x1020, 0x1020, 0x1020,
  0x1020, 0x1020, 0x1020, 0x1020, 0x1020, 0x1020, 0x1020, 0x1020, 0x1020, 0x1020, 0x1020, 0x1020,
  0x1020, 0x1020, 0x1020, 0x1020, 0x1020, 0x1020, 0x1020, 0x1020, 0x1020, 0x1020, 0x1020, 0x1020,
  0x1020, 0x1020, 0x1020, 0x1020, 0x1020, 0x1020, 0x1020, 0x1020, 0x1020, 0x1020, 0x1020, 0x1020,
  0x1020, 0x1020, 0x1020, 0x1020, 0x1020, 0x1020, 0x1020, 0x1020, 0x1020, 0x1020, 0x1020, 0x1020,
  0x1020, 0x1020, 0x1020, 0x1020, 0x1020, 0x1020, 0x1020, 0x1020, 0x1020, 0x1020, 0x1020, 0x1020,
  0x1020, 0x1020, 0x1020, 0x1020, 0x1020, 0x1020, 0x1020, 0x1020, 0x1020, 0x1020, 0x1020, 0x1020,
  0x1020, 0x1020, 0x1020, 0x1020, 0x1020, 0x0820, 0x1020, 0x0820, 0x0820, 0x0820, 0x0820, 0x0820,
  0x0820, 0x0820, 0x0820, 0x0820, 0x0820, 0x0820, 0x0820, 0x0820, 0x0820, 0x0820, 0x0820, 0x0820,
  0x0820, 0x0820, 0x0820, 0x0820, 0x0820, 0x0820, 0x0800, 0x0800, 0x0800, 0x0800, 0x0800, 0x0800,
  0x0800, 0x0800, 0x0820, 0x0800, 0x0800, 0x0800, 0x0820, 0x0800, 0x0820, 0x0800, 0x0820, 0x0800,
  0x0000, 0x0000, 0x0000, 0x0000, 0x0000, 0x0800, 0x0800, 0x0800, 0x0800, 0x0800, 0x0800, 0x0800,
  0x0800, 0x0800, 0x0800, 0x0800, 0x0800, 0x0800, 0x0800, 0x0800, 0x0800, 0x0800, 0x0800, 0x0800,
  0x0800, 0x0800, 0x0800, 0x0800, 0x0800, 0x0800, 0x0800, 0x0800, 0x0820, 0x0800, 0x0800, 0x0800,
  0x0820, 0x0820, 0x0800, 0x0820, 0x0820, 0x0800, 0x0800, 0x0800, 0x0800, 0x0800, 0x0800, 0x0820,
  0x0820, 0x0820, 0x0820, 0x0820, 0x0820, 0x0800, 0x0820, 0x0820, 0x0800, 0x0800, 0x0820, 0x0800,
  0x0800, 0x0800, 0x0800, 0x0800, 0x0800, 0x0800, 0x0820, 0x0820, 0x0820, 0x0800, 0x0800, 0x0820,
  0x0820, 0x0820, 0x0820, 0x0820, 0x0820, 0x0820, 0x1020, 0x0820, 0x0820, 0x1020, 0x0820, 0x1020,
  0x1020, 0x1020, 0x1020, 0x1020, 0x1020, 0x1020, 0x1020, 0x1020, 0x1020, 0x1020, 0x1020, 0x1020,
  0x1020, 0x1020, 0x1020, 0x1020, 0x1020, 0x1020, 0x1020, 0x1020, 0x1020, 0x1020, 0x1020, 0x1020,
  0x1020, 0x1020, 0x1020, 0x1020, 0x1020, 0x1020, 0x1020, 0x1020, 0x1020, 0x1020, 0x1020, 0x1020,
  0x1020, 0x1020, 0x1020, 0x1020, 0x1020, 0x1020, 0x1020, 0x1020, 0x1020, 0x1020, 0x1020, 0x1020,
  0x1020, 0x1020, 0x1020, 0x1020, 0x1020, 0x1020, 0x1020, 0x1020, 0x1020, 0x1020, 0x1020, 0x1020,
  0x1020, 0x1020, 0x1020, 0x1020, 0x1020, 0x1020, 0x1020, 0x1020, 0x1020, 0x1020, 0x1020, 0x1020,
  0x1020, 0x1020, 0x1020, 0x1020, 0x1020, 0x1020, 0x1020, 0x1020, 0x1020, 0x1020, 0x1020, 0x1020,
  0x1020, 0x1020, 0x1020, 0x1020, 0x1020, 0x1020, 0x1020, 0x1020, 0x1020, 0x1020, 0x1020, 0x1020,
  0x1020, 0x1020, 0x1020, 0x1020, 0x1020, 0x1020, 0x1020, 0x1020, 0x1020, 0x1020, 0x1020, 0x1020,
  0x1020, 0x1020, 0x1020, 0x1020, 0x1020, 0x1020, 0x1020, 0x1020, 0x1020, 0x1020, 0x1020, 0x1020,
  0x1020, 0x0820, 0x0820, 0x0820, 0x0820, 0x0820, 0x0820, 0x0820, 0x0820, 0x0820, 0x0820, 0x0820,
  0x0820, 0x0820, 0x0820, 0x0820, 0x0820, 0x0820, 0x0820, 0x0800, 0x0800, 0x0800, 0x0800, 0x0800,
  0x0820, 0x0820, 0x0800, 0x0820, 0x0820, 0x0800, 0x0800, 0x0800, 0x0800, 0x0820, 0x0800, 0x0800,
  0x0000, 0x0000, 0x0800, 0x0800, 0x0800, 0x0800, 0x0800, 0x0800, 0x0800, 0x0800, 0x0800, 0x0800,
  0x0800, 0x0800, 0x0800, 0x0800, 0x0800, 0x0800, 0x0800, 0x0800, 0x0800, 0x0800, 0x0800, 0x0800,
  0x0800, 0x0800, 0x0800, 0x0800, 0x0820, 0x0800, 0x0800, 0x0820, 0x0820, 0x0800, 0x0800, 0x0820,
  0x0820, 0x0820, 0x0800, 0x0800, 0x0820, 0x0820, 0x0800, 0x0800, 0x0820, 0x0800, 0x0820, 0x0820,
  0x0820, 0x0820, 0x0800, 0x0800, 0x0800, 0x0820, 0x0820, 0x0800, 0x0800, 0x0820, 0x0800, 0x0800,
  0x0820, 0x0800, 0x0800, 0x0820, 0x0820, 0x0820, 0x0820, 0x0800, 0x0820, 0x0820, 0x0820, 0x0820,
  0x0820, 0x1020, 0x0820, 0x1020, 0x1020, 0x1020, 0x1020, 0x1020, 0x1020, 0x1020, 0x1020, 0x1020,
  0x1020, 0x1020, 0x1020, 0x1020, 0x1020, 0x1020, 0x1020, 0x1020, 0x1020, 0x1020, 0x1020, 0x1020,
  0x1020, 0x1020, 0x1020, 0x1020, 0x1020, 0x1020, 0x1020, 0x1020, 0x1020, 0x1020, 0x1020, 0x1020,
  0x1020, 0x1020, 0x1020, 0x1020, 0x1020, 0x1020, 0x1020, 0x1020, 0x1020, 0x1020, 0x1020, 0x1020,
  0x1020, 0x1020, 0x1020, 0x1020, 0x1020, 0x1020, 0x1020, 0x1020, 0x1020, 0x1020, 0x1020, 0x1020,
  0x1020, 0x1020, 0x1020, 0x1020, 0x1020, 0x1020, 0x1020, 0x1020, 0x1020, 0x1020, 0x1020, 0x1020,
  0x1020, 0x1020, 0x1020, 0x1020, 0x1020, 0x1020, 0x1020, 0x1020, 0x1020, 0x1020, 0x1020, 0x1020,
  0x1020, 0x1020, 0x1020, 0x1020, 0x1020, 0x1020, 0x1020, 0x1020, 0x1020, 0x1020, 0x1020, 0x1020,
  0x1020, 0x1020, 0x1020, 0x1020, 0x1020, 0x1020, 0x1020, 0x1020, 0x1020, 0x1020, 0x1020, 0x1020,
  0x1020, 0x1020, 0x1020, 0x1020, 0x1020, 0x1020, 0x1020, 0x1020, 0x1020, 0x1020, 0x1020, 0x1020,
  0x1020, 0x1020, 0x1020, 0x1020, 0x1020, 0x1020, 0x1020, 0x1020, 0x1020, 0x1020, 0x1020, 0x1020,
  0x1020, 0x1020, 0x1020, 0x1020, 0x0820, 0x0820, 0x1020, 0x1020, 0x1020, 0x1020, 0x1020, 0x0820,
  0x0820, 0x0820, 0x0820, 0x0820, 0x0820, 0x0820, 0x0820, 0x0800, 0x0800, 0x0820, 0x0820, 0x0820,
  0x0800, 0x0800, 0x0820, 0x0800, 0x0800, 0x0800, 0x0800, 0x0820, 0x0820, 0x0800, 0x0820, 0x0800,
  0x0000, 0x0800, 0x0800, 0x0800, 0x0800, 0x0800, 0x0800, 0x0800, 0x0800, 0x0800, 0x0800, 0x0800,
  0x0800, 0x0800, 0x0800, 0x0800, 0x0800, 0x0800, 0x0800, 0x0800, 0x0820, 0x0800, 0x0820, 0x0820,
  0x0800, 0x0820, 0x0820, 0x0820, 0x0800, 0x0800, 0x0800, 0x0800, 0x0800, 0x0800, 0x0800, 0x0820,
  0x0820, 0x0800, 0x0800, 0x0820, 0x0800, 0x0820, 0x0820, 0x0820, 0x0820, 0x0820, 0x0820, 0x0820,
  0x0800, 0x0820, 0x0800, 0x0800, 0x0820, 0x0820, 0x0820, 0x0800, 0x0800, 0x0800, 0x0820, 0x0820,
  0x0820, 0x0820, 0x0820, 0x0820, 0x0820, 0x0820, 0x0820, 0x0820, 0x0820, 0x0820, 0x0820, 0x1020,
  0x1020, 0x1020, 0x1020, 0x1020, 0x1020, 0x1020, 0x1020, 0x1020, 0x1020, 0x1020, 0x1020, 0x1020,
  0x1020, 0x1020, 0x1020, 0x1020, 0x1020, 0x1020, 0x1020, 0x1020, 0x1020, 0x1020, 0x1020, 0x1020,
  0x1020, 0x1020, 0x1020, 0x1020, 0x1020, 0x1020, 0x1020, 0x1020, 0x1020, 0x1020, 0x1020, 0x1020,
  0x1020, 0x1020, 0x1020, 0x1020, 0x1020, 0x1020, 0x1020, 0x1020, 0x1020, 0x1020, 0x1020, 0x1020,
  0x1020, 0x1020, 0x1020, 0x1020, 0x1020, 0x1020, 0x1020, 0x1020, 0x1020, 0x1020, 0x1020, 0x1020,
  0x1020, 0x1020, 0x1020, 0x1020, 0x1020, 0x1020, 0x1020, 0x1020, 0x1020, 0x1020, 0x1020, 0x1020,
  0x1020, 0x1020, 0x1020, 0x1020, 0x1020, 0x1020, 0x1020, 0x1020, 0x1020, 0x1020, 0x1020, 0x1020,
  0x1020, 0x1020, 0x1020, 0x1020, 0x1020, 0x1020, 0x1020, 0x1020, 0x1020, 0x1020, 0x1020, 0x1020,
  0x1020, 0x1020, 0x1020, 0x1020, 0x1020, 0x1020, 0x1020, 0x1020, 0x1020, 0x1020, 0x1020, 0x1020,
  0x1020, 0x1020, 0x1020, 0x1020, 0x1020, 0x1020, 0x1020, 0x1020, 0x1020, 0x1020, 0x1020, 0x1020,
  0x1020, 0x1020, 0x1020, 0x1020, 0x1020, 0x1020, 0x1020, 0x1020, 0x1020, 0x1020, 0x1020, 0x1020,
  0x1020, 0x1020, 0x1020, 0x1020, 0x1020, 0x1020, 0x1020, 0x1020, 0x1020, 0x1020, 0x1020, 0x0820,
  0x1020, 0x0820, 0x0820, 0x0820, 0x0820, 0x0820, 0x0820, 0x0820, 0x0820, 0x0820, 0x0820, 0x0820,
  0x0820, 0x0800, 0x0820, 0x0820, 0x0800, 0x0800, 0x0800, 0x0820, 0x0820, 0x0800, 0x0800, 0x0800,
  0x0800, 0x0800, 0x0800, 0x0800, 0x0800, 0x0800, 0x0800, 0x0800, 0x0800, 0x0800, 0x0800, 0x0800,
  0x0800, 0x0800, 0x0800, 0x0800, 0x0800, 0x0800, 0x0800, 0x0820, 0x0820, 0x0800, 0x0800, 0x0800,
  0x0820, 0x0800, 0x0820, 0x0800, 0x0800, 0x0800, 0x0820, 0x0820, 0x0800, 0x0820, 0x0820, 0x0800,
  0x0800, 0x0800, 0x0820, 0x0800, 0x0820, 0x0820, 0x0800, 0x0820, 0x0820, 0x0820, 0x0820, 0x0800,
  0x0820, 0x0820, 0x0820, 0x0820, 0x0800, 0x0800, 0x0800, 0x0820, 0x0820, 0x0820, 0x0820, 0x0820,
  0x0820, 0x0820, 0x0820, 0x0820, 0x1020, 0x0820, 0x0820, 0x1020, 0x1020, 0x1020, 0x1020, 0x1020,
  0x1020, 0x1020, 0x1020, 0x1020, 0x1020, 0x1020, 0x1020, 0x1020, 0x1020, 0x1020, 0x1020, 0x1020,
  0x1020, 0x1020, 0x1020, 0x1020, 0x1020, 0x1020, 0x1020, 0x1020, 0x1020, 0x1020, 0x1020, 0x1020,
  0x1020, 0x1020, 0x1020, 0x1020, 0x1020, 0x1020, 0x1020, 0x1020, 0x1020, 0x1020, 0x1020, 0x1020,
  0x1020, 0x1020, 0x1020, 0x1020, 0x1020, 0x1020, 0x1020, 0x1020, 0x1020, 0x1020, 0x1020, 0x1020,
  0x1020, 0x1020, 0x1020, 0x1020, 0x1020, 0x1020, 0x1020, 0x1020, 0x1020, 0x1020, 0x1020, 0x1020,
  0x1020, 0x1020, 0x1020, 0x1020, 0x1020, 0x1020, 0x1020, 0x1020, 0x1020, 0x1020, 0x1020, 0x1020,
  0x1020, 0x1020, 0x1020, 0x1020, 0x1020, 0x1020, 0x1020, 0x1020, 0x1020, 0x1020, 0x1020, 0x1020,
  0x1020, 0x1020, 0x1020, 0x1020, 0x1020, 0x1020, 0x1020, 0x1020, 0x1020, 0x1020, 0x1020, 0x1020,
  0x1020, 0x1020, 0x1020, 0x1020, 0x1020, 0x1020, 0x1020, 0x1020, 0x1020, 0x1020, 0x1020, 0x1020,
  0x1020, 0x1020, 0x1020, 0x1020, 0x1020, 0x1020, 0x1020, 0x1020, 0x1020, 0x1020, 0x1020, 0x1020,
  0x1020, 0x1020, 0x1020, 0x1020, 0x1020, 0x1020, 0x1020, 0x1020, 0x1020, 0x1020, 0x1020, 0x1020,
  0x1020, 0x1020, 0x1020, 0x1020, 0x1020, 0x1020, 0x1020, 0x1020, 0x1020, 0x1020, 0x1020, 0x1020,
  0x1020, 0x1020, 0x1020, 0x1020, 0x1020, 0x1020, 0x1020, 0x0820, 0x0820, 0x0820, 0x0820, 0x0820,
  0x0820, 0x0820, 0x0800, 0x0820, 0x0800, 0x0800, 0x0820, 0x0800, 0x0800, 0x0800, 0x0800, 0x0800,
  0x0800, 0x0800, 0x0800, 0x0800, 0x0800, 0x0800, 0x0800, 0x0800, 0x0800, 0x0800, 0x0800, 0x0800,
  0x0800, 0x0800, 0x0800, 0x0800, 0x0820, 0x0820, 0x0820, 0x0820, 0x0800, 0x0820, 0x0800, 0x0800,
  0x0820, 0x0800, 0x0800, 0x0800, 0x0820, 0x0820, 0x0820, 0x0820, 0x0820, 0x0800, 0x0800, 0x0820,
  0x0800, 0x0820, 0x0820, 0x0800, 0x0800, 0x0800, 0x0820, 0x0820, 0x0820, 0x0820, 0x0820, 0x0820,
  0x0820, 0x0820, 0x0820, 0x0800, 0x0800, 0x0820, 0x0820, 0x0820, 0x0820, 0x0820, 0x0820, 0x1020,
  0x0820, 0x1020, 0x1020, 0x1020, 0x1020, 0x1020, 0x1020, 0x1020, 0x1020, 0x1020, 0x1020, 0x1020,
  0x1020, 0x1020, 0x1020, 0x1020, 0x1020, 0x1020, 0x1020, 0x1020, 0x1020, 0x1020, 0x1020, 0x1020,
  0x1020, 0x1020, 0x1020, 0x1020, 0x1020, 0x1020, 0x1020, 0x1020, 0x1020, 0x1020, 0x1020, 0x1020,
  0x1020, 0x1020, 0x1020, 0x1020, 0x1020, 0x1020, 0x1020, 0x1020, 0x1020, 0x1020, 0x1020, 0x1020,
  0x1020, 0x1020, 0x1020, 0x1020, 0x1020, 0x1020, 0x1020, 0x1020, 0x1020, 0x1020, 0x1020, 0x1020,
  0x1020, 0x1020, 0x1020, 0x1020, 0x1020, 0x1020, 0x1020, 0x1020, 0x1020, 0x1020, 0x1020, 0x1020,
  0x1020, 0x1020, 0x1020, 0x1020, 0x1020, 0x1020, 0x1020, 0x1020, 0x1020, 0x1020, 0x1020, 0x1020,
  0x1020, 0x1020, 0x1020, 0x1020, 0x1020, 0x1020, 0x1020, 0x1020, 0x1020, 0x1020, 0x1020, 0x1020,
  0x1020, 0x1020, 0x1020, 0x1020, 0x1020, 0x1020, 0x1020, 0x1020, 0x1020, 0x1020, 0x1020, 0x1020,
  0x1020, 0x1020, 0x1020, 0x1020, 0x1020, 0x1020, 0x1020, 0x1020, 0x1020, 0x1020, 0x1020, 0x1020,
  0x1020, 0x1020, 0x1020, 0x1020, 0x1020, 0x1020, 0x1020, 0x1020, 0x1020, 0x1020, 0x1020, 0x1020,
  0x1020, 0x1020, 0x1020, 0x1020, 0x1020, 0x1020, 0x1020, 0x1020, 0x1020, 0x1020, 0x1020, 0x1020,
  0x1020, 0x1020, 0x1020, 0x1020, 0x1020, 0x1020, 0x1020, 0x1020, 0x1020, 0x1020, 0x1020, 0x1020,
  0x1020, 0x1020, 0x1020, 0x1020, 0x1020, 0x1020, 0x1020, 0x0820, 0x0820, 0x1020, 0x0820, 0x0820,
  0x0820, 0x0820, 0x0820, 0x0820, 0x0820, 0x0820, 0x0820, 0x0820, 0x0800, 0x0800, 0x0800, 0x0800,
  0x0800, 0x0800, 0x0800, 0x0800, 0x0800, 0x0800, 0x0800, 0x0800, 0x0800, 0x0800, 0x0800, 0x0800,
  0x0800, 0x0800, 0x0820, 0x0800, 0x0800, 0x0820, 0x0800, 0x0800, 0x0820, 0x0800, 0x0800, 0x0800,
  0x0820, 0x0820, 0x0820, 0x0800, 0x0800, 0x0800, 0x0800, 0x0800, 0x0820, 0x0800, 0x0820, 0x0800,
  0x0820, 0x0800, 0x0820, 0x0820, 0x0800, 0x0820, 0x0820, 0x0800, 0x0820, 0x0820, 0x0800, 0x0820,
  0x0800, 0x0820, 0x0820, 0x0820, 0x0820, 0x0820, 0x0820, 0x1020, 0x1020, 0x1020, 0x1020, 0x1020,
  0x1020, 0x1020, 0x1020, 0x1020, 0x1020, 0x1020, 0x1020, 0x1020, 0x1020, 0x1020, 0x1020, 0x1020,
  0x1020, 0x1020, 0x1020, 0x1020, 0x1020, 0x1020, 0x1020, 0x1020, 0x1020, 0x1020, 0x1020, 0x1020,
  0x1020, 0x1020, 0x1020, 0x1020, 0x1020, 0x1020, 0x1020, 0x1020, 0x1020, 0x1020, 0x1020, 0x1020,
  0x1020, 0x1020, 0x1020, 0x1020, 0x1020, 0x1020, 0x1020, 0x1020, 0x1020, 0x1020, 0x1020, 0x1020,
  0x1020, 0x1020, 0x1020, 0x1020, 0x1020, 0x1020, 0x1020, 0x1020, 0x1020, 0x1020, 0x1020, 0x1020,
  0x1020, 0x1020, 0x1020, 0x1020, 0x1020, 0x1020, 0x1020, 0x1020, 0x1020, 0x1020, 0x1020, 0x1020,
  0x1020, 0x1020, 0x1020, 0x1020, 0x1020, 0x1020, 0x1020, 0x1020, 0x1020, 0x1020, 0x1020, 0x1020,
  0x1020, 0x1020, 0x1020, 0x1020, 0x1020, 0x1020, 0x1020, 0x1020, 0x1020, 0x1020, 0x1020, 0x1020,
  0x1020, 0x1020, 0x1020, 0x1020, 0x1020, 0x1020, 0x1020, 0x1020, 0x1020, 0x1020, 0x1020, 0x1020,
  0x1020, 0x1020, 0x1020, 0x1020, 0x1020, 0x1020, 0x1020, 0x1020, 0x1020, 0x1020, 0x1020, 0x1020,
  0x1020, 0x1020, 0x1020, 0x1020, 0x1020, 0x1020, 0x1020, 0x1020, 0x1020, 0x1020, 0x1020, 0x1020,
  0x1020, 0x1020, 0x1020, 0x1020, 0x1020, 0x1020, 0x1020, 0x1020, 0x1020, 0x1020, 0x1020, 0x1020,
  0x1020, 0x1020, 0x1020, 0x1020, 0x1020, 0x1020, 0x1020, 0x1020, 0x1020, 0x1020, 0x1020, 0x1020,
  0x1020, 0x1020, 0x1020, 0x1020, 0x1020, 0x1020, 0x1020, 0x1020, 0x1020, 0x1020, 0x0820, 0x1020,
  0x0820, 0x0820, 0x0820, 0x0820, 0x0820, 0x0820, 0x0820, 0x0820, 0x0820, 0x0820, 0x0800, 0x0800,
  0x0800, 0x0800, 0x0800, 0x0800, 0x0800, 0x0800, 0x0800, 0x0800, 0x0800, 0x0800, 0x0800, 0x0820,
  0x0820, 0x0820, 0x0820, 0x0820, 0x0800, 0x0800, 0x0820, 0x0800, 0x0800, 0x0800, 0x0800, 0x0800,
  0x0800, 0x0800, 0x0820, 0x0800, 0x0820, 0x0820, 0x0800, 0x0800, 0x0800, 0x0820, 0x0820, 0x0820,
  0x0800, 0x0800, 0x0800, 0x0820, 0x0820, 0x0800, 0x0800, 0x0820, 0x0820, 0x0800, 0x0800, 0x1020,
  0x0800, 0x0820, 0x0820, 0x0820, 0x0820, 0x0820, 0x0820, 0x1020, 0x1020, 0x1020, 0x1020, 0x1020,
  0x1020, 0x1020, 0x1020, 0x1020, 0x1020, 0x1020, 0x1020, 0x1020, 0x1020, 0x1020, 0x1020, 0x1020,
  0x1020, 0x1020, 0x1020, 0x1020, 0x1020, 0x1020, 0x1020, 0x1020, 0x1020, 0x1020, 0x1020, 0x1020,
  0x1020, 0x1020, 0x1020, 0x1020, 0x1020, 0x1020, 0x1020, 0x1020, 0x1020, 0x1020, 0x1020, 0x1020,
  0x1020, 0x1020, 0x1020, 0x1020, 0x1020, 0x1020, 0x1020, 0x1020, 0x1020, 0x1020, 0x1020, 0x1020,
  0x1020, 0x1020, 0x1020, 0x1020, 0x1020, 0x1020, 0x1020, 0x1020, 0x1020, 0x1020, 0x1020, 0x1020,
  0x1020, 0x1020, 0x1020, 0x1020, 0x1020, 0x1020, 0x1020, 0x1020, 0x1020, 0x1020, 0x1020, 0x1020,
  0x1020, 0x1020, 0x1020, 0x1020, 0x1020, 0x1020, 0x1020, 0x1020, 0x1020, 0x1020, 0x1020, 0x1020,
  0x1820, 0x1020, 0x1020, 0x1820, 0x1020, 0x1020, 0x1020, 0x1020, 0x1020, 0x1020, 0x1020, 0x1020,
  0x1020, 0x1020, 0x1020, 0x1020, 0x1020, 0x1020, 0x1020, 0x1020, 0x1020, 0x1020, 0x1020, 0x1020,
  0x1020, 0x1020, 0x1020, 0x1020, 0x1020, 0x1020, 0x1020, 0x1020, 0x1020, 0x1020, 0x1020, 0x1020,
  0x1020, 0x1020, 0x1020, 0x1020, 0x1020, 0x1020, 0x1020, 0x1020, 0x1020, 0x1020, 0x1020, 0x1020,
  0x1020, 0x1020, 0x1020, 0x1020, 0x1020, 0x1020, 0x1020, 0x1020, 0x1020, 0x1020, 0x1020, 0x1020,
  0x1020, 0x1020, 0x1020, 0x1020, 0x1020, 0x1020, 0x1020, 0x1020, 0x1020, 0x1020, 0x1020, 0x1020,
  0x1020, 0x1020, 0x1020, 0x1020, 0x1020, 0x1020, 0x1020, 0x1020, 0x1020, 0x1020, 0x1020, 0x1020,
  0x1020, 0x1020, 0x1020, 0x1020, 0x0820, 0x0820, 0x0820, 0x0820, 0x0820, 0x0820, 0x0820, 0x0820,
  0x0800, 0x0800, 0x0800, 0x0800, 0x0800, 0x0800, 0x0800, 0x0800, 0x0800, 0x0800, 0x0800, 0x0800,
  0x0820, 0x0800, 0x0800, 0x0800, 0x0800, 0x0820, 0x0820, 0x0800, 0x0800, 0x0800, 0x0800, 0x0820,
  0x0800, 0x0800, 0x0820, 0x0800, 0x0820, 0x0820, 0x0820, 0x0800, 0x0820, 0x0820, 0x0820, 0x0800,
  0x0800, 0x0800, 0x0800, 0x0800, 0x0820, 0x0800, 0x0820, 0x0800, 0x0800, 0x1020, 0x0820, 0x0820,
  0x0820, 0x0820, 0x1020, 0x0820, 0x1020, 0x1020, 0x1020, 0x1020, 0x1020, 0x1020, 0x1020, 0x1020,
  0x1020, 0x1020, 0x1020, 0x1020, 0x1020, 0x1020, 0x1020, 0x1020, 0x1020, 0x1020, 0x1020, 0x1020,
  0x1020, 0x1020, 0x1020, 0x1020, 0x1020, 0x1020, 0x1020, 0x1020, 0x1020, 0x1020, 0x1020, 0x1020,
  0x1020, 0x1020, 0x1020, 0x1020, 0x1020, 0x1020, 0x1020, 0x1020, 0x1020, 0x1020, 0x1020, 0x1020,
  0x1020, 0x1020, 0x1020, 0x1020, 0x1020, 0x1020, 0x1020, 0x1020, 0x1020, 0x1020, 0x1020, 0x1020,
  0x1020, 0x1020, 0x1020, 0x1020, 0x1020, 0x1020, 0x1020, 0x1020, 0x1020, 0x1020, 0x1020, 0x1020,
  0x1020, 0x1020, 0x1020, 0x1020, 0x1020, 0x1020, 0x1020, 0x1020, 0x1020, 0x1020, 0x1020, 0x1020,
  0x1020, 0x1020, 0x1020, 0x1020, 0x1020, 0x1020, 0x1020, 0x1820, 0x1020, 0x1820, 0x1820, 0x1820,
  0x1820, 0x1820, 0x1820, 0x1820, 0x1020, 0x1820, 0x1820, 0x1820, 0x1020, 0x1020, 0x1020, 0x1020,
  0x1020, 0x1020, 0x1020, 0x1020, 0x1020, 0x1020, 0x1020, 0x1020, 0x1020, 0x1020, 0x1020, 0x1020,
  0x1020, 0x1020, 0x1020, 0x1020, 0x1020, 0x1020, 0x1020, 0x1020, 0x1020, 0x1020, 0x1020, 0x1020,
  0x1020, 0x1020, 0x1020, 0x1020, 0x1020, 0x1020, 0x1020, 0x1020, 0x1020, 0x1020, 0x1020, 0x1020,
  0x1020, 0x1020, 0x1020, 0x1020, 0x1020, 0x1020, 0x1020, 0x1020, 0x1020, 0x1020, 0x1020, 0x1020,
  0x1020, 0x1020, 0x1020, 0x1020, 0x1020, 0x1020, 0x1020, 0x1020, 0x1020, 0x1020, 0x1020, 0x1020,
  0x1020, 0x1020, 0x1020, 0x1020, 0x1020, 0x1020, 0x1020, 0x1020, 0x1020, 0x1020, 0x1020, 0x1020,
  0x1020, 0x1020, 0x1020, 0x1020, 0x1020, 0x1020, 0x0820, 0x0820, 0x0820, 0x0820, 0x0820, 0x0820,
  0x0800, 0x0800, 0x0800, 0x0800, 0x0800, 0x0800, 0x0800, 0x0800, 0x0800, 0x0820, 0x0800, 0x0800,
  0x0820, 0x0800, 0x0820, 0x0800, 0x0800, 0x0820, 0x0820, 0x0800, 0x0800, 0x0800, 0x0800, 0x0820,
  0x0800, 0x0800, 0x0800, 0x0820, 0x0820, 0x0820, 0x0820, 0x0820, 0x0820, 0x0820, 0x0820, 0x0800,
  0x0800, 0x0800, 0x0820, 0x0800, 0x0820, 0x0820, 0x1020, 0x0820, 0x1020, 0x1020, 0x1020, 0x0820,
  0x1020, 0x1020, 0x1020, 0x1020, 0x1020, 0x1020, 0x1020, 0x1020, 0x1020, 0x1020, 0x1020, 0x1020,
  0x1020, 0x1020, 0x1020, 0x1020, 0x1020, 0x1020, 0x1020, 0x1020, 0x1020, 0x1020, 0x1020, 0x1020,
  0x1020, 0x1020, 0x1020, 0x1020, 0x1020, 0x1020, 0x1020, 0x1020, 0x1020, 0x1020, 0x1020, 0x1020,
  0x1020, 0x1020, 0x1020, 0x1020, 0x1020, 0x1020, 0x1020, 0x1020, 0x1020, 0x1020, 0x1020, 0x1020,
  0x1020, 0x1020, 0x1020, 0x1020, 0x1020, 0x1020, 0x1020, 0x1020, 0x1020, 0x1020, 0x1020, 0x1020,
  0x1020, 0x1020, 0x1020, 0x1020, 0x1020, 0x1020, 0x1020, 0x1020, 0x1020, 0x1020, 0x1020, 0x1820,
  0x1020, 0x1020, 0x1820, 0x1820, 0x1020, 0x1820, 0x1820, 0x1820, 0x1820, 0x1820, 0x1820, 0x1020,
  0x1820, 0x1820, 0x1820, 0x1820, 0x1820, 0x1820, 0x1820, 0x1820, 0x1820, 0x1820, 0x1820, 0x1820,
  0x1820, 0x1820, 0x1820, 0x1820, 0x1820, 0x1820, 0x1820, 0x1820, 0x1820, 0x1820, 0x1820, 0x1820,
  0x1820, 0x1820, 0x1820, 0x1820, 0x1820, 0x1820, 0x1820, 0x1820, 0x1020, 0x1820, 0x1020, 0x1020,
  0x1020, 0x1020, 0x1020, 0x1020, 0x1020, 0x1020, 0x1020, 0x1020, 0x1020, 0x1020, 0x1020, 0x1020,
  0x1020, 0x1020, 0x1020, 0x1020, 0x1020, 0x1020, 0x1020, 0x1020, 0x1020, 0x1020, 0x1020, 0x1020,
  0x1020, 0x1020, 0x1020, 0x1020, 0x1020, 0x1020, 0x1020, 0x1020, 0x1020, 0x1020, 0x1020, 0x1020,
  0x1020, 0x1020, 0x1020, 0x1020, 0x1020, 0x1020, 0x1020, 0x1020, 0x1020, 0x1020, 0x1020, 0x1020,
  0x1020, 0x1020, 0x1020, 0x1020, 0x1020, 0x1020, 0x1020, 0x1020, 0x1020, 0x1020, 0x1020, 0x1020,
  0x1020, 0x1020, 0x1020, 0x1020, 0x1020, 0x1020, 0x1020, 0x1020, 0x0820, 0x0820, 0x0820, 0x0820,
  0x0800, 0x0800, 0x0800, 0x0800, 0x0820, 0x0800, 0x0800, 0x0820, 0x0800, 0x0800, 0x0800, 0x0820,
  0x0800, 0x0800, 0x0820, 0x0800, 0x0800, 0x0800, 0x0800, 0x0820, 0x0820, 0x0820, 0x0800, 0x0800,
  0x0800, 0x0820, 0x0820, 0x0820, 0x0820, 0x0800, 0x0800, 0x0820, 0x0820, 0x0800, 0x0820, 0x0800,
  0x0800, 0x0800, 0x0800, 0x1020, 0x0820, 0x1020, 0x1020, 0x0820, 0x1020, 0x1020, 0x1020, 0x1020,
  0x1020, 0x1020, 0x1020, 0x1020, 0x1020, 0x1020, 0x1020, 0x1020, 0x1020, 0x1020, 0x1020, 0x1020,
  0x1020, 0x1020, 0x1020, 0x1020, 0x1020, 0x1020, 0x1020, 0x1020, 0x1020, 0x1020, 0x1020, 0x1020,
  0x1020, 0x1020, 0x1020, 0x1020, 0x1020, 0x1020, 0x1020, 0x1020, 0x1020, 0x1020, 0x1020, 0x1020,
  0x1020, 0x1020, 0x1020, 0x1020, 0x1020, 0x1020, 0x1020, 0x1020, 0x1020, 0x1020, 0x1020, 0x1020,
  0x1020, 0x1020, 0x1020, 0x1020, 0x1020, 0x1020, 0x1020, 0x1020, 0x1020, 0x1020, 0x1020, 0x1020,
  0x1020, 0x1020, 0x1020, 0x1820, 0x1020, 0x1020, 0x1820, 0x1820, 0x1820, 0x1820, 0x1820, 0x1820,
  0x1820, 0x1820, 0x1820, 0x1820, 0x1820, 0x1820, 0x1820, 0x1820, 0x1820, 0x1820, 0x1820, 0x1820,
  0x1820, 0x1820, 0x1820, 0x1820, 0x1820, 0x1820, 0x1820, 0x1820, 0x1820, 0x1820, 0x1820, 0x1820,
  0x1820, 0x1820, 0x1820, 0x1820, 0x1840, 0x1820, 0x1840, 0x1840, 0x1820, 0x1820, 0x1820, 0x1820,
  0x1820, 0x1820, 0x1820, 0x1820, 0x1820, 0x1820, 0x1820, 0x1820, 0x1820, 0x1820, 0x1820, 0x1820,
  0x1820, 0x1820, 0x1820, 0x1820, 0x1820, 0x1820, 0x1820, 0x1820, 0x1020, 0x1020, 0x1020, 0x1020,
  0x1020, 0x1820, 0x1020, 0x1020, 0x1020, 0x1020, 0x1020, 0x1020, 0x1020, 0x1020, 0x1020, 0x1020,
  0x1020, 0x1020, 0x1020, 0x1020, 0x1020, 0x1020, 0x1020, 0x1020, 0x1020, 0x1020, 0x1020, 0x1020,
  0x1020, 0x1020, 0x1020, 0x1020, 0x1020, 0x1020, 0x1020, 0x1020, 0x1020, 0x1020, 0x1020, 0x1020,
  0x1020, 0x1020, 0x1020, 0x1020, 0x1020, 0x1020, 0x1020, 0x1020, 0x1020, 0x1020, 0x1020, 0x1020,
  0x1020, 0x1020, 0x1020, 0x1020, 0x1020, 0x1020, 0x1020, 0x1020, 0x1020, 0x1020, 0x0820, 0x0820,
  0x0820, 0x0800, 0x0820, 0x0820, 0x0800, 0x0800, 0x0800, 0x0820, 0x0800, 0x0820, 0x0820, 0x0820,
  0x0800, 0x0800, 0x0820, 0x0820, 0x0800, 0x0820, 0x0800, 0x0800, 0x0820, 0x0800, 0x0800, 0x0800,
  0x0800, 0x0820, 0x0820, 0x0820, 0x0820, 0x0820, 0x0820, 0x0820, 0x0800, 0x0820, 0x0820, 0x0820,
  0x0800, 0x0820, 0x1020, 0x1020, 0x1020, 0x1020, 0x1020, 0x1020, 0x1020, 0x1020, 0x1020, 0x1020,
  0x1020, 0x1020, 0x1020, 0x1020, 0x1020, 0x1020, 0x1020, 0x1020, 0x1020, 0x1020, 0x1020, 0x1020,
  0x1020, 0x1020, 0x1020, 0x1020, 0x1020, 0x1020, 0x1020, 0x1020, 0x1020, 0x1020, 0x1020, 0x1020,
  0x1020, 0x1020, 0x1020, 0x1020, 0x1020, 0x1020, 0x1020, 0x1020, 0x1020, 0x1020, 0x1020, 0x1020,
  0x1020, 0x1020, 0x1020, 0x1020, 0x1020, 0x1020, 0x1020, 0x1020, 0x1020, 0x1020, 0x1020, 0x1020,
  0x1020, 0x1020, 0x1020, 0x1020, 0x1020, 0x1020, 0x1020, 0x1020, 0x1020, 0x1020, 0x1820, 0x1820,
  0x1820, 0x1820, 0x1820, 0x1820, 0x1820, 0x1820, 0x1820, 0x1840, 0x1820, 0x1820, 0x1820, 0x1820,
  0x1820, 0x1820, 0x1820, 0x1820, 0x1820, 0x1820, 0x1820, 0x1820, 0x1820, 0x1820, 0x1820, 0x1820,
  0x1820, 0x1820, 0x1820, 0x1820, 0x1820, 0x1820, 0x1820, 0x1820, 0x1820, 0x1820, 0x1820, 0x1840,
  0x1820, 0x1820, 0x1820, 0x1840, 0x1840, 0x1840, 0x1840, 0x1840, 0x1840, 0x1820, 0x1840, 0x1820,
  0x1820, 0x1820, 0x1820, 0x1820, 0x1840, 0x1840, 0x1840, 0x1840, 0x1840, 0x1840, 0x1840, 0x1840,
  0x1820, 0x1820, 0x1820, 0x1820, 0x1840, 0x1820, 0x1820, 0x1820, 0x1820, 0x1820, 0x1820, 0x1820,
  0x1820, 0x1820, 0x1820, 0x1020, 0x1820, 0x1020, 0x1020, 0x1020, 0x1020, 0x1020, 0x1020, 0x1020,
  0x1020, 0x1020, 0x1020, 0x1020, 0x1020, 0x1020, 0x1020, 0x1020, 0x1020, 0x1020, 0x1020, 0x1020,
  0x1020, 0x1020, 0x1020, 0x1020, 0x1020, 0x1020, 0x1020, 0x1020, 0x1020, 0x1020, 0x1020, 0x1020,
  0x1020, 0x1020, 0x1020, 0x1020, 0x1020, 0x1020, 0x1020, 0x1020, 0x1020, 0x1020, 0x1020, 0x1020,
  0x1020, 0x1020, 0x1020, 0x1020, 0x1020, 0x1020, 0x1020, 0x1020, 0x1020, 0x1020, 0x1020, 0x1020,
  0x0820, 0x0820, 0x0800, 0x0820, 0x0820, 0x0800, 0x0800, 0x0820, 0x0820, 0x0820, 0x0820, 0x0800,
  0x0820, 0x0820, 0x0820, 0x0820, 0x0820, 0x0800, 0x0800, 0x0800, 0x0800, 0x0820, 0x0820, 0x0800,
  0x0800, 0x0820, 0x0820, 0x0820, 0x0820, 0x0820, 0x0820, 0x0800, 0x0800, 0x0800, 0x0800, 0x1000,
  0x1020, 0x1020, 0x1020, 0x1020, 0x1020, 0x1020, 0x1020, 0x1020, 0x1020, 0x1020, 0x1020, 0x1020,
  0x1020, 0x1020, 0x1020, 0x1020, 0x1020, 0x1020, 0x1020, 0x1020, 0x1020, 0x1020, 0x1020, 0x1020,
  0x1020, 0x1020, 0x1020, 0x1020, 0x1020, 0x1020, 0x1020, 0x1020, 0x1020, 0x1020, 0x1020, 0x1020,
  0x1020, 0x1020, 0x1020, 0x1020, 0x1020, 0x1020, 0x1020, 0x1020, 0x1020, 0x1020, 0x1020, 0x1020,
  0x1020, 0x1020, 0x1020, 0x1820, 0x1020, 0x1020, 0x1020, 0x1020, 0x1020, 0x1820, 0x1820, 0x1820,
  0x1820, 0x1820, 0x1020, 0x1020, 0x1820, 0x1820, 0x1820, 0x1820, 0x1820, 0x1820, 0x1820, 0x1820,
  0x1820, 0x1820, 0x1820, 0x1820, 0x1820, 0x1820, 0x1820, 0x1820, 0x1820, 0x1820, 0x1820, 0x1820,
  0x1840, 0x1820, 0x1820, 0x1820, 0x1820, 0x1820, 0x1820, 0x1820, 0x1840, 0x1840, 0x1840, 0x1820,
  0x1840, 0x1840, 0x1840, 0x1840, 0x1840, 0x1820, 0x1840, 0x1840, 0x1820, 0x1840, 0x1840, 0x1840,
  0x1840, 0x1820, 0x1840, 0x1840, 0x1840, 0x1820, 0x1840, 0x1840, 0x1840, 0x1820, 0x1820, 0x1820,
  0x1820, 0x1820, 0x1840, 0x1840, 0x1820, 0x1820, 0x1820, 0x1820, 0x1820, 0x1820, 0x1820, 0x1820,
  0x1840, 0x1820, 0x1820, 0x1820, 0x1840, 0x1840, 0x1820, 0x1820, 0x1820, 0x1820, 0x1820, 0x1820,
  0x1820, 0x1820, 0x1820, 0x1820, 0x1820, 0x1820, 0x1820, 0x1020, 0x1020, 0x1020, 0x1020, 0x1020,
  0x1020, 0x1820, 0x1820, 0x1020, 0x1020, 0x1020, 0x1020, 0x1020, 0x1020, 0x1020, 0x1020, 0x1020,
  0x1020, 0x1020, 0x1020, 0x1020, 0x1020, 0x1020, 0x1020, 0x1020, 0x1020, 0x1020, 0x1020, 0x1020,
  0x1020, 0x1020, 0x1020, 0x1020, 0x1020, 0x1020, 0x1020, 0x1020, 0x1020, 0x1020, 0x1020, 0x1020,
  0x1020, 0x1020, 0x1020, 0x1020, 0x1020, 0x1020, 0x1020, 0x1020, 0x1020, 0x1020, 0x1020, 0x1020,
  0x0820, 0x0820, 0x0820, 0x0800, 0x0800, 0x0820, 0x0820, 0x0820, 0x0820, 0x0820, 0x0820, 0x0820,
  0x0800, 0x0820, 0x0820, 0x0820, 0x0820, 0x0820, 0x0800, 0x0820, 0x0820, 0x0800, 0x0820, 0x0800,
  0x0820, 0x0820, 0x0820, 0x0820, 0x0820, 0x0820, 0x1020, 0x1020, 0x1020, 0x0820, 0x1020, 0x1020,
  0x1020, 0x1020, 0x1020, 0x1020, 0x1020, 0x1020, 0x1020, 0x1020, 0x1020, 0x1020, 0x1020, 0x1020,
  0x1020, 0x1020, 0x1020, 0x1020, 0x1020, 0x1020, 0x1020, 0x1020, 0x1020, 0x1020, 0x1020, 0x1020,
  0x1020, 0x1020, 0x1020, 0x1020, 0x1020, 0x1020, 0x1020, 0x1020, 0x1020, 0x1020, 0x1020, 0x1020,
  0x1020, 0x1020, 0x1020, 0x1020, 0x1020, 0x1020, 0x1020, 0x1020, 0x1020, 0x1020, 0x1020, 0x1820,
  0x1820, 0x1820, 0x1820, 0x1820, 0x1820, 0x1820, 0x1820, 0x1820, 0x1820, 0x1820, 0x1820, 0x1820,
  0x1820, 0x1820, 0x1820, 0x1820, 0x1820, 0x1820, 0x1820, 0x1820, 0x1820, 0x1820, 0x1820, 0x1820,
  0x1820, 0x1820, 0x1820, 0x1820, 0x1840, 0x1820, 0x1820, 0x1820, 0x1820, 0x1840, 0x1840, 0x1840,
  0x1840, 0x1840, 0x1840, 0x1840, 0x1840, 0x1820, 0x1840, 0x1840, 0x1840, 0x1840, 0x1820, 0x1840,
  0x1840, 0x1840, 0x1840, 0x1840, 0x1840, 0x1820, 0x1840, 0x1840, 0x1820, 0x1840, 0x1840, 0x1840,
  0x1840, 0x1840, 0x1840, 0x1840, 0x1840, 0x1840, 0x1840, 0x1840, 0x1840, 0x1840, 0x1840, 0x1840,
  0x1840, 0x1840, 0x1840, 0x1840, 0x1840, 0x1840, 0x1820, 0x1820, 0x1820, 0x1840, 0x1840, 0x1840,
  0x1840, 0x1820, 0x1820, 0x1820, 0x1840, 0x1840, 0x1820, 0x1820, 0x1820, 0x1820, 0x1820, 0x1820,
  0x1820, 0x1820, 0x1820, 0x1840, 0x1820, 0x1820, 0x1820, 0x1820, 0x1820, 0x1820, 0x1820, 0x1820,
  0x1820, 0x1820, 0x1820, 0x1820, 0x1840, 0x1820, 0x1820, 0x1820, 0x1820, 0x1820, 0x1020, 0x1020,
  0x1020, 0x1020, 0x1020, 0x1020, 0x1020, 0x1020, 0x1020, 0x1020, 0x1020, 0x1020, 0x1020, 0x1020,
  0x1020, 0x1020, 0x1020, 0x1020, 0x1020, 0x1020, 0x1020, 0x1020, 0x1020, 0x1020, 0x1020, 0x1020,
  0x1020, 0x1020, 0x1020, 0x1020, 0x1020, 0x1020, 0x1020, 0x1020, 0x1020, 0x1020, 0x1020, 0x1020,
  0x0820, 0x0820, 0x0820, 0x0800, 0x0800, 0x0800, 0x0820, 0x0820, 0x0820, 0x0820, 0x0820, 0x0820,
  0x0820, 0x0820, 0x0820, 0x0820, 0x0800, 0x0800, 0x0820, 0x0800, 0x0800, 0x0820, 0x0820, 0x0820,
  0x0820, 0x0820, 0x1020, 0x1000, 0x1020, 0x1020, 0x1020, 0x1020, 0x1020, 0x1020, 0x1020, 0x1020,
  0x1020, 0x1020, 0x1020, 0x1020, 0x1020, 0x1020, 0x1020, 0x1020, 0x1020, 0x1020, 0x1020, 0x1020,
  0x1020, 0x1020, 0x1020, 0x1020, 0x1020, 0x1020, 0x1020, 0x1020, 0x1020, 0x1020, 0x1020, 0x1020,
  0x1020, 0x1020, 0x1020, 0x1020, 0x1020, 0x1020, 0x1020, 0x1020, 0x1020, 0x1020, 0x1020, 0x1020,
  0x1020, 0x1020, 0x1020, 0x1020, 0x1020, 0x1020, 0x1820, 0x1820, 0x1820, 0x1820, 0x1820, 0x1820,
  0x1820, 0x1820, 0x1820, 0x1820, 0x1820, 0x1820, 0x1820, 0x1820, 0x1820, 0x1840, 0x1840, 0x1820,
  0x1820, 0x1820, 0x1820, 0x1820, 0x1820, 0x1820, 0x1820, 0x1820, 0x1820, 0x1820, 0x1820, 0x1820,
  0x1840, 0x1820, 0x1820, 0x1840, 0x1840, 0x1840, 0x1840, 0x1840, 0x1840, 0x1840, 0x1840, 0x1840,
  0x1840, 0x1840, 0x1840, 0x1840, 0x1840, 0x1840, 0x1840, 0x1840, 0x1840, 0x1840, 0x1840, 0x1820,
  0x1840, 0x1820, 0x1840, 0x1840, 0x1840, 0x1840, 0x1840, 0x1840, 0x1840, 0x1840, 0x1840, 0x1840,
  0x1840, 0x1840, 0x1840, 0x1840, 0x1840, 0x1840, 0x1840, 0x1840, 0x1840, 0x1840, 0x1840, 0x1840,
  0x1840, 0x1840, 0x1840, 0x1840, 0x1840, 0x1840, 0x1840, 0x1840, 0x1840, 0x1840, 0x1840, 0x1840,
  0x1840, 0x1840, 0x1840, 0x1840, 0x1840, 0x1840, 0x1840, 0x1840, 0x1840, 0x1840, 0x1840, 0x1820,
  0x1820, 0x1820, 0x1820, 0x1820, 0x1820, 0x1820, 0x1820, 0x1820, 0x1820, 0x1820, 0x1820, 0x1820,
  0x1820, 0x1820, 0x1820, 0x1840, 0x1820, 0x1820, 0x1820, 0x1820, 0x1820, 0x1820, 0x1820, 0x1820,
  0x1020, 0x1020, 0x1020, 0x1020, 0x1020, 0x1020, 0x1020, 0x1020, 0x1020, 0x1020, 0x1020, 0x1020,
  0x1020, 0x1020, 0x1020, 0x1020, 0x1020, 0x1020, 0x1020, 0x1020, 0x1020, 0x1020, 0x1020, 0x1020,
  0x1020, 0x1020, 0x1020, 0x1020, 0x1020, 0x1020, 0x1020, 0x1020, 0x1020, 0x1020, 0x1020, 0x1020,
  0x0800, 0x0800, 0x0800, 0x0800, 0x0820, 0x0820, 0x0800, 0x0820, 0x0820, 0x0820, 0x0820, 0x0820,
  0x0820, 0x0820, 0x0800, 0x0800, 0x0820, 0x0800, 0x0820, 0x0800, 0x0820, 0x0820, 0x0820, 0x0820,
  0x1020, 0x1000, 0x1020, 0x1020, 0x1020, 0x1020, 0x1020, 0x1020, 0x1020, 0x1020, 0x1020, 0x1020,
  0x1020, 0x1020, 0x1020, 0x1020, 0x1020, 0x1020, 0x1020, 0x1020, 0x1020, 0x1020, 0x1020, 0x1020,
  0x1020, 0x1020, 0x1020, 0x1020, 0x1020, 0x1020, 0x1020, 0x1020, 0x1020, 0x1020, 0x1020, 0x1020,
  0x1020, 0x1020, 0x1020, 0x1020, 0x1020, 0x1020, 0x1020, 0x1020, 0x1020, 0x1020, 0x1020, 0x1020,
  0x1020, 0x1020, 0x1020, 0x1820, 0x1020, 0x1020, 0x1820, 0x1820, 0x1820, 0x1820, 0x1820, 0x1820,
  0x1820, 0x1820, 0x1820, 0x1820, 0x1820, 0x1820, 0x1820, 0x1820, 0x1820, 0x1820, 0x1820, 0x1840,
  0x1820, 0x1820, 0x1820, 0x1820, 0x1820, 0x1820, 0x1820, 0x1820, 0x1840, 0x1840, 0x1820, 0x1840,
  0x1840, 0x1840, 0x1840, 0x1840, 0x1840, 0x1840, 0x1840, 0x1840, 0x1840, 0x1840, 0x1840, 0x1840,
  0x1840, 0x1840, 0x1840, 0x1840, 0x1840, 0x1840, 0x1840, 0x1820, 0x1840, 0x1840, 0x1840, 0x1840,
  0x1840, 0x1840, 0x1840, 0x1840, 0x1840, 0x1840, 0x1840, 0x1840, 0x1840, 0x1840, 0x1840, 0x1840,
  0x1840, 0x1840, 0x1840, 0x1840, 0x1840, 0x1840, 0x1840, 0x1840, 0x1840, 0x1840, 0x1840, 0x1840,
  0x1840, 0x1840, 0x1840, 0x1840, 0x1840, 0x1840, 0x1840, 0x1840, 0x1840, 0x1840, 0x1840, 0x1840,
  0x1840, 0x1840, 0x1840, 0x1840, 0x1840, 0x1840, 0x1840, 0x1840, 0x1840, 0x1840, 0x1840, 0x1840,
  0x1840, 0x1840, 0x1840, 0x1840, 0x1840, 0x1840, 0x1840, 0x1820, 0x1820, 0x1820, 0x1820, 0x1820,
  0x1820, 0x1820, 0x1840, 0x1820, 0x1820, 0x1820, 0x1820, 0x1820, 0x1820, 0x1820, 0x1820, 0x1820,
  0x1820, 0x1820, 0x1820, 0x1820, 0x1020, 0x1020, 0x1020, 0x1020, 0x1020, 0x1020, 0x1020, 0x1020,
  0x1020, 0x1020, 0x1020, 0x1020, 0x1020, 0x1020, 0x1020, 0x1020, 0x1020, 0x1020, 0x1020, 0x1020,
  0x1020, 0x1020, 0x1020, 0x1020, 0x1020, 0x1020, 0x1020, 0x1020, 0x1020, 0x1020, 0x1020, 0x1020,
  0x0820, 0x0820, 0x0800, 0x0800, 0x0820, 0x0820, 0x0800, 0x0820, 0x0820, 0x0820, 0x0820, 0x0820,
  0x0820, 0x0820, 0x0820, 0x0820, 0x0820, 0x0820, 0x0800, 0x0820, 0x1020, 0x0820, 0x0820, 0x1020,
  0x1020, 0x1020, 0x1020, 0x1020, 0x1020, 0x1020, 0x1020, 0x1020, 0x1020, 0x1020, 0x1020, 0x1020,
  0x1020, 0x1020, 0x1020, 0x1020, 0x1020, 0x1020, 0x1020, 0x1020, 0x1020, 0x1020, 0x1020, 0x1020,
  0x1020, 0x1020, 0x1020, 0x1020, 0x1020, 0x1020, 0x1020, 0x1020, 0x1020, 0x1020, 0x1020, 0x1020,
  0x1020, 0x1020, 0x1020, 0x1020, 0x1020, 0x1020, 0x1020, 0x1020, 0x1020, 0x1020, 0x1020, 0x1820,
  0x1820, 0x1820, 0x1820, 0x1820, 0x1820, 0x1820, 0x1820, 0x1820, 0x1820, 0x1820, 0x1820, 0x1820,
  0x1820, 0x1820, 0x1820, 0x1840, 0x1820, 0x1820, 0x1820, 0x1820, 0x1820, 0x1820, 0x1820, 0x1820,
  0x1820, 0x1820, 0x1820, 0x1820, 0x1840, 0x1840, 0x1840, 0x1840, 0x1840, 0x1840, 0x1840, 0x1840,
  0x1840, 0x1820, 0x1840, 0x1840, 0x1840, 0x1840, 0x1840, 0x1840, 0x1840, 0x1840, 0x1840, 0x1840,
  0x1840, 0x1840, 0x1840, 0x1840, 0x1840, 0x1840, 0x1840, 0x1840, 0x1840, 0x1840, 0x1840, 0x1840,
  0x1840, 0x1840, 0x1840, 0x1840, 0x1840, 0x1840, 0x1840, 0x1840, 0x1840, 0x1840, 0x1840, 0x1840,
  0x1840, 0x1840, 0x1840, 0x1840, 0x1840, 0x1840, 0x1840, 0x1840, 0x1840, 0x1840, 0x1840, 0x1840,
  0x1840, 0x1840, 0x1840, 0x1840, 0x1840, 0x1840, 0x1840, 0x1840, 0x1840, 0x1840, 0x1840, 0x1840,
  0x1840, 0x1840, 0x1840, 0x1840, 0x1840, 0x1840, 0x1840, 0x1840, 0x1840, 0x1840, 0x1840, 0x1840,
  0x1840, 0x1840, 0x1840, 0x1840, 0x1840, 0x1840, 0x1840, 0x1840, 0x1840, 0x1840, 0x1820, 0x1820,
  0x1820, 0x1820, 0x1840, 0x1840, 0x1820, 0x1820, 0x1820, 0x1820, 0x1820, 0x1820, 0x1820, 0x1820,
  0x1820, 0x1820, 0x1820, 0x1820, 0x1820, 0x1820, 0x1820, 0x1820, 0x1020, 0x1820, 0x1020, 0x1020,
  0x1020, 0x1020, 0x1020, 0x1020, 0x1020, 0x1020, 0x1020, 0x1020, 0x1020, 0x1020, 0x1020, 0x1020,
  0x1020, 0x1020, 0x1020, 0x1020, 0x1020, 0x1020, 0x1020, 0x1020, 0x1020, 0x1020, 0x1020, 0x1020,
  0x0820, 0x0820, 0x0820, 0x0820, 0x0820, 0x0800, 0x0820, 0x0820, 0x0820, 0x0820, 0x0820, 0x0820,
  0x0820, 0x0820, 0x0820, 0x0820, 0x1020, 0x1020, 0x0820, 0x1020, 0x1020, 0x1020, 0x1020, 0x1020,
  0x1020, 0x1020, 0x1020, 0x1020, 0x1020, 0x1020, 0x1020, 0x1020, 0x1020, 0x1020, 0x1020, 0x1020,
  0x1020, 0x1020, 0x1020, 0x1020, 0x1020, 0x1020, 0x1020, 0x1020, 0x1020, 0x1020, 0x1020, 0x1020,
  0x1020, 0x1020, 0x1020, 0x1020, 0x1020, 0x1020, 0x1020, 0x1020, 0x1020, 0x1020, 0x1020, 0x1020,
  0x1020, 0x1020, 0x1020, 0x1020, 0x1020, 0x1020, 0x1020, 0x1020, 0x1820, 0x1820, 0x1820, 0x1820,
  0x1820, 0x1820, 0x1820, 0x1820, 0x1820, 0x1820, 0x1820, 0x1820, 0x1820, 0x1820, 0x1820, 0x1820,
  0x1820, 0x1820, 0x1820, 0x1820, 0x1820, 0x1820, 0x1820, 0x1820, 0x1820, 0x1820, 0x1820, 0x1840,
  0x1840, 0x1840, 0x1840, 0x1840, 0x1820, 0x1840, 0x1840, 0x1840, 0x1840, 0x1840, 0x1840, 0x1840,
  0x1840, 0x1840, 0x1840, 0x1840, 0x1840, 0x1840, 0x1840, 0x1840, 0x1840, 0x1840, 0x1840, 0x1840,
  0x1840, 0x1840, 0x1840, 0x1840, 0x1840, 0x1840, 0x1840, 0x1840, 0x1840, 0x1840, 0x1840, 0x1840,
  0x1840, 0x2040, 0x1840, 0x1840, 0x1840, 0x2040, 0x2040, 0x2040, 0x2040, 0x2040, 0x1840, 0x1840,
  0x1840, 0x1840, 0x2040, 0x1840, 0x1840, 0x1840, 0x1840, 0x1840, 0x1840, 0x1840, 0x1840, 0x1840,
  0x1840, 0x1840, 0x1840, 0x1840, 0x1840, 0x1840, 0x1840, 0x1840, 0x1840, 0x1840, 0x1840, 0x1840,
  0x1840, 0x1840, 0x1840, 0x1840, 0x1840, 0x1840, 0x1840, 0x1840, 0x1840, 0x1840, 0x1840, 0x1840,
  0x1840, 0x1840, 0x1840, 0x1840, 0x1840, 0x1840, 0x1840, 0x1840, 0x1840, 0x1840, 0x1840, 0x1840,
  0x1840, 0x1840, 0x1840, 0x1820, 0x1820, 0x1820, 0x1820, 0x1840, 0x1820, 0x1820, 0x1820, 0x1820,
  0x1820, 0x1820, 0x1820, 0x1820, 0x1820, 0x1820, 0x1820, 0x1820, 0x1820, 0x1820, 0x1020, 0x1020,
  0x1020, 0x1020, 0x1020, 0x1020, 0x1020, 0x1020, 0x1020, 0x1020, 0x1020, 0x1020, 0x1020, 0x1020,
  0x1020, 0x1020, 0x1020, 0x1020, 0x1020, 0x1020, 0x1020, 0x1020, 0x1020, 0x1020, 0x1020, 0x1020,
  0x0800, 0x0800, 0x0800, 0x0820, 0x0820, 0x0820, 0x0800, 0x0820, 0x0820, 0x0820, 0x0820, 0x0820,
  0x0820, 0x0820, 0x1020, 0x1020, 0x1020, 0x1020, 0x1020, 0x1020, 0x1020, 0x1020, 0x1020, 0x1020,
  0x1020, 0x1020, 0x1020, 0x1020, 0x1020, 0x1020, 0x1020, 0x1020, 0x1020, 0x1020, 0x1020, 0x1020,
  0x1020, 0x1020, 0x1020, 0x1020, 0x1020, 0x1020, 0x1020, 0x1020, 0x1020, 0x1020, 0x1020, 0x1020,
  0x1020, 0x1020, 0x1020, 0x1020, 0x1020, 0x1020, 0x1020, 0x1020, 0x1020, 0x1020, 0x1020, 0x1020,
  0x1020, 0x1020, 0x1020, 0x1820, 0x1820, 0x1820, 0x1820, 0x1820, 0x1820, 0x1820, 0x1820, 0x1820,
  0x1820, 0x1820, 0x1820, 0x1820, 0x1820, 0x1840, 0x1820, 0x1840, 0x1840, 0x1820, 0x1820, 0x1820,
  0x1820, 0x1840, 0x1820, 0x1820, 0x1820, 0x1820, 0x1820, 0x1820, 0x1840, 0x1840, 0x1840, 0x1840,
  0x1840, 0x1840, 0x1840, 0x1820, 0x1840, 0x1840, 0x1840, 0x1840, 0x1840, 0x1840, 0x1840, 0x1840,
  0x1840, 0x1840, 0x1840, 0x1840, 0x1840, 0x1840, 0x1840, 0x1840, 0x1840, 0x1840, 0x1840, 0x1840,
  0x1840, 0x1840, 0x1840, 0x1840, 0x1840, 0x1840, 0x1840, 0x1840, 0x1840, 0x1840, 0x1840, 0x1840,
  0x2040, 0x2040, 0x2040, 0x1840, 0x1840, 0x2040, 0x2040, 0x2040, 0x2040, 0x2040, 0x2040, 0x2040,
  0x2040, 0x2040, 0x2040, 0x2040, 0x2040, 0x2040, 0x2040, 0x2040, 0x2040, 0x2040, 0x2040, 0x2040,
  0x2040, 0x2040, 0x1840, 0x1840, 0x1840, 0x2040, 0x2040, 0x2040, 0x1840, 0x1840, 0x1840, 0x1840,
  0x1840, 0x1840, 0x1840, 0x1840, 0x1840, 0x1840, 0x1840, 0x1840, 0x1840, 0x1840, 0x1840, 0x1840,
  0x1840, 0x1840, 0x1840, 0x1840, 0x1840, 0x1840, 0x1840, 0x1840, 0x1840, 0x1840, 0x1840, 0x1840,
  0x1840, 0x1840, 0x1840, 0x1840, 0x1840, 0x1840, 0x1840, 0x1840, 0x1840, 0x1820, 0x1820, 0x1820,
  0x1820, 0x1820, 0x1840, 0x1820, 0x1820, 0x1820, 0x1840, 0x1840, 0x1820, 0x1820, 0x1820, 0x1820,
  0x1820, 0x1820, 0x1820, 0x1820, 0x1820, 0x1020, 0x1020, 0x1020, 0x1020, 0x1020, 0x1020, 0x1020,
  0x1020, 0x1020, 0x1020, 0x1020, 0x1020, 0x1020, 0x1020, 0x1020, 0x1020, 0x1020, 0x1020, 0x1020,
  0x0820, 0x0800, 0x0800, 0x0820, 0x0820, 0x0820, 0x0820, 0x0820, 0x0820, 0x0800, 0x0820, 0x0820,
  0x0820, 0x1020, 0x1020, 0x1020, 0x1020, 0x1020, 0x1020, 0x1020, 0x1020, 0x1020, 0x1020, 0x1020,
  0x1020, 0x1020, 0x1020, 0x1020, 0x1020, 0x1020, 0x1020, 0x1020, 0x1020, 0x1020, 0x1020, 0x1020,
  0x1020, 0x1020, 0x1020, 0x1020, 0x1020, 0x1020, 0x1020, 0x1020, 0x1020, 0x1020, 0x1020, 0x1020,
  0x1020, 0x1020, 0x1020, 0x1020, 0x1020, 0x1020, 0x1020, 0x1020, 0x1020, 0x1020, 0x1820, 0x1820,
  0x1820, 0x1820, 0x1820, 0x1820, 0x1820, 0x1820, 0x1820, 0x1820, 0x1820, 0x1820, 0x1840, 0x1840,
  0x1820, 0x1820, 0x1820, 0x1820, 0x1820, 0x1820, 0x1820, 0x1820, 0x1820, 0x1820, 0x1840, 0x1820,
  0x1820, 0x1840, 0x1840, 0x1840, 0x1840, 0x1840, 0x1840, 0x1840, 0x1840, 0x1840, 0x1840, 0x1840,
  0x1840, 0x1840, 0x1840, 0x1840, 0x1840, 0x1840, 0x1840, 0x1840, 0x1840, 0x1840, 0x1840, 0x1840,
  0x1840, 0x1840, 0x1840, 0x1840, 0x1840, 0x2040, 0x1840, 0x1840, 0x2040, 0x1840, 0x2040, 0x1840,
  0x2040, 0x2040, 0x2040, 0x2040, 0x2040, 0x2040, 0x2040, 0x2040, 0x2040, 0x2040, 0x2040, 0x2040,
  0x2040, 0x2040, 0x2040, 0x2040, 0x2040, 0x2040, 0x2040, 0x2040, 0x2040, 0x2040, 0x2040, 0x2040,
  0x2040, 0x2040, 0x2040, 0x2040, 0x2040, 0x2040, 0x2040, 0x2040, 0x2040, 0x2040, 0x2040, 0x2040,
  0x2040, 0x2040, 0x2040, 0x2040, 0x2040, 0x2040, 0x2040, 0x2040, 0x2040, 0x2040, 0x2040, 0x2040,
  0x2040, 0x2040, 0x2040, 0x2040, 0x2040, 0x2040, 0x2040, 0x2040, 0x1840, 0x1840, 0x1840, 0x1840,
  0x1840, 0x1840, 0x1840, 0x1840, 0x1840, 0x1840, 0x1840, 0x1840, 0x1840, 0x1840, 0x1840, 0x1840,
  0x1840, 0x1840, 0x1840, 0x1840, 0x1840, 0x1840, 0x1840, 0x1840, 0x1840, 0x1840, 0x1840, 0x1820,
  0x1840, 0x1820, 0x1840, 0x1840, 0x1840, 0x1840, 0x1820, 0x1820, 0x1820, 0x1820, 0x1820, 0x1820,
  0x1820, 0x1840, 0x1840, 0x1840, 0x1820, 0x1820, 0x1820, 0x1020, 0x1020, 0x1020, 0x1020, 0x1020,
  0x1020, 0x1020, 0x1020, 0x1020, 0x1020, 0x1020, 0x1020, 0x1020, 0x1020, 0x1020, 0x1020, 0x1020,
  0x0820, 0x0820, 0x0820, 0x0800, 0x0820, 0x0820, 0x0820, 0x0820, 0x0820, 0x0820, 0x0820, 0x0820,
  0x0800, 0x1020, 0x1020, 0x1020, 0x1020, 0x1020, 0x1020, 0x1020, 0x1020, 0x1020, 0x1020, 0x1020,
  0x1020, 0x1020, 0x1020, 0x1020, 0x1020, 0x1020, 0x1020, 0x1020, 0x1020, 0x1020, 0x1020, 0x1020,
  0x1020, 0x1020, 0x1020, 0x1020, 0x1020, 0x1020, 0x1020, 0x1020, 0x1020, 0x1020, 0x1020, 0x1020,
  0x1020, 0x1020, 0x1020, 0x1020, 0x1020, 0x1020, 0x1020, 0x1820, 0x1820, 0x1820, 0x1820, 0x1820,
  0x1820, 0x1820, 0x1820, 0x1820, 0x1820, 0x1820, 0x1820, 0x1820, 0x1840, 0x1840, 0x1840, 0x1840,
  0x1840, 0x1840, 0x1840, 0x1840, 0x1820, 0x1820, 0x1840, 0x1820, 0x1840, 0x1840, 0x1840, 0x1840,
  0x1840, 0x1840, 0x1840, 0x1840, 0x1840, 0x1840, 0x1840, 0x1840, 0x1840, 0x1840, 0x1840, 0x1840,
  0x1840, 0x1840, 0x1840, 0x1840, 0x1840, 0x1840, 0x1840, 0x1840, 0x1840, 0x1840, 0x1840, 0x1840,
  0x1840, 0x2040, 0x2040, 0x2040, 0x2040, 0x2040, 0x2040, 0x2040, 0x2040, 0x2040, 0x2040, 0x2040,
  0x2040, 0x2040, 0x2040, 0x2040, 0x2040, 0x2040, 0x2040, 0x2040, 0x2040, 0x2040, 0x2040, 0x2040,
  0x2040, 0x2040, 0x2040, 0x2040, 0x2040, 0x2040, 0x2040, 0x2040, 0x2040, 0x2040, 0x2040, 0x2040,
  0x2040, 0x2040, 0x2040, 0x2040, 0x2040, 0x2040, 0x2040, 0x2040, 0x2040, 0x2040, 0x2040, 0x2040,
  0x2040, 0x2040, 0x2040, 0x2040, 0x2040, 0x2040, 0x2040, 0x2040, 0x2040, 0x2040, 0x2040, 0x2040,
  0x2040, 0x2040, 0x2040, 0x2040, 0x2040, 0x2040, 0x2040, 0x2040, 0x2040, 0x2040, 0x2040, 0x2040,
  0x2040, 0x2040, 0x2040, 0x2040, 0x1840, 0x1840, 0x1840, 0x1840, 0x1840, 0x1840, 0x1840, 0x1840,
  0x1840, 0x1840, 0x1840, 0x1840, 0x1840, 0x1840, 0x1840, 0x1840, 0x1840, 0x1840, 0x1840, 0x1840,
  0x1840, 0x1840, 0x1840, 0x1840, 0x1840, 0x1820, 0x1820, 0x1820, 0x1820, 0x1820, 0x1820, 0x1840,
  0x1840, 0x1840, 0x1840, 0x1840, 0x1820, 0x1820, 0x1840, 0x1820, 0x1820, 0x1020, 0x1020, 0x1020,
  0x1020, 0x1020, 0x1020, 0x1020, 0x1020, 0x1020, 0x1020, 0x1020, 0x1020, 0x1020, 0x1020, 0x1020,
  0x0820, 0x0820, 0x0820, 0x0800, 0x0820, 0x0820, 0x0820, 0x0820, 0x0820, 0x0820, 0x0800, 0x0800,
  0x1000, 0x1020, 0x1020, 0x1020, 0x1020, 0x1020, 0x1020, 0x1020, 0x1020, 0x1020, 0x1020, 0x1020,
  0x1020, 0x1020, 0x1020, 0x1020, 0x1020, 0x1020, 0x1020, 0x1020, 0x1020, 0x1020, 0x1020, 0x1020,
  0x1020, 0x1020, 0x1020, 0x1020, 0x1020, 0x1020, 0x1020, 0x1020, 0x1020, 0x1020, 0x1020, 0x1020,
  0x1020, 0x1020, 0x1020, 0x1020, 0x1020, 0x1820, 0x1820, 0x1820, 0x1820, 0x1820, 0x1820, 0x1820,
  0x1820, 0x1820, 0x1820, 0x1820, 0x1840, 0x1820, 0x1840, 0x1840, 0x1820, 0x1820, 0x1820, 0x1840,
  0x1820, 0x1820, 0x1840, 0x1820, 0x1820, 0x1820, 0x1840, 0x1840, 0x1840, 0x1840, 0x1840, 0x1840,
  0x1840, 0x1840, 0x1840, 0x1840, 0x1840, 0x1840, 0x1820, 0x1840, 0x1840, 0x1840, 0x1840, 0x1840,
  0x1840, 0x1840, 0x2040, 0x1840, 0x1840, 0x1840, 0x2040, 0x2040, 0x2040, 0x2040, 0x2040, 0x2040,
  0x2040, 0x2040, 0x2040, 0x2040, 0x2040, 0x2040, 0x2040, 0x2040, 0x2040, 0x2040, 0x2040, 0x2040,
  0x2040, 0x2040, 0x2040, 0x2040, 0x2040, 0x2040, 0x2040, 0x2040, 0x2040, 0x2040, 0x2040, 0x2040,
  0x2040, 0x2040, 0x2040, 0x2040, 0x2040, 0x2040, 0x2040, 0x2040, 0x2040, 0x2040, 0x2040, 0x2040,
  0x2040, 0x2040, 0x2040, 0x2040, 0x2040, 0x2040, 0x2040, 0x2040, 0x2040, 0x2040, 0x2040, 0x2040,
  0x2040, 0x2040, 0x2040, 0x2040, 0x2040, 0x2040, 0x2040, 0x2040, 0x2040, 0x2040, 0x2040, 0x2040,
  0x2040, 0x2040, 0x2040, 0x2040, 0x2040, 0x2040, 0x2040, 0x2040, 0x2040, 0x2040, 0x2040, 0x2040,
  0x2040, 0x2040, 0x2040, 0x2040, 0x2040, 0x2040, 0x2040, 0x1840, 0x2040, 0x1840, 0x1840, 0x1840,
  0x1840, 0x1840, 0x1840, 0x1840, 0x1840, 0x1840, 0x1840, 0x1840, 0x1840, 0x1840, 0x1840, 0x1840,
  0x1840, 0x1840, 0x1840, 0x1840, 0x1840, 0x1840, 0x1820, 0x1840, 0x1820, 0x1820, 0x1820, 0x1840,
  0x1820, 0x1840, 0x1840, 0x1840, 0x1840, 0x1820, 0x1840, 0x1820, 0x1820, 0x1820, 0x1820, 0x1820,
  0x1820, 0x1020, 0x1020, 0x1020, 0x1020, 0x1020, 0x1020, 0x1020, 0x1020, 0x1020, 0x1020, 0x1020,
  0x0820, 0x0820, 0x0800, 0x0820, 0x0820, 0x0820, 0x0820, 0x0820, 0x1020, 0x1020, 0x1020, 0x1020,
  0x1020, 0x1020, 0x1020, 0x1020, 0x1020, 0x1020, 0x1020, 0x1020, 0x1020, 0x1020, 0x1020, 0x1020,
  0x1020, 0x1020, 0x1020, 0x1020, 0x1020, 0x1020, 0x1020, 0x1020, 0x1020, 0x1020, 0x1020, 0x1020,
  0x1020, 0x1020, 0x1020, 0x1020, 0x1020, 0x1020, 0x1020, 0x1020, 0x1020, 0x1020, 0x1020, 0x1020,
  0x1020, 0x1820, 0x1820, 0x1820, 0x1820, 0x1820, 0x1820, 0x1820, 0x1820, 0x1820, 0x1820, 0x1820,
  0x1820, 0x1840, 0x1820, 0x1840, 0x1840, 0x1840, 0x1820, 0x1820, 0x1820, 0x1820, 0x1820, 0x1840,
  0x1840, 0x1840, 0x1840, 0x1840, 0x1840, 0x1840, 0x1840, 0x1840, 0x1840, 0x1840, 0x1840, 0x1840,
  0x1840, 0x1840, 0x1840, 0x1840, 0x1840, 0x1840, 0x1840, 0x2040, 0x2040, 0x2040, 0x2040, 0x2040,
  0x2040, 0x2040, 0x2040, 0x2040, 0x2040, 0x2040, 0x2040, 0x2040, 0x2040, 0x2040, 0x2040, 0x2040,
  0x2040, 0x2040, 0x2040, 0x2040, 0x2040, 0x2040, 0x2040, 0x2040, 0x2040, 0x2040, 0x2040, 0x2040,
  0x2040, 0x2040, 0x2040, 0x2040, 0x2040, 0x2040, 0x2040, 0x2040, 0x2040, 0x2040, 0x2040, 0x2040,
  0x2040, 0x2040, 0x2040, 0x2040, 0x2040, 0x2040, 0x2040, 0x2040, 0x2040, 0x2040, 0x2040, 0x2040,
  0x2040, 0x2040, 0x2040, 0x2040, 0x2040, 0x2040, 0x2040, 0x2040, 0x2040, 0x2040, 0x2040, 0x2040,
  0x2040, 0x2040, 0x2040, 0x2040, 0x2040, 0x2040, 0x2040, 0x2040, 0x2040, 0x2040, 0x2040, 0x2040,
  0x2040, 0x2040, 0x2040, 0x2040, 0x2040, 0x2040, 0x2040, 0x2040, 0x2040, 0x2040, 0x2040, 0x2040,
  0x2040, 0x2040, 0x2040, 0x2040, 0x2040, 0x2040, 0x2040, 0x2040, 0x2040, 0x2040, 0x2040, 0x2040,
  0x1840, 0x1840, 0x1840, 0x1840, 0x1840, 0x1840, 0x1840, 0x1840, 0x1840, 0x1840, 0x1840, 0x1840,
  0x1840, 0x1840, 0x1840, 0x1840, 0x1840, 0x1840, 0x1840, 0x1840, 0x1840, 0x1820, 0x1840, 0x1840,
  0x1820, 0x1840, 0x1820, 0x1820, 0x1820, 0x1820, 0x1840, 0x1820, 0x1820, 0x1820, 0x1820, 0x1820,
  0x1820, 0x1820, 0x1020, 0x1020, 0x1020, 0x1020, 0x1020, 0x1020, 0x1020, 0x1020, 0x1020, 0x1020,
  0x0820, 0x0820, 0x0820, 0x0820, 0x1020, 0x1020, 0x1020, 0x1020, 0x1020, 0x1020, 0x1020, 0x1020,
  0x1020, 0x1020, 0x1020, 0x1020, 0x1020, 0x1020, 0x1020, 0x1020, 0x1020, 0x1020, 0x1020, 0x1020,
  0x1020, 0x1020, 0x1020, 0x1020, 0x1020, 0x1020, 0x1020, 0x1020, 0x1020, 0x1020, 0x1020, 0x1020,
  0x1020, 0x1020, 0x1020, 0x1020, 0x1020, 0x1020, 0x1020, 0x1020, 0x1020, 0x1020, 0x1020, 0x1020,
  0x1820, 0x1820, 0x1820, 0x1820, 0x1820, 0x1820, 0x1820, 0x1820, 0x1820, 0x1840, 0x1820, 0x1840,
  0x1820, 0x1840, 0x1840, 0x1840, 0x1840, 0x1840, 0x1820, 0x1820, 0x1840, 0x1840, 0x1820, 0x1840,
  0x1840, 0x1840, 0x1840, 0x1840, 0x1840, 0x1840, 0x1840, 0x1840, 0x1840, 0x1840, 0x1840, 0x1840,
  0x1840, 0x1840, 0x1840, 0x1840, 0x2040, 0x2040, 0x1840, 0x2040, 0x2040, 0x2040, 0x2040, 0x2040,
  0x2040, 0x2040, 0x2040, 0x2040, 0x2040, 0x2040, 0x2040, 0x2040, 0x2040, 0x2040, 0x2040, 0x2040,
  0x2040, 0x2040, 0x2040, 0x2040, 0x2040, 0x2040, 0x2040, 0x2040, 0x2040, 0x2040, 0x2040, 0x2040,
  0x2040, 0x2040, 0x2040, 0x2040, 0x2040, 0x2040, 0x2040, 0x2040, 0x2040, 0x2040, 0x2040, 0x2040,
  0x2040, 0x2040, 0x2040, 0x2040, 0x2040, 0x2060, 0x2060, 0x2040, 0x2040, 0x2040, 0x2060, 0x2060,
  0x2060, 0x2040, 0x2040, 0x2040, 0x2040, 0x2040, 0x2040, 0x2060, 0x2040, 0x2040, 0x2040, 0x2040,
  0x2060, 0x2060, 0x2060, 0x2040, 0x2060, 0x2060, 0x2040, 0x2060, 0x2060, 0x2060, 0x2060, 0x2040,
  0x2040, 0x2060, 0x2040, 0x2040, 0x2040, 0x2060, 0x2040, 0x2060, 0x2060, 0x2040, 0x2040, 0x2040,
  0x2040, 0x2040, 0x2040, 0x2040, 0x2040, 0x2040, 0x2040, 0x2040, 0x2040, 0x2040, 0x2040, 0x2040,
  0x2040, 0x2040, 0x2040, 0x2040, 0x2040, 0x2040, 0x1840, 0x1840, 0x1840, 0x1840, 0x1840, 0x1840,
  0x1840, 0x1840, 0x1840, 0x1840, 0x1840, 0x1840, 0x1840, 0x1840, 0x1840, 0x1840, 0x1840, 0x1840,
  0x1840, 0x1820, 0x1840, 0x1820, 0x1820, 0x1840, 0x1840, 0x1840, 0x1820, 0x1820, 0x1820, 0x1820,
  0x1820, 0x1820, 0x1820, 0x1820, 0x1020, 0x1020, 0x1020, 0x1020, 0x1020, 0x1020, 0x1020, 0x1020,
  0x1020, 0x0800, 0x1020, 0x1020, 0x1020, 0x1020, 0x1020, 0x1020, 0x1020, 0x1020, 0x1020, 0x1020,
  0x1020, 0x1020, 0x1020, 0x1020, 0x1020, 0x1020, 0x1020, 0x1020, 0x1020, 0x1020, 0x1020, 0x1020,
  0x1020, 0x1020, 0x1020, 0x1020, 0x1020, 0x1020, 0x1020, 0x1020, 0x1020, 0x1020, 0x1020, 0x1020,
  0x1020, 0x1020, 0x1020, 0x1020, 0x1020, 0x1020, 0x1020, 0x1020, 0x1020, 0x1820, 0x1820, 0x1820,
  0x1820, 0x1820, 0x1820, 0x1820, 0x1820, 0x1820, 0x1840, 0x1820, 0x1820, 0x1840, 0x1840, 0x1820,
  0x1820, 0x1820, 0x1820, 0x1820, 0x1840, 0x1820, 0x1840, 0x1840, 0x1840, 0x1840, 0x1840, 0x1840,
  0x1840, 0x1840, 0x1840, 0x1840, 0x1840, 0x1840, 0x1840, 0x2040, 0x2040, 0x2040, 0x2040, 0x2040,
  0x2040, 0x2040, 0x2040, 0x2040, 0x2040, 0x2040, 0x2040, 0x2040, 0x2040, 0x2040, 0x2040, 0x2040,
  0x2040, 0x2040, 0x2040, 0x2040, 0x2040, 0x2040, 0x2040, 0x2040, 0x2040, 0x2040, 0x2040, 0x2040,
  0x2040, 0x2040, 0x2040, 0x2040, 0x2040, 0x2040, 0x2040, 0x2040, 0x2040, 0x2040, 0x2040, 0x2040,
  0x2040, 0x2040, 0x2040, 0x2040, 0x2040, 0x2040, 0x2040, 0x2040, 0x2040, 0x2040, 0x2040, 0x2040,
  0x2040, 0x2040, 0x2060, 0x2060, 0x2060, 0x2060, 0x2040, 0x2060, 0x2860, 0x2860, 0x2860, 0x2860,
  0x2060, 0x2040, 0x2060, 0x2040, 0x2860, 0x2860, 0x2860, 0x2060, 0x2060, 0x2060, 0x2860, 0x2060,
  0x2060, 0x2060, 0x2060, 0x2060, 0x2060, 0x2060, 0x2860, 0x2860, 0x2860, 0x2860, 0x2060, 0x2060,
  0x2060, 0x2060, 0x2040, 0x2060, 0x2060, 0x2060, 0x2040, 0x2060, 0x2060, 0x2060, 0x2060, 0x2060,
  0x2040, 0x2040, 0x2040, 0x2040, 0x2040, 0x2040, 0x2040, 0x2040, 0x2040, 0x2040, 0x2040, 0x2040,
  0x2040, 0x2040, 0x2040, 0x2040, 0x2040, 0x2040, 0x2040, 0x2040, 0x2040, 0x2040, 0x1840, 0x2040,
  0x2040, 0x2040, 0x1840, 0x1840, 0x1840, 0x1840, 0x1840, 0x1840, 0x1840, 0x1840, 0x1840, 0x1840,
  0x1840, 0x1840, 0x1840, 0x1820, 0x1820, 0x1820, 0x1820, 0x1820, 0x1840, 0x1820, 0x1820, 0x1820,
  0x1820, 0x1820, 0x1820, 0x1820, 0x1820, 0x1820, 0x1020, 0x1020, 0x1020, 0x1020, 0x1020, 0x1020,
  0x1020, 0x1020, 0x1020, 0x1020, 0x1020, 0x1020, 0x1020, 0x1020, 0x1020, 0x1020, 0x1020, 0x1020,
  0x1020, 0x1020, 0x1020, 0x1020, 0x1020, 0x1020, 0x1020, 0x1020, 0x1020, 0x1020, 0x1020, 0x1020,
  0x1020, 0x1020, 0x1020, 0x1020, 0x1020, 0x1020, 0x1020, 0x1020, 0x1020, 0x1020, 0x1020, 0x1020,
  0x1020, 0x1020, 0x1020, 0x1020, 0x1020, 0x1820, 0x1820, 0x1820, 0x1820, 0x1820, 0x1820, 0x1820,
  0x1820, 0x1820, 0x1840, 0x1820, 0x1820, 0x1820, 0x1840, 0x1840, 0x1840, 0x1820, 0x1840, 0x1820,
  0x1820, 0x1840, 0x1840, 0x1840, 0x1820, 0x1840, 0x1840, 0x1840, 0x1840, 0x1840, 0x1840, 0x1840,
  0x1840, 0x1840, 0x1840, 0x1840, 0x2040, 0x2040, 0x2040, 0x2040, 0x2040, 0x2040, 0x2040, 0x2040,
  0x2040, 0x2040, 0x2040, 0x2040, 0x2040, 0x2040, 0x2040, 0x2040, 0x2040, 0x2040, 0x2040, 0x2040,
  0x2040, 0x2040, 0x2040, 0x2040, 0x2040, 0x2040, 0x2040, 0x2040, 0x2040, 0x2040, 0x2040, 0x2040,
  0x2040, 0x2040, 0x2040, 0x2040, 0x2040, 0x2040, 0x2040, 0x2040, 0x2040, 0x2040, 0x2060, 0x2040,
  0x2060, 0x2060, 0x2040, 0x2040, 0x2040, 0x2040, 0x2040, 0x2040, 0x2040, 0x2040, 0x2040, 0x2040,
  0x2040, 0x2040, 0x2040, 0x2860, 0x2860, 0x2860, 0x2860, 0x2860, 0x2860, 0x2860, 0x2860, 0x2860,
  0x2860, 0x2860, 0x2860, 0x2860, 0x2860, 0x2860, 0x2860, 0x2860, 0x2860, 0x2860, 0x2860, 0x2860,
  0x2860, 0x2860, 0x2860, 0x2860, 0x2860, 0x2860, 0x2860, 0x2860, 0x2860, 0x2860, 0x2860, 0x2860,
  0x2860, 0x2060, 0x2860, 0x2860, 0x2060, 0x2860, 0x2060, 0x2060, 0x2060, 0x2060, 0x2060, 0x2060,
  0x2060, 0x2060, 0x2040, 0x2040, 0x2040, 0x2040, 0x2040, 0x2040, 0x2040, 0x2040, 0x2040, 0x2040,
  0x2040, 0x2040, 0x2040, 0x2040, 0x2040, 0x2040, 0x2040, 0x2040, 0x2040, 0x2040, 0x2040, 0x2040,
  0x2040, 0x2040, 0x2040, 0x1840, 0x1840, 0x1840, 0x1840, 0x1840, 0x1840, 0x1840, 0x1840, 0x1840,
  0x1840, 0x1840, 0x1840, 0x1840, 0x1840, 0x1840, 0x1840, 0x1820, 0x1820, 0x1820, 0x1840, 0x1840,
  0x1820, 0x1820, 0x1820, 0x1820, 0x1820, 0x1820, 0x1820, 0x1820, 0x1820, 0x1020, 0x1020, 0x1020,
  0x1020, 0x1020, 0x1020, 0x1020, 0x1020, 0x1020, 0x1020, 0x1020, 0x1020, 0x1020, 0x1020, 0x1020,
  0x1020, 0x1020, 0x1020, 0x1020, 0x1020, 0x1020, 0x1020, 0x1020, 0x1020, 0x1020, 0x1020, 0x1020,
  0x1020, 0x1020, 0x1020, 0x1020, 0x1020, 0x1020, 0x1020, 0x1020, 0x1020, 0x1020, 0x1020, 0x1020,
  0x1020, 0x1820, 0x1820, 0x1820, 0x1820, 0x1820, 0x1820, 0x1820, 0x1820, 0x1820, 0x1820, 0x1820,
  0x1840, 0x1840, 0x1840, 0x1820, 0x1820, 0x1840, 0x1820, 0x1820, 0x1840, 0x1840, 0x1840, 0x1820,
  0x1820, 0x1840, 0x1840, 0x1840, 0x1840, 0x1840, 0x1840, 0x1840, 0x1840, 0x1840, 0x1840, 0x1840,
  0x2040, 0x2040, 0x2040, 0x2040, 0x2040, 0x2040, 0x2040, 0x2040, 0x2040, 0x2040, 0x2040, 0x2040,
  0x2040, 0x2040, 0x2040, 0x2040, 0x2040, 0x2040, 0x2040, 0x2040, 0x2040, 0x2040, 0x2040, 0x2040,
  0x2040, 0x2040, 0x2040, 0x2040, 0x2040, 0x2040, 0x2040, 0x2040, 0x2040, 0x2040, 0x2040, 0x2040,
  0x2040, 0x2040, 0x2040, 0x2040, 0x2040, 0x2040, 0x2040, 0x2040, 0x2040, 0x2040, 0x2060, 0x2060,
  0x2060, 0x2060, 0x2060, 0x2060, 0x2060, 0x2860, 0x2840, 0x2840, 0x2060, 0x2040, 0x2060, 0x2860,
  0x2860, 0x2860, 0x2860, 0x2860, 0x2860, 0x2860, 0x2860, 0x2860, 0x2860, 0x2860, 0x2860, 0x2860,
  0x2860, 0x2860, 0x2860, 0x2860, 0x2860, 0x2860, 0x2860, 0x2860, 0x2860, 0x2860, 0x2860, 0x2860,
  0x2860, 0x2860, 0x2860, 0x2860, 0x2860, 0x2860, 0x2860, 0x2860, 0x2860, 0x2860, 0x2860, 0x2860,
  0x2860, 0x2860, 0x2860, 0x2860, 0x2860, 0x2860, 0x2860, 0x2860, 0x2060, 0x2860, 0x2860, 0x2060,
  0x2060, 0x2060, 0x2060, 0x2060, 0x2040, 0x2040, 0x2040, 0x2040, 0x2040, 0x2040, 0x2040, 0x2040,
  0x2040, 0x2040, 0x2040, 0x2040, 0x2040, 0x2040, 0x2040, 0x2040, 0x2040, 0x2040, 0x2040, 0x2040,
  0x2040, 0x2040, 0x2040, 0x2040, 0x1840, 0x1840, 0x1840, 0x1840, 0x1840, 0x1840, 0x1840, 0x1840,
  0x1840, 0x1840, 0x1840, 0x1840, 0x1840, 0x1840, 0x1840, 0x1840, 0x1820, 0x1820, 0x1820, 0x1820,
  0x1820, 0x1820, 0x1820, 0x1820, 0x1820, 0x1840, 0x1820, 0x1820, 0x1820, 0x1820, 0x1820, 0x1820,
  0x1020, 0x1020, 0x1020, 0x1020, 0x1020, 0x1020, 0x1020, 0x1020, 0x1020, 0x1020, 0x1020, 0x1020,
  0x1020, 0x1020, 0x1020, 0x1020, 0x1020, 0x1020, 0x1020, 0x1020, 0x1020, 0x1020, 0x1020, 0x1020,
  0x1020, 0x1020, 0x1020, 0x1020, 0x1020, 0x1020, 0x1020, 0x1020, 0x1020, 0x1020, 0x1020, 0x1820,
  0x1820, 0x1820, 0x1820, 0x1820, 0x1820, 0x1820, 0x1820, 0x1820, 0x1820, 0x1820, 0x1820, 0x1820,
  0x1840, 0x1840, 0x1840, 0x1820, 0x1840, 0x1840, 0x1840, 0x1820, 0x1820, 0x1840, 0x1840, 0x1840,
  0x1840, 0x1840, 0x1840, 0x1840, 0x1840, 0x1840, 0x1840, 0x1840, 0x2040, 0x2040, 0x2040, 0x2040,
  0x2040, 0x2040, 0x2040, 0x2040, 0x2040, 0x2040, 0x2040, 0x2040, 0x2040, 0x2040, 0x2040, 0x2040,
  0x2040, 0x2040, 0x2040, 0x2040, 0x2040, 0x2040, 0x2040, 0x2040, 0x2040, 0x2040, 0x2040, 0x2040,
  0x2040, 0x2040, 0x2040, 0x2040, 0x2040, 0x2040, 0x2040, 0x2040, 0x2040, 0x2040, 0x2040, 0x2040,
  0x2040, 0x2040, 0x2040, 0x2040, 0x2040, 0x2040, 0x2860, 0x2860, 0x2860, 0x2860, 0x2860, 0x2860,
  0x2860, 0x2860, 0x2860, 0x2860, 0x2860, 0x2860, 0x2860, 0x2860, 0x2860, 0x2860, 0x2860, 0x2860,
  0x2860, 0x2860, 0x2860, 0x2860, 0x2860, 0x2860, 0x2860, 0x2860, 0x2860, 0x2860, 0x2860, 0x2860,
  0x2860, 0x2860, 0x2860, 0x2860, 0x2860, 0x2860, 0x2860, 0x2860, 0x2860, 0x2860, 0x2860, 0x2860,
  0x2860, 0x2860, 0x2860, 0x2860, 0x2860, 0x2860, 0x2860, 0x2860, 0x2860, 0x2860, 0x2860, 0x2860,
  0x2860, 0x2860, 0x2860, 0x2860, 0x2860, 0x2860, 0x2860, 0x2860, 0x2860, 0x2860, 0x2860, 0x2860,
  0x2860, 0x2860, 0x2060, 0x2060, 0x2060, 0x2060, 0x2060, 0x2060, 0x2040, 0x2040, 0x2040, 0x2040,
  0x2040, 0x2040, 0x2040, 0x2040, 0x2040, 0x2040, 0x2040, 0x2040, 0x2040, 0x2040, 0x2040, 0x2040,
  0x2040, 0x2040, 0x2040, 0x2040, 0x2040, 0x2040, 0x2040, 0x1840, 0x1840, 0x1840, 0x1840, 0x1840,
  0x1840, 0x1840, 0x1840, 0x1840, 0x1840, 0x1840, 0x1840, 0x1840, 0x1840, 0x1840, 0x1820, 0x1820,
  0x1820, 0x1840, 0x1820, 0x1820, 0x1820, 0x1840, 0x1820, 0x1820, 0x1820, 0x1820, 0x1820, 0x1820,
  0x1020, 0x1020, 0x1020, 0x1020, 0x1020, 0x1020, 0x1020, 0x1020, 0x1020, 0x1020, 0x1020, 0x1020,
  0x1020, 0x1020, 0x1020, 0x1020, 0x1020, 0x1020, 0x1020, 0x1020, 0x1020, 0x1020, 0x1020, 0x1020,
  0x1020, 0x1020, 0x1020, 0x1020, 0x1020, 0x1020, 0x1820, 0x1020, 0x1820, 0x1820, 0x1820, 0x1820,
  0x1820, 0x1820, 0x1820, 0x1820, 0x1820, 0x1820, 0x1820, 0x1820, 0x1820, 0x1840, 0x1840, 0x1840,
  0x1840, 0x1840, 0x1840, 0x1820, 0x1840, 0x1840, 0x1820, 0x1840, 0x1820, 0x1840, 0x1840, 0x1840,
  0x1840, 0x1840, 0x1840, 0x1840, 0x1840, 0x1840, 0x2040, 0x2040, 0x2040, 0x2040, 0x2040, 0x2040,
  0x2040, 0x2040, 0x2040, 0x2040, 0x2040, 0x2040, 0x2040, 0x2040, 0x2040, 0x2040, 0x2040, 0x2040,
  0x2040, 0x2040, 0x2040, 0x2040, 0x2040, 0x2040, 0x2040, 0x2040, 0x2040, 0x2040, 0x2040, 0x2040,
  0x2040, 0x2040, 0x2040, 0x2040, 0x2040, 0x2040, 0x2040, 0x2040, 0x2040, 0x2040, 0x2040, 0x2840,
  0x2840, 0x2060, 0x2840, 0x2860, 0x2860, 0x2860, 0x2860, 0x2860, 0x2860, 0x2860, 0x2860, 0x2860,
  0x2860, 0x2860, 0x2860, 0x2860, 0x2860, 0x2860, 0x2860, 0x2860, 0x2860, 0x2860, 0x2860, 0x2860,
  0x2860, 0x2860, 0x2860, 0x2860, 0x2860, 0x2860, 0x2860, 0x2860, 0x2860, 0x2860, 0x2860, 0x2860,
  0x2860, 0x2860, 0x2860, 0x2860, 0x2860, 0x2860, 0x2860, 0x2860, 0x2860, 0x2860, 0x2860, 0x2860,
  0x2860, 0x2860, 0x2860, 0x2860, 0x2860, 0x2860, 0x2860, 0x2860, 0x2860, 0x2860, 0x2860, 0x2860,
  0x2860, 0x2860, 0x2860, 0x2860, 0x2860, 0x2860, 0x2860, 0x2860, 0x2860, 0x2860, 0x2860, 0x2860,
  0x2860, 0x2860, 0x2860, 0x2860, 0x2860, 0x2860, 0x2060, 0x2060, 0x2060, 0x2060, 0x2040, 0x2040,
  0x2040, 0x2040, 0x2040, 0x2040, 0x2040, 0x2040, 0x2040, 0x2040, 0x2040, 0x2040, 0x2040, 0x2040,
  0x2040, 0x2040, 0x2040, 0x2040, 0x2040, 0x2040, 0x2040, 0x2040, 0x2040, 0x1840, 0x1840, 0x1840,
  0x1840, 0x1840, 0x1840, 0x1840, 0x1840, 0x1840, 0x1840, 0x1840, 0x1840, 0x1840, 0x1840, 0x1840,
  0x1820, 0x1840, 0x1840, 0x1840, 0x1840, 0x1840, 0x1840, 0x1820, 0x1820, 0x1820, 0x1820, 0x1820,
  0x1020, 0x1020, 0x1020, 0x1020, 0x1020, 0x1020, 0x1020, 0x1020, 0x1020, 0x1020, 0x1020, 0x1020,
  0x1020, 0x1020, 0x1020, 0x1020, 0x1020, 0x1020, 0x1020, 0x1020, 0x1020, 0x1020, 0x1020, 0x1020,
  0x1020, 0x1020, 0x1020, 0x1020, 0x1820, 0x1820, 0x1820, 0x1820, 0x1820, 0x1820, 0x1820, 0x1820,
  0x1820, 0x1820, 0x1820, 0x1820, 0x1820, 0x1820, 0x1820, 0x1820, 0x1840, 0x1840, 0x1840, 0x1840,
  0x1840, 0x1840, 0x1840, 0x1840, 0x1840, 0x1840, 0x1840, 0x1840, 0x1840, 0x1840, 0x1840, 0x1840,
  0x1840, 0x1840, 0x1840, 0x2040, 0x2040, 0x2040, 0x2040, 0x2040, 0x2040, 0x2040, 0x2040, 0x2040,
  0x2040, 0x2040, 0x2040, 0x2040, 0x2040, 0x2040, 0x2040, 0x2040, 0x2040, 0x2040, 0x2040, 0x2040,
  0x2040, 0x2040, 0x2040, 0x2040, 0x2040, 0x2040, 0x2040, 0x2040, 0x2040, 0x2040, 0x2040, 0x2040,
  0x2040, 0x2040, 0x2040, 0x2040, 0x2840, 0x2840, 0x2840, 0x2840, 0x2840, 0x2840, 0x2840, 0x2860,
  0x2860, 0x2860, 0x2860, 0x2860, 0x2860, 0x2860, 0x2860, 0x2860, 0x2860, 0x2860, 0x2860, 0x2860,
  0x2860, 0x2860, 0x2860, 0x2860, 0x2860, 0x2860, 0x2860, 0x2860, 0x2860, 0x2860, 0x2860, 0x2860,
  0x2860, 0x2860, 0x2860, 0x2860, 0x2860, 0x2860, 0x2860, 0x2860, 0x2860, 0x2860, 0x2860, 0x2860,
  0x2860, 0x2860, 0x2860, 0x2860, 0x2860, 0x2860, 0x2860, 0x2860, 0x2860, 0x2860, 0x2860, 0x2860,
  0x2860, 0x2860, 0x2860, 0x2860, 0x2860, 0x2860, 0x2860, 0x2860, 0x2860, 0x2860, 0x2860, 0x2860,
  0x2860, 0x2860, 0x2860, 0x2860, 0x2860, 0x2860, 0x2860, 0x2860, 0x2860, 0x2860, 0x2860, 0x2860,
  0x2860, 0x2860, 0x2860, 0x2860, 0x2860, 0x2860, 0x2860, 0x2860, 0x2860, 0x2060, 0x2060, 0x2060,
  0x2060, 0x2040, 0x2040, 0x2040, 0x2040, 0x2060, 0x2040, 0x2040, 0x2040, 0x2040, 0x2040, 0x2040,
  0x2040, 0x2040, 0x2040, 0x2040, 0x2040, 0x2040, 0x2040, 0x2040, 0x2040, 0x2040, 0x2040, 0x2040,
  0x2040, 0x1840, 0x1840, 0x1840, 0x1840, 0x1840, 0x1840, 0x1840, 0x1840, 0x1840, 0x1840, 0x1840,
  0x1840, 0x1840, 0x1840, 0x1840, 0x1840, 0x1840, 0x1840, 0x1820, 0x1820, 0x1820, 0x1820, 0x1820,
  0x1020, 0x1020, 0x1020, 0x1020, 0x1020, 0x1020, 0x1020, 0x1020, 0x1020, 0x1020, 0x1020, 0x1020,
  0x1020, 0x1020, 0x1020, 0x1020, 0x1020, 0x1020, 0x1020, 0x1020, 0x1020, 0x1020, 0x1020, 0x1020,
  0x1020, 0x1820, 0x1820, 0x1820, 0x1820, 0x1820, 0x1820, 0x1820, 0x1820, 0x1820, 0x1820, 0x1820,
  0x1820, 0x1820, 0x1820, 0x1820, 0x1820, 0x1820, 0x1840, 0x1820, 0x1840, 0x1840, 0x1840, 0x1840,
  0x1840, 0x1840, 0x1840, 0x1840, 0x1840, 0x1840, 0x1840, 0x1840, 0x1840, 0x1840, 0x1840, 0x1840,
  0x1840, 0x2040, 0x2040, 0x2040, 0x2040, 0x2040, 0x2040, 0x2040, 0x2040, 0x2040, 0x2040, 0x2040,
  0x2040, 0x2040, 0x2040, 0x2040, 0x2040, 0x2040, 0x2040, 0x2040, 0x2040, 0x2040, 0x2040, 0x2040,
  0x2040, 0x2040, 0x2040, 0x2040, 0x2040, 0x2040, 0x2040, 0x2040, 0x2860, 0x2060, 0x2860, 0x2040,
  0x2840, 0x2840, 0x2840, 0x2840, 0x2840, 0x2860, 0x2840, 0x2860, 0x2860, 0x2860, 0x2860, 0x2860,
  0x2860, 0x2860, 0x2860, 0x2860, 0x2860, 0x2860, 0x2860, 0x2860, 0x2860, 0x2860, 0x2860, 0x2860,
  0x2860, 0x2860, 0x2860, 0x2860, 0x2860, 0x2860, 0x2860, 0x2860, 0x2860, 0x2860, 0x2860, 0x2860,
  0x2860, 0x2860, 0x2860, 0x2860, 0x2860, 0x2860, 0x2860, 0x2860, 0x3060, 0x3060, 0x3060, 0x2860,
  0x2860, 0x2860, 0x2860, 0x3060, 0x2860, 0x3060, 0x3060, 0x3060, 0x2860, 0x3060, 0x3060, 0x3060,
  0x2860, 0x2860, 0x3060, 0x3060, 0x3060, 0x2860, 0x2860, 0x2860, 0x2860, 0x2860, 0x2860, 0x2860,
  0x2860, 0x2860, 0x2860, 0x2860, 0x2860, 0x2860, 0x2860, 0x2860, 0x2860, 0x2860, 0x2860, 0x2860,
  0x2860, 0x2860, 0x2860, 0x2860, 0x2860, 0x2860, 0x2860, 0x2860, 0x2860, 0x2860, 0x2860, 0x2060,
  0x2060, 0x2060, 0x2060, 0x2040, 0x2040, 0x2060, 0x2060, 0x2040, 0x2040, 0x2060, 0x2040, 0x2040,
  0x2040, 0x2040, 0x2040, 0x2040, 0x2040, 0x2040, 0x2040, 0x2040, 0x2040, 0x2040, 0x2040, 0x2040,
  0x2040, 0x2040, 0x2040, 0x1840, 0x2040, 0x2040, 0x1840, 0x1840, 0x1840, 0x1840, 0x1840, 0x1840,
  0x1840, 0x1840, 0x1840, 0x1840, 0x1840, 0x1840, 0x1840, 0x1820, 0x1840, 0x1820, 0x1820, 0x1820,
  0x1020, 0x1020, 0x1020, 0x1020, 0x1020, 0x1020, 0x1020, 0x1020, 0x1020, 0x1020, 0x1020, 0x1020,
  0x1020, 0x1020, 0x1020, 0x1020, 0x1020, 0x1020, 0x1020, 0x1020, 0x1020, 0x1020, 0x1820, 0x1820,
  0x1820, 0x1820, 0x1820, 0x1820, 0x1820, 0x1820, 0x1820, 0x1820, 0x1820, 0x1820, 0x1820, 0x1820,
  0x1820, 0x1820, 0x1820, 0x1820, 0x1820, 0x1840, 0x1840, 0x1840, 0x1820, 0x1820, 0x1840, 0x1840,
  0x1840, 0x1840, 0x1840, 0x1840, 0x1840, 0x1840, 0x1840, 0x1840, 0x2040, 0x2040, 0x2040, 0x2040,
  0x2040, 0x2040, 0x2040, 0x2040, 0x2040, 0x2040, 0x2040, 0x2040, 0x2040, 0x2040, 0x2040, 0x2040,
  0x2040, 0x2040, 0x2040, 0x2040, 0x2040, 0x2040, 0x2040, 0x2040, 0x2040, 0x2040, 0x2040, 0x2040,
  0x2040, 0x2040, 0x2040, 0x2040, 0x2040, 0x2040, 0x2040, 0x2840, 0x2860, 0x2860, 0x2840, 0x2840,
  0x2840, 0x2840, 0x2860, 0x2860, 0x2860, 0x2860, 0x2860, 0x2860, 0x2860, 0x2860, 0x2860, 0x2860,
  0x2860, 0x2860, 0x2860, 0x2860, 0x2860, 0x2860, 0x2860, 0x2860, 0x2860, 0x2860, 0x2860, 0x2860,
  0x2860, 0x2860, 0x2860, 0x2860, 0x2860, 0x2860, 0x2860, 0x2860, 0x2860, 0x2860, 0x3060, 0x2860,
  0x3060, 0x3060, 0x3060, 0x3060, 0x3060, 0x3060, 0x3060, 0x3060, 0x3060, 0x3060, 0x3060, 0x3060,
  0x3060, 0x3060, 0x3080, 0x3060, 0x3060, 0x3060, 0x3060, 0x3060, 0x3060, 0x3060, 0x3060, 0x3060,
  0x3060, 0x3060, 0x3060, 0x3060, 0x3060, 0x3060, 0x3060, 0x3060, 0x3060, 0x3060, 0x2860, 0x2860,
  0x2860, 0x2860, 0x2860, 0x2860, 0x2860, 0x2860, 0x2860, 0x2860, 0x2860, 0x2860, 0x2860, 0x2860,
  0x2860, 0x2860, 0x2860, 0x2860, 0x2860, 0x2860, 0x2860, 0x2860, 0x2860, 0x2860, 0x2860, 0x2860,
  0x2860, 0x2860, 0x2860, 0x2860, 0x2860, 0x2860, 0x2060, 0x2060, 0x2060, 0x2060, 0x2040, 0x2040,
  0x2040, 0x2040, 0x2040, 0x2040, 0x2040, 0x2040, 0x2040, 0x2040, 0x2040, 0x2040, 0x2040, 0x2040,
  0x2040, 0x2040, 0x2040, 0x2040, 0x2040, 0x2040, 0x2040, 0x1840, 0x1840, 0x1840, 0x1840, 0x1840,
  0x1840, 0x1840, 0x1840, 0x1840, 0x1840, 0x1840, 0x1840, 0x1840, 0x1840, 0x1820, 0x1820, 0x1820,
  0x1020, 0x1020, 0x1020, 0x1020, 0x1020, 0x1020, 0x1020, 0x1020, 0x1020, 0x1020, 0x1020, 0x1020,
  0x1020, 0x1020, 0x1020, 0x1020, 0x1020, 0x1020, 0x1020, 0x1820, 0x1820, 0x1820, 0x1820, 0x1820,
  0x1820, 0x1820, 0x1820, 0x1820, 0x1820, 0x1820, 0x1820, 0x1820, 0x1820, 0x1820, 0x1820, 0x1820,
  0x1820, 0x1820, 0x1820, 0x1820, 0x1840, 0x1840, 0x1840, 0x1840, 0x1840, 0x1840, 0x1840, 0x1840,
  0x1840, 0x1840, 0x1840, 0x1840, 0x1840, 0x1840, 0x2040, 0x2040, 0x2040, 0x2040, 0x2040, 0x2040,
  0x2040, 0x2040, 0x2040, 0x2040, 0x2040, 0x2040, 0x2040, 0x2040, 0x2040, 0x2040, 0x2040, 0x2040,
  0x2040, 0x2040, 0x2040, 0x2040, 0x2040, 0x2040, 0x2040, 0x2040, 0x2040, 0x2040, 0x2040, 0x2040,
  0x2040, 0x2840, 0x2840, 0x2840, 0x2840, 0x2860, 0x2840, 0x2860, 0x2860, 0x2840, 0x2860, 0x2860,
  0x2840, 0x2860, 0x2860, 0x2860, 0x2860, 0x2860, 0x2860, 0x2860, 0x2860, 0x2860, 0x2860, 0x2860,
  0x2860, 0x2860, 0x2860, 0x2860, 0x2860, 0x2860, 0x2860, 0x2860, 0x2860, 0x2860, 0x2860, 0x2860,
  0x2860, 0x2860, 0x2860, 0x2860, 0x2860, 0x2860, 0x3060, 0x2860, 0x3060, 0x3060, 0x3080, 0x3060,
  0x3060, 0x3060, 0x3060, 0x3060, 0x3060, 0x3080, 0x3060, 0x3060, 0x3060, 0x3060, 0x3080, 0x3080,
  0x3080, 0x3060, 0x3080, 0x3080, 0x3060, 0x3060, 0x3060, 0x3060, 0x3060, 0x3060, 0x3060, 0x3060,
  0x3060, 0x3060, 0x3060, 0x3060, 0x3060, 0x3080, 0x3060, 0x3060, 0x3080, 0x3080, 0x3060, 0x3060,
  0x3060, 0x3060, 0x2860, 0x2860, 0x2860, 0x2860, 0x2860, 0x2860, 0x2860, 0x2860, 0x2860, 0x2860,
  0x2860, 0x2860, 0x2860, 0x2860, 0x2860, 0x2860, 0x2860, 0x2860, 0x2860, 0x2860, 0x2860, 0x2860,
  0x2860, 0x2860, 0x2860, 0x2860, 0x2860, 0x2860, 0x2860, 0x2060, 0x2060, 0x2040, 0x2060, 0x2040,
  0x2040, 0x2060, 0x2040, 0x2040, 0x2040, 0x2040, 0x2040, 0x2040, 0x2040, 0x2040, 0x2040, 0x2040,
  0x2040, 0x2040, 0x2040, 0x2040, 0x2040, 0x2040, 0x2040, 0x2040, 0x2040, 0x1840, 0x1840, 0x1840,
  0x1840, 0x1840, 0x1840, 0x1840, 0x1840, 0x1840, 0x1840, 0x1840, 0x1840, 0x1840, 0x1840, 0x1820,
  0x1020, 0x1020, 0x1020, 0x1020, 0x1020, 0x1020, 0x1020, 0x1020, 0x1020, 0x1020, 0x1020, 0x1020,
  0x1020, 0x1020, 0x1020, 0x1020, 0x1020, 0x1020, 0x1820, 0x1820, 0x1820, 0x1820, 0x1820, 0x1820,
  0x1820, 0x1820, 0x1820, 0x1820, 0x1820, 0x1820, 0x1820, 0x1820, 0x1820, 0x1820, 0x1820, 0x1820,
  0x1820, 0x1820, 0x1840, 0x1840, 0x1840, 0x1840, 0x1840, 0x1840, 0x1840, 0x1840, 0x1840, 0x1840,
  0x1840, 0x1840, 0x1840, 0x1840, 0x2040, 0x2040, 0x2040, 0x2040, 0x2040, 0x2040, 0x2040, 0x2040,
  0x2040, 0x2040, 0x2040, 0x2040, 0x2040, 0x2040, 0x2040, 0x2040, 0x2040, 0x2040, 0x2040, 0x2040,
  0x2040, 0x2040, 0x2040, 0x2040, 0x2040, 0x2040, 0x2040, 0x2040, 0x2040, 0x2040, 0x2840, 0x2840,
  0x2840, 0x2840, 0x2860, 0x2860, 0x2860, 0x2860, 0x2840, 0x2840, 0x2860, 0x2860, 0x2860, 0x2860,
  0x2860, 0x2860, 0x2860, 0x2860, 0x2860, 0x2860, 0x2860, 0x2860, 0x2860, 0x2860, 0x2860, 0x2860,
  0x2860, 0x2860, 0x2860, 0x2860, 0x2860, 0x2860, 0x2860, 0x3060, 0x2860, 0x2860, 0x2860, 0x2860,
  0x2860, 0x3060, 0x3060, 0x3060, 0x2860, 0x3060, 0x3060, 0x3060, 0x3060, 0x3080, 0x3080, 0x3080,
  0x3060, 0x3060, 0x3060, 0x3060, 0x3080, 0x3080, 0x3060, 0x3080, 0x3080, 0x3080, 0x3080, 0x3080,
  0x3080, 0x3080, 0x3080, 0x3080, 0x3080, 0x3080, 0x3080, 0x3080, 0x3080, 0x3080, 0x3080, 0x3080,
  0x3080, 0x3080, 0x3080, 0x3080, 0x3060, 0x3080, 0x3080, 0x3080, 0x3080, 0x3080, 0x3080, 0x3080,
  0x3060, 0x3060, 0x3060, 0x3060, 0x3060, 0x3060, 0x3060, 0x3060, 0x2860, 0x2860, 0x2860, 0x2860,
  0x2860, 0x2860, 0x2860, 0x2860, 0x2860, 0x2860, 0x2860, 0x2860, 0x2860, 0x2860, 0x2860, 0x2860,
  0x2860, 0x2860, 0x2860, 0x2860, 0x2860, 0x2860, 0x2860, 0x2860, 0x2860, 0x2860, 0x2060, 0x2060,
  0x2060, 0x2060, 0x2060, 0x2060, 0x2040, 0x2040, 0x2040, 0x2040, 0x2040, 0x2040, 0x2040, 0x2040,
  0x2040, 0x2040, 0x2040, 0x2040, 0x2040, 0x2040, 0x2040, 0x2040, 0x2040, 0x2040, 0x2040, 0x1840,
  0x1840, 0x1840, 0x1840, 0x1840, 0x1840, 0x1840, 0x1840, 0x1840, 0x1840, 0x1840, 0x1840, 0x1840,
  0x1020, 0x1020, 0x1020, 0x1020, 0x1020, 0x1020, 0x1020, 0x1020, 0x1020, 0x1020, 0x1020, 0x1020,
  0x1020, 0x1020, 0x1020, 0x1020, 0x1820, 0x1820, 0x1820, 0x1820, 0x1820, 0x1820, 0x1820, 0x1820,
  0x1820, 0x1820, 0x1820, 0x1820, 0x1820, 0x1820, 0x1820, 0x1820, 0x1820, 0x1820, 0x1820, 0x1840,
  0x1840, 0x1840, 0x1820, 0x1840, 0x1840, 0x1840, 0x1840, 0x1840, 0x1840, 0x1840, 0x1840, 0x1840,
  0x1840, 0x1840, 0x2040, 0x2040, 0x2040, 0x2040, 0x2040, 0x2040, 0x2040, 0x2040, 0x2040, 0x2040,
  0x2040, 0x2040, 0x2040, 0x2040, 0x2040, 0x2040, 0x2040, 0x2040, 0x2040, 0x2040, 0x2040, 0x2040,
  0x2040, 0x2040, 0x2040, 0x2040, 0x2040, 0x2840, 0x2840, 0x2840, 0x2840, 0x2840, 0x2840, 0x2840,
  0x2860, 0x2860, 0x2860, 0x2860, 0x2860, 0x2860, 0x2860, 0x2860, 0x2860, 0x2860, 0x2860, 0x2860,
  0x2860, 0x2860, 0x2860, 0x2860, 0x2860, 0x2860, 0x2860, 0x2860, 0x2860, 0x2860, 0x2860, 0x2860,
  0x2860, 0x2860, 0x2860, 0x2860, 0x2860, 0x2860, 0x3060, 0x3060, 0x3080, 0x3060, 0x3060, 0x3060,
  0x3060, 0x3060, 0x3060, 0x3060, 0x3060, 0x3060, 0x3060, 0x3080, 0x3080, 0x3080, 0x3080, 0x3080,
  0x3080, 0x3060, 0x3080, 0x3080, 0x3080, 0x3080, 0x3080, 0x3080, 0x3080, 0x3080, 0x3080, 0x3080,
  0x3080, 0x3080, 0x3080, 0x3080, 0x3080, 0x3080, 0x3080, 0x3080, 0x3080, 0x3080, 0x3080, 0x3080,
  0x3080, 0x3080, 0x3080, 0x3080, 0x3080, 0x3080, 0x3080, 0x3080, 0x3080, 0x3080, 0x3080, 0x3080,
  0x3080, 0x3060, 0x3060, 0x3060, 0x3060, 0x3060, 0x3060, 0x3060, 0x3060, 0x3060, 0x3060, 0x2860,
  0x2860, 0x2860, 0x2860, 0x2860, 0x2860, 0x2860, 0x2860, 0x2860, 0x2860, 0x2860, 0x2860, 0x2860,
  0x2860, 0x2860, 0x2860, 0x2860, 0x2860, 0x2860, 0x2860, 0x2860, 0x2860, 0x2860, 0x2860, 0x2860,
  0x2860, 0x2860, 0x2860, 0x2060, 0x2060, 0x2040, 0x2040, 0x2040, 0x2040, 0x2040, 0x2040, 0x2040,
  0x2040, 0x2040, 0x2040, 0x2040, 0x2040, 0x2040, 0x2040, 0x2040, 0x2040, 0x2040, 0x2040, 0x2040,
  0x2040, 0x1840, 0x1840, 0x1840, 0x1840, 0x1840, 0x1840, 0x1840, 0x1840, 0x1840, 0x1840, 0x1840,
  0x1020, 0x1020, 0x1020, 0x1020, 0x1020, 0x1020, 0x1020, 0x1020, 0x1020, 0x1020, 0x1020, 0x1020,
  0x1820, 0x1820, 0x1820, 0x1820, 0x1820, 0x1820, 0x1820, 0x1820, 0x1820, 0x1820, 0x1820, 0x1840,
  0x1820, 0x1820, 0x1820, 0x1820, 0x1820, 0x1820, 0x1820, 0x1820, 0x1820, 0x1840, 0x1840, 0x1840,
  0x1840, 0x1840, 0x1840, 0x1840, 0x1840, 0x1840, 0x1840, 0x1840, 0x1840, 0x1840, 0x1840, 0x2040,
  0x2040, 0x2040, 0x2040, 0x2040, 0x2040, 0x2040, 0x2040, 0x2040, 0x2040, 0x2040, 0x2040, 0x2040,
  0x2040, 0x2040, 0x2040, 0x2040, 0x2040, 0x2040, 0x2040, 0x2040, 0x2040, 0x2040, 0x2040, 0x2040,
  0x2040, 0x2040, 0x2840, 0x2840, 0x2840, 0x2840, 0x2840, 0x2840, 0x2840, 0x2840, 0x2860, 0x2860,
  0x2860, 0x2860, 0x2860, 0x2860, 0x2860, 0x2860, 0x2860, 0x2860, 0x2860, 0x2860, 0x2860, 0x2860,
  0x2860, 0x2860, 0x2860, 0x2860, 0x2860, 0x2860, 0x2860, 0x2860, 0x3060, 0x2860, 0x2860, 0x2860,
  0x2860, 0x3060, 0x3060, 0x3060, 0x3060, 0x3060, 0x3060, 0x3060, 0x3080, 0x3060, 0x3060, 0x3060,
  0x3060, 0x3060, 0x3080, 0x3080, 0x3080, 0x3060, 0x3060, 0x3080, 0x3080, 0x3080, 0x3080, 0x3080,
  0x3080, 0x3080, 0x3080, 0x3080, 0x3080, 0x3080, 0x3080, 0x3080, 0x3080, 0x3080, 0x3080, 0x3080,
  0x3080, 0x3080, 0x3080, 0x3080, 0x3080, 0x3080, 0x3080, 0x3080, 0x3080, 0x3080, 0x3080, 0x3080,
  0x3080, 0x3080, 0x3080, 0x3080, 0x3080, 0x3080, 0x3080, 0x3080, 0x3080, 0x3080, 0x3080, 0x3080,
  0x3080, 0x3080, 0x3060, 0x3060, 0x3080, 0x3080, 0x3060, 0x3060, 0x3080, 0x3060, 0x3060, 0x3060,
  0x3060, 0x2860, 0x3060, 0x3060, 0x2860, 0x2860, 0x2860, 0x2860, 0x2860, 0x2860, 0x2860, 0x2860,
  0x2860, 0x2860, 0x2860, 0x2860, 0x2860, 0x2860, 0x2860, 0x2860, 0x2860, 0x2860, 0x2860, 0x2860,
  0x2860, 0x2860, 0x2860, 0x2860, 0x2860, 0x2060, 0x2060, 0x2040, 0x2040, 0x2040, 0x2040, 0x2040,
  0x2040, 0x2040, 0x2040, 0x2040, 0x2040, 0x2040, 0x2040, 0x2040, 0x2040, 0x2040, 0x2040, 0x2040,
  0x2040, 0x2040, 0x1840, 0x1840, 0x1840, 0x1840, 0x1840, 0x1840, 0x1840, 0x1840, 0x1840, 0x1840,
  0x1020, 0x1020, 0x1020, 0x1020, 0x1020, 0x1020, 0x1020, 0x1020, 0x1020, 0x1020, 0x1020, 0x1820,
  0x1820, 0x1820, 0x1820, 0x1820, 0x1820, 0x1820, 0x1820, 0x1820, 0x1820, 0x1820, 0x1820, 0x1820,
  0x1820, 0x1820, 0x1820, 0x1840, 0x1820, 0x1820, 0x1820, 0x1820, 0x1840, 0x1840, 0x1840, 0x1840,
  0x1840, 0x1840, 0x1840, 0x1840, 0x1840, 0x1840, 0x1840, 0x1840, 0x2040, 0x2040, 0x2040, 0x2040,
  0x2040, 0x2040, 0x2040, 0x2040, 0x2040, 0x2040, 0x2040, 0x2040, 0x2040, 0x2040, 0x2040, 0x2040,
  0x2040, 0x2040, 0x2040, 0x2040, 0x2040, 0x2040, 0x2040, 0x2040, 0x2040, 0x2040, 0x2040, 0x2840,
  0x2840, 0x2840, 0x2840, 0x2840, 0x2840, 0x2860, 0x2860, 0x2860, 0x2860, 0x2860, 0x2860, 0x2860,
  0x2860, 0x2860, 0x2860, 0x2860, 0x2860, 0x2860, 0x2860, 0x2860, 0x2860, 0x2860, 0x2860, 0x2860,
  0x2860, 0x2860, 0x2860, 0x2860, 0x2860, 0x2860, 0x2860, 0x3060, 0x3060, 0x3060, 0x3060, 0x3060,
  0x3060, 0x3060, 0x3060, 0x3060, 0x3060, 0x3060, 0x3060, 0x3080, 0x3080, 0x3080, 0x3060, 0x3080,
  0x3080, 0x3080, 0x3080, 0x3080, 0x3080, 0x3080, 0x3080, 0x3080, 0x3080, 0x3080, 0x3080, 0x3080,
  0x3080, 0x3080, 0x3080, 0x3080, 0x3080, 0x3080, 0x3080, 0x3080, 0x3080, 0x3080, 0x3080, 0x3080,
  0x3080, 0x3080, 0x3080, 0x3080, 0x3080, 0x3080, 0x3080, 0x3080, 0x3080, 0x3080, 0x3880, 0x3080,
  0x3080, 0x3080, 0x3080, 0x3080, 0x3080, 0x3080, 0x3080, 0x3080, 0x3080, 0x3080, 0x3080, 0x3080,
  0x3080, 0x3080, 0x3080, 0x3080, 0x3080, 0x3080, 0x3080, 0x3060, 0x3080, 0x3080, 0x3060, 0x3060,
  0x3060, 0x3060, 0x3060, 0x3060, 0x3060, 0x3060, 0x3060, 0x3060, 0x2860, 0x2860, 0x2860, 0x2860,
  0x2860, 0x2860, 0x2860, 0x2860, 0x2860, 0x2860, 0x2860, 0x2860, 0x2860, 0x2860, 0x2860, 0x2860,
  0x2860, 0x2860, 0x2860, 0x2860, 0x2860, 0x2860, 0x2860, 0x2860, 0x2040, 0x2040, 0x2040, 0x2040,
  0x2040, 0x2040, 0x2040, 0x2040, 0x2040, 0x2040, 0x2040, 0x2040, 0x2040, 0x2040, 0x2040, 0x2040,
  0x2040, 0x2040, 0x2040, 0x2040, 0x2040, 0x2040, 0x1840, 0x1840, 0x1840, 0x1840, 0x1840, 0x1840,
  0x1020, 0x1020, 0x1020, 0x1020, 0x1020, 0x1020, 0x1020, 0x1020, 0x1020, 0x1020, 0x1820, 0x1820,
  0x1820, 0x1820, 0x1820, 0x1820, 0x1820, 0x1820, 0x1820, 0x1820, 0x1820, 0x1820, 0x1820, 0x1820,
  0x1820, 0x1820, 0x1820, 0x1820, 0x1820, 0x1820, 0x1820, 0x1840, 0x1840, 0x1840, 0x1840, 0x1840,
  0x1840, 0x1840, 0x1840, 0x2040, 0x1840, 0x1840, 0x1840, 0x2040, 0x2040, 0x2040, 0x2040, 0x2040,
  0x2040, 0x2040, 0x2040, 0x2040, 0x2040, 0x2040, 0x2040, 0x2040, 0x2040, 0x2040, 0x2040, 0x2040,
  0x2040, 0x2040, 0x2040, 0x2040, 0x2040, 0x2040, 0x2840, 0x2840, 0x2840, 0x2840, 0x2840, 0x2840,
  0x2840, 0x2840, 0x2840, 0x2840, 0x2840, 0x2860, 0x2860, 0x2860, 0x2860, 0x2860, 0x2860, 0x2860,
  0x2860, 0x2860, 0x2860, 0x2860, 0x2860, 0x2860, 0x2860, 0x2860, 0x2860, 0x2860, 0x2860, 0x2860,
  0x2860, 0x2860, 0x2860, 0x3060, 0x3060, 0x3060, 0x3060, 0x3060, 0x3060, 0x3060, 0x3060, 0x3060,
  0x3060, 0x3060, 0x3060, 0x3060, 0x3060, 0x3080, 0x3080, 0x3080, 0x3080, 0x3080, 0x3080, 0x3080,
  0x3080, 0x3080, 0x3080, 0x3080, 0x3080, 0x3080, 0x3080, 0x3080, 0x3080, 0x3080, 0x3080, 0x3080,
  0x3080, 0x3080, 0x3080, 0x3080, 0x3080, 0x3080, 0x3080, 0x3080, 0x3080, 0x3080, 0x3080, 0x3080,
  0x3880, 0x3880, 0x3080, 0x3880, 0x3880, 0x3880, 0x3080, 0x3080, 0x3880, 0x3880, 0x3080, 0x3080,
  0x3880, 0x3080, 0x3080, 0x3080, 0x3080, 0x3080, 0x3080, 0x3080, 0x3080, 0x3080, 0x3080, 0x3080,
  0x3080, 0x3080, 0x3080, 0x3080, 0x3080, 0x3080, 0x3080, 0x3080, 0x3080, 0x3080, 0x3060, 0x3080,
  0x3060, 0x3060, 0x3060, 0x3060, 0x3060, 0x3060, 0x3060, 0x3060, 0x3060, 0x3060, 0x2860, 0x2860,
  0x2860, 0x2860, 0x2860, 0x2860, 0x2860, 0x2860, 0x2860, 0x2860, 0x2860, 0x2860, 0x2860, 0x2860,
  0x2860, 0x2860, 0x2860, 0x2860, 0x2860, 0x2860, 0x2860, 0x2860, 0x2860, 0x2040, 0x2040, 0x2040,
  0x2040, 0x2040, 0x2040, 0x2040, 0x2040, 0x2040, 0x2040, 0x2040, 0x2040, 0x2040, 0x2040, 0x2040,
  0x2040, 0x2040, 0x2040, 0x2040, 0x2040, 0x2040, 0x1840, 0x1840, 0x1840, 0x1840, 0x1840, 0x1840,
  0x1020, 0x1020, 0x1020, 0x1020, 0x1020, 0x1020, 0x1020, 0x1820, 0x1820, 0x1820, 0x1820, 0x1820,
  0x1820, 0x1820, 0x1820, 0x1820, 0x1820, 0x1820, 0x1820, 0x1820, 0x1820, 0x1820, 0x1820, 0x1820,
  0x1820, 0x1840, 0x1820, 0x1840, 0x1840, 0x1840, 0x1840, 0x1840, 0x1840, 0x1820, 0x1840, 0x1840,
  0x1840, 0x1840, 0x2040, 0x2040, 0x2040, 0x2040, 0x2040, 0x2040, 0x2040, 0x2040, 0x2040, 0x2040,
  0x2040, 0x2040, 0x2040, 0x2040, 0x2040, 0x2040, 0x2040, 0x2040, 0x2040, 0x2040, 0x2040, 0x2040,
  0x2040, 0x2040, 0x2840, 0x2840, 0x2840, 0x2840, 0x2840, 0x2840, 0x2840, 0x2840, 0x2840, 0x2840,
  0x2840, 0x2840, 0x2840, 0x2860, 0x2860, 0x2860, 0x2860, 0x2860, 0x2860, 0x2860, 0x2860, 0x2860,
  0x2860, 0x2860, 0x2860, 0x2860, 0x2860, 0x2860, 0x2860, 0x2860, 0x2860, 0x2860, 0x2860, 0x3060,
  0x3060, 0x2860, 0x3060, 0x3060, 0x3060, 0x3060, 0x3060, 0x3060, 0x3080, 0x3080, 0x3060, 0x3060,
  0x3060, 0x3060, 0x3060, 0x3080, 0x3080, 0x3080, 0x3080, 0x3080, 0x3080, 0x3080, 0x3080, 0x3080,
  0x3080, 0x3080, 0x3080, 0x3080, 0x3080, 0x3080, 0x3080, 0x3080, 0x3080, 0x3080, 0x3080, 0x3880,
  0x3880, 0x3880, 0x3880, 0x3080, 0x3080, 0x3880, 0x3880, 0x3880, 0x3880, 0x3880, 0x3880, 0x3880,
  0x3880, 0x3880, 0x3880, 0x3880, 0x3880, 0x3880, 0x3880, 0x3880, 0x3880, 0x3880, 0x3880, 0x3880,
  0x3880, 0x3880, 0x3880, 0x3880, 0x3880, 0x3880, 0x3880, 0x3080, 0x3880, 0x3880, 0x3880, 0x3080,
  0x3080, 0x3080, 0x3080, 0x3080, 0x3080, 0x3080, 0x3080, 0x3080, 0x3080, 0x3080, 0x3080, 0x3080,
  0x3080, 0x3080, 0x3080, 0x3060, 0x3060, 0x3060, 0x3060, 0x3080, 0x3060, 0x3060, 0x3060, 0x3060,
  0x2860, 0x2860, 0x2860, 0x2860, 0x2860, 0x2860, 0x2860, 0x2860, 0x2860, 0x2860, 0x2860, 0x2860,
  0x2860, 0x2860, 0x2860, 0x2860, 0x2860, 0x2860, 0x2860, 0x2860, 0x2840, 0x2840, 0x2060, 0x2040,
  0x2040, 0x2040, 0x2040, 0x2040, 0x2040, 0x2040, 0x2040, 0x2040, 0x2040, 0x2040, 0x2040, 0x2040,
  0x2040, 0x2040, 0x2040, 0x2040, 0x2040, 0x2040, 0x2040, 0x2040, 0x1840, 0x1840, 0x1840, 0x1840,
  0x1020, 0x1020, 0x1020, 0x1020, 0x1020, 0x1020, 0x1820, 0x1820, 0x1820, 0x1820, 0x1820, 0x1820,
  0x1820, 0x1820, 0x1820, 0x1820, 0x1820, 0x1820, 0x1820, 0x1820, 0x1820, 0x1820, 0x1820, 0x1820,
  0x1820, 0x1820, 0x1820, 0x1840, 0x1840, 0x1840, 0x1840, 0x1840, 0x1840, 0x1840, 0x1840, 0x1840,
  0x2040, 0x2040, 0x2040, 0x2040, 0x2040, 0x2040, 0x2040, 0x2040, 0x2040, 0x2040, 0x2040, 0x2040,
  0x2040, 0x2040, 0x2040, 0x2040, 0x2040, 0x2040, 0x2040, 0x2040, 0x2040, 0x2040, 0x2040, 0x2040,
  0x2840, 0x2840, 0x2840, 0x2840, 0x2840, 0x2840, 0x2840, 0x2840, 0x2840, 0x2840, 0x2840, 0x2840,
  0x2860, 0x2840, 0x2860, 0x2860, 0x2860, 0x2860, 0x2860, 0x2860, 0x2860, 0x2860, 0x2860, 0x2860,
  0x2860, 0x2860, 0x2860, 0x2860, 0x3060, 0x3060, 0x3060, 0x3060, 0x3060, 0x3060, 0x3060, 0x3060,
  0x3060, 0x3060, 0x3060, 0x3060, 0x3060, 0x3060, 0x3060, 0x3080, 0x3080, 0x3080, 0x3080, 0x3080,
  0x3080, 0x3080, 0x3080, 0x3080, 0x3080, 0x3080, 0x3080, 0x3080, 0x3080, 0x3080, 0x3080, 0x3080,
  0x3080, 0x3080, 0x3080, 0x3080, 0x3080, 0x3880, 0x3880, 0x3880, 0x3880, 0x3880, 0x3880, 0x3880,
  0x3880, 0x3880, 0x3880, 0x3880, 0x3880, 0x3880, 0x3880, 0x3880, 0x3880, 0x3880, 0x3880, 0x3880,
  0x3880, 0x3880, 0x3880, 0x3880, 0x3880, 0x3880, 0x3880, 0x3880, 0x3880, 0x3880, 0x3880, 0x3880,
  0x3880, 0x3880, 0x3880, 0x3880, 0x3880, 0x3880, 0x3880, 0x3880, 0x3880, 0x3880, 0x3880, 0x3880,
  0x3880, 0x3880, 0x3880, 0x3080, 0x3080, 0x3080, 0x3080, 0x3080, 0x3080, 0x3080, 0x3080, 0x3080,
  0x3080, 0x3080, 0x3080, 0x3080, 0x3080, 0x3080, 0x3080, 0x3080, 0x3080, 0x3060, 0x3060, 0x3060,
  0x3060, 0x3060, 0x3060, 0x3060, 0x2860, 0x2860, 0x2860, 0x2860, 0x2860, 0x2860, 0x2860, 0x2860,
  0x2860, 0x2860, 0x2860, 0x2860, 0x2860, 0x2860, 0x2860, 0x2860, 0x2860, 0x2860, 0x2840, 0x2040,
  0x2040, 0x2060, 0x2040, 0x2040, 0x2040, 0x2040, 0x2040, 0x2040, 0x2040, 0x2040, 0x2040, 0x2040,
  0x2040, 0x2040, 0x2040, 0x2040, 0x2040, 0x2040, 0x2040, 0x2040, 0x2040, 0x2040, 0x1840, 0x1840,
  0x1020, 0x1020, 0x1020, 0x1020, 0x1020, 0x1820, 0x1820, 0x1820, 0x1820, 0x1820, 0x1820, 0x1820,
  0x1820, 0x1820, 0x1820, 0x1820, 0x1820, 0x1820, 0x1820, 0x1820, 0x1820, 0x1820, 0x1820, 0x1820,
  0x1820, 0x1840, 0x1840, 0x1840, 0x1840, 0x1840, 0x1840, 0x1840, 0x1840, 0x1840, 0x2040, 0x2040,
  0x2040, 0x2040, 0x2040, 0x2040, 0x2040, 0x2040, 0x2040, 0x2040, 0x2040, 0x2040, 0x2040, 0x2040,
  0x2040, 0x2040, 0x2040, 0x2040, 0x2040, 0x2040, 0x2040, 0x2040, 0x2040, 0x2040, 0x2840, 0x2840,
  0x2840, 0x2840, 0x2840, 0x2840, 0x2840, 0x2840, 0x2840, 0x2840, 0x2860, 0x2840, 0x2840, 0x2840,
  0x2860, 0x2860, 0x2840, 0x2860, 0x2860, 0x2860, 0x2860, 0x2860, 0x2860, 0x2860, 0x2860, 0x2860,
  0x2860, 0x2860, 0x2860, 0x3060, 0x3060, 0x3060, 0x3060, 0x3060, 0x3060, 0x3060, 0x3060, 0x3060,
  0x3060, 0x3060, 0x3060, 0x3060, 0x3060, 0x3060, 0x3080, 0x3080, 0x3080, 0x3080, 0x3080, 0x3080,
  0x3080, 0x3080, 0x3080, 0x3080, 0x3080, 0x3080, 0x3080, 0x3080, 0x3080, 0x3080, 0x3880, 0x3880,
  0x3080, 0x3080, 0x3880, 0x3880, 0x3880, 0x3880, 0x3880, 0x3880, 0x3880, 0x3880, 0x3880, 0x3880,
  0x3880, 0x3880, 0x3880, 0x3880, 0x3880, 0x3880, 0x3880, 0x3880, 0x3880, 0x3880, 0x3880, 0x3880,
  0x3880, 0x38A0, 0x3880, 0x3880, 0x38A0, 0x3880, 0x3880, 0x3880, 0x3880, 0x3880, 0x3880, 0x3880,
  0x3880, 0x3880, 0x3880, 0x3880, 0x3880, 0x3880, 0x3880, 0x3880, 0x3880, 0x3880, 0x3880, 0x3880,
  0x3880, 0x3880, 0x3880, 0x3880, 0x3880, 0x3880, 0x3880, 0x3080, 0x3080, 0x3080, 0x3080, 0x3080,
  0x3080, 0x3080, 0x3080, 0x3080, 0x3080, 0x3080, 0x3080, 0x3080, 0x3080, 0x3080, 0x3060, 0x3060,
  0x3080, 0x3060, 0x3060, 0x3060, 0x3060, 0x3060, 0x3060, 0x2860, 0x2860, 0x2860, 0x2860, 0x2860,
  0x2860, 0x2860, 0x2860, 0x2860, 0x2860, 0x2860, 0x2860, 0x2860, 0x2860, 0x2840, 0x2840, 0x2840,
  0x2860, 0x2860, 0x2840, 0x2040, 0x2040, 0x2040, 0x2060, 0x2040, 0x2040, 0x2040, 0x2040, 0x2040,
  0x2040, 0x2040, 0x2040, 0x2040, 0x2040, 0x2040, 0x2040, 0x2040, 0x2040, 0x2040, 0x1840, 0x1840,
  0x1020, 0x1020, 0x1820, 0x1820, 0x1820, 0x1820, 0x1820, 0x1820, 0x1820, 0x1820, 0x1820, 0x1820,
  0x1820, 0x1820, 0x1820, 0x1820, 0x1820, 0x1820, 0x1820, 0x1820, 0x1820, 0x1820, 0x1820, 0x1820,
  0x1820, 0x1840, 0x1840, 0x1840, 0x1840, 0x1840, 0x2040, 0x2040, 0x2040, 0x2040, 0x2040, 0x2040,
  0x2040, 0x2040, 0x2040, 0x2040, 0x2040, 0x2040, 0x2040, 0x2040, 0x2040, 0x2040, 0x2040, 0x2040,
  0x2040, 0x2040, 0x2040, 0x2040, 0x2040, 0x2040, 0x2840, 0x2840, 0x2840, 0x2840, 0x2840, 0x2840,
  0x2840, 0x2860, 0x2840, 0x2840, 0x2840, 0x2840, 0x2840, 0x2840, 0x2860, 0x2840, 0x2840, 0x2840,
  0x2860, 0x2860, 0x2860, 0x2860, 0x2860, 0x2860, 0x2860, 0x2860, 0x3060, 0x3060, 0x2860, 0x2860,
  0x2860, 0x3060, 0x3060, 0x3060, 0x3060, 0x3060, 0x3060, 0x3060, 0x3060, 0x3060, 0x3060, 0x3060,
  0x3060, 0x3060, 0x3060, 0x3060, 0x3060, 0x3060, 0x3080, 0x3080, 0x3080, 0x3080, 0x3080, 0x3080,
  0x3080, 0x3080, 0x3080, 0x3080, 0x3080, 0x3080, 0x3880, 0x3880, 0x3880, 0x3880, 0x3880, 0x3880,
  0x3880, 0x3880, 0x3880, 0x3880, 0x3880, 0x3880, 0x3880, 0x3880, 0x3880, 0x3880, 0x3880, 0x3880,
  0x3880, 0x3880, 0x3880, 0x3880, 0x3880, 0x3880, 0x3880, 0x3880, 0x3880, 0x3880, 0x3880, 0x3880,
  0x3880, 0x38A0, 0x3880, 0x3880, 0x38A0, 0x3880, 0x3880, 0x3880, 0x3880, 0x38A0, 0x38A0, 0x3880,
  0x3880, 0x3880, 0x3880, 0x3880, 0x3880, 0x3880, 0x3880, 0x3880, 0x3880, 0x3880, 0x3880, 0x3880,
  0x3880, 0x3880, 0x3880, 0x3880, 0x3880, 0x3880, 0x3880, 0x3880, 0x3080, 0x3080, 0x3080, 0x3080,
  0x3080, 0x3080, 0x3080, 0x3080, 0x3080, 0x3080, 0x3080, 0x3080, 0x3080, 0x3080, 0x3080, 0x3060,
  0x3060, 0x3060, 0x3060, 0x3060, 0x3060, 0x3060, 0x3060, 0x3060, 0x2860, 0x2860, 0x2860, 0x2860,
  0x2860, 0x2860, 0x2860, 0x2860, 0x2860, 0x2860, 0x2860, 0x2860, 0x2860, 0x2840, 0x2840, 0x2860,
  0x2860, 0x2840, 0x2860, 0x2060, 0x2040, 0x2040, 0x2040, 0x2040, 0x2040, 0x2040, 0x2040, 0x2040,
  0x2040, 0x2040, 0x2040, 0x2040, 0x2040, 0x2040, 0x2040, 0x2040, 0x2040, 0x2040, 0x2040, 0x2040,
  0x1820, 0x1820, 0x1820, 0x1820, 0x1820, 0x1820, 0x1820, 0x1820, 0x1820, 0x1820, 0x1820, 0x1820,
  0x1820, 0x1820, 0x1820, 0x1820, 0x1820, 0x1820, 0x1820, 0x1820, 0x1820, 0x1820, 0x1820, 0x1840,
  0x1840, 0x1840, 0x1840, 0x1840, 0x1840, 0x1840, 0x2040, 0x2040, 0x2040, 0x2040, 0x2040, 0x2040,
  0x2040, 0x2040, 0x2040, 0x2040, 0x2040, 0x2040, 0x2040, 0x2040, 0x2040, 0x2040, 0x2040, 0x2040,
  0x2040, 0x2040, 0x2040, 0x2040, 0x2840, 0x2840, 0x2840, 0x2840, 0x2840, 0x2840, 0x2840, 0x2840,
  0x2860, 0x2840, 0x2840, 0x2840, 0x2840, 0x2840, 0x2840, 0x2860, 0x2840, 0x2840, 0x2860, 0x2860,
  0x2860, 0x2860, 0x2860, 0x2860, 0x3060, 0x3060, 0x3060, 0x3060, 0x3060, 0x3060, 0x3060, 0x3060,
  0x3060, 0x3060, 0x3060, 0x3060, 0x3060, 0x3060, 0x3060, 0x3060, 0x3060, 0x3060, 0x3060, 0x3060,
  0x3060, 0x3060, 0x3060, 0x3060, 0x3080, 0x3080, 0x3080, 0x3080, 0x3080, 0x3080, 0x3880, 0x3880,
  0x3880, 0x3880, 0x3880, 0x3880, 0x3880, 0x3880, 0x3880, 0x3880, 0x3880, 0x3880, 0x3880, 0x3880,
  0x3880, 0x3880, 0x3880, 0x3880, 0x3880, 0x3880, 0x3880, 0x3880, 0x3880, 0x3880, 0x3880, 0x38A0,
  0x38A0, 0x3880, 0x3880, 0x3880, 0x3880, 0x3880, 0x3880, 0x3880, 0x3880, 0x3880, 0x38A0, 0x3880,
  0x38A0, 0x38A0, 0x38A0, 0x38A0, 0x38A0, 0x38A0, 0x38A0, 0x38A0, 0x38A0, 0x38A0, 0x38A0, 0x3880,
  0x3880, 0x3880, 0x38A0, 0x38A0, 0x38A0, 0x38A0, 0x38A0, 0x3880, 0x38A0, 0x3880, 0x3880, 0x38A0,
  0x38A0, 0x3880, 0x3880, 0x3880, 0x3880, 0x3880, 0x3880, 0x3880, 0x3880, 0x3880, 0x3880, 0x3080,
  0x3080, 0x3080, 0x3080, 0x3080, 0x3080, 0x3080, 0x3080, 0x3080, 0x3080, 0x3080, 0x3080, 0x3060,
  0x3060, 0x3060, 0x3060, 0x3060, 0x3060, 0x3060, 0x3060, 0x3060, 0x3060, 0x3060, 0x2860, 0x2860,
  0x2860, 0x2860, 0x2860, 0x2860, 0x2860, 0x2860, 0x2860, 0x2860, 0x2860, 0x2840, 0x2860, 0x2860,
  0x2840, 0x2840, 0x2860, 0x2860, 0x2840, 0x2040, 0x2040, 0x2040, 0x2040, 0x2040, 0x2040, 0x2040,
  0x2040, 0x2040, 0x2040, 0x2040, 0x2040, 0x2040, 0x2040, 0x2040, 0x2040, 0x2040, 0x2040, 0x2040,
  0x1820, 0x1820, 0x1820, 0x1820, 0x1820, 0x1820, 0x1820, 0x1820, 0x1820, 0x1820, 0x1820, 0x1820,
  0x1820, 0x1820, 0x1820, 0x1820, 0x1820, 0x1820, 0x1840, 0x1820, 0x1820, 0x1820, 0x1840, 0x1820,
  0x1840, 0x1840, 0x1840, 0x1840, 0x1840, 0x2040, 0x2040, 0x2040, 0x2040, 0x2040, 0x2040, 0x2040,
  0x2040, 0x2040, 0x2040, 0x2040, 0x2040, 0x2040, 0x2040, 0x2040, 0x2040, 0x2040, 0x2040, 0x2040,
  0x2040, 0x2040, 0x2840, 0x2840, 0x2840, 0x2840, 0x2840, 0x2840, 0x2840, 0x2840, 0x2840, 0x2840,
  0x2840, 0x2860, 0x2860, 0x2840, 0x2840, 0x2860, 0x2860, 0x2860, 0x2860, 0x2860, 0x2860, 0x2860,
  0x3060, 0x3060, 0x2860, 0x3060, 0x3060, 0x3060, 0x3060, 0x3060, 0x3060, 0x3060, 0x3060, 0x3060,
  0x3060, 0x3060, 0x3060, 0x3060, 0x3060, 0x3060, 0x3060, 0x3060, 0x3060, 0x3060, 0x3060, 0x3060,
  0x3060, 0x3060, 0x3060, 0x3060, 0x3080, 0x3080, 0x3080, 0x3880, 0x3880, 0x3880, 0x3880, 0x3880,
  0x3880, 0x3880, 0x3880, 0x3880, 0x3880, 0x3880, 0x3880, 0x3880, 0x3880, 0x3880, 0x3880, 0x3880,
  0x3880, 0x3880, 0x3880, 0x3880, 0x3880, 0x3880, 0x3880, 0x3880, 0x3880, 0x38A0, 0x38A0, 0x38A0,
  0x38A0, 0x3880, 0x3880, 0x38A0, 0x38A0, 0x38A0, 0x38A0, 0x38A0, 0x38A0, 0x38A0, 0x38A0, 0x38A0,
  0x38A0, 0x38A0, 0x38A0, 0x38A0, 0x38A0, 0x38A0, 0x38A0, 0x38A0, 0x38A0, 0x38A0, 0x38A0, 0x38A0,
  0x38A0, 0x38A0, 0x38A0, 0x38A0, 0x38A0, 0x38A0, 0x38A0, 0x38A0, 0x38A0, 0x3880, 0x3880, 0x38A0,
  0x38A0, 0x3880, 0x3880, 0x3880, 0x38A0, 0x3880, 0x3880, 0x3880, 0x3880, 0x3880, 0x3880, 0x3880,
  0x3880, 0x3080, 0x3880, 0x3080, 0x3080, 0x3080, 0x3080, 0x3080, 0x3080, 0x3080, 0x3080, 0x3060,
  0x3080, 0x3080, 0x3080, 0x3060, 0x3060, 0x3060, 0x3060, 0x3060, 0x3060, 0x3060, 0x3060, 0x2860,
  0x2860, 0x2860, 0x2860, 0x2860, 0x2860, 0x2860, 0x2860, 0x2860, 0x2860, 0x2860, 0x2860, 0x2840,
  0x2860, 0x2860, 0x2860, 0x2840, 0x2840, 0x2840, 0x2040, 0x2040, 0x2040, 0x2040, 0x2040, 0x2040,
  0x2040, 0x2040, 0x2040, 0x2040, 0x2040, 0x2040, 0x2040, 0x2040, 0x2040, 0x2040, 0x2040, 0x2040,
  0x1820, 0x1820, 0x1820, 0x1820, 0x1820, 0x1820, 0x1820, 0x1820, 0x1820, 0x1820, 0x1820, 0x1820,
  0x1820, 0x1820, 0x1820, 0x1820, 0x1840, 0x1820, 0x1840, 0x1840, 0x1820, 0x1820, 0x1840, 0x1840,
  0x1840, 0x1820, 0x2040, 0x2040, 0x2040, 0x2040, 0x2040, 0x2040, 0x2040, 0x2040, 0x2040, 0x2040,
  0x2040, 0x2040, 0x2040, 0x2040, 0x2040, 0x2040, 0x2040, 0x2040, 0x2040, 0x2040, 0x2040, 0x2040,
  0x2040, 0x2840, 0x2840, 0x2840, 0x2840, 0x2840, 0x2840, 0x2840, 0x2840, 0x2840, 0x2840, 0x2840,
  0x2840, 0x2860, 0x2840, 0x2860, 0x2860, 0x2840, 0x2860, 0x2860, 0x2860, 0x2860, 0x2860, 0x3060,
  0x3060, 0x3060, 0x3060, 0x3060, 0x3060, 0x3060, 0x3060, 0x3060, 0x3060, 0x3060, 0x3060, 0x3060,
  0x3060, 0x3060, 0x3060, 0x3060, 0x3060, 0x3060, 0x3060, 0x3080, 0x3060, 0x3060, 0x3060, 0x3060,
  0x3080, 0x3080, 0x3080, 0x3080, 0x3080, 0x3880, 0x3880, 0x3880, 0x3880, 0x3880, 0x3880, 0x3880,
  0x3880, 0x3880, 0x3880, 0x3880, 0x3880, 0x3880, 0x3880, 0x38A0, 0x3880, 0x38A0, 0x3880, 0x3880,
  0x3880, 0x3880, 0x38A0, 0x38A0, 0x3880, 0x38A0, 0x38A0, 0x38A0, 0x38A0, 0x38A0, 0x38A0, 0x38A0,
  0x38A0, 0x38A0, 0x38A0, 0x38A0, 0x38A0, 0x38A0, 0x38A0, 0x38A0, 0x38A0, 0x38A0, 0x38A0, 0x38A0,
  0x38A0, 0x38A0, 0x38A0, 0x38A0, 0x38A0, 0x38A0, 0x38A0, 0x38A0, 0x38A0, 0x38A0, 0x38A0, 0x38A0,
  0x38A0, 0x38A0, 0x38A0, 0x38A0, 0x38A0, 0x38A0, 0x38A0, 0x38A0, 0x38A0, 0x38A0, 0x3880, 0x38A0,
  0x3880, 0x38A0, 0x38A0, 0x38A0, 0x3880, 0x3880, 0x3880, 0x3880, 0x3880, 0x3880, 0x3880, 0x3880,
  0x3880, 0x3880, 0x3880, 0x3880, 0x3080, 0x3080, 0x3080, 0x3080, 0x3080, 0x3080, 0x3080, 0x3080,
  0x3080, 0x3080, 0x3060, 0x3060, 0x3060, 0x3060, 0x3080, 0x3060, 0x3060, 0x3060, 0x3060, 0x3060,
  0x2860, 0x2860, 0x2860, 0x2860, 0x2860, 0x2860, 0x2860, 0x2860, 0x2860, 0x2860, 0x2860, 0x2860,
  0x2860, 0x2860, 0x2840, 0x2860, 0x2840, 0x2840, 0x2840, 0x2840, 0x2040, 0x2040, 0x2040, 0x2040,
  0x2040, 0x2040, 0x2040, 0x2040, 0x2040, 0x2040, 0x2040, 0x2040, 0x2040, 0x2040, 0x2040, 0x2040,
  0x1820, 0x1820, 0x1820, 0x1820, 0x1820, 0x1820, 0x1820, 0x1820, 0x1820, 0x1820, 0x1820, 0x1820,
  0x1820, 0x1820, 0x1820, 0x1820, 0x1840, 0x1840, 0x1820, 0x1840, 0x1840, 0x1840, 0x1840, 0x1840,
  0x1840, 0x2040, 0x2040, 0x2040, 0x2040, 0x2040, 0x2040, 0x2040, 0x2040, 0x2040, 0x2040, 0x2040,
  0x2040, 0x2040, 0x2040, 0x2040, 0x2040, 0x2040, 0x2040, 0x2040, 0x2040, 0x2040, 0x2040, 0x2040,
  0x2840, 0x2840, 0x2840, 0x2840, 0x2840, 0x2840, 0x2840, 0x2840, 0x2840, 0x2840, 0x2840, 0x2840,
  0x2840, 0x2860, 0x2860, 0x2860, 0x2860, 0x2860, 0x2860, 0x2860, 0x2860, 0x2860, 0x3060, 0x3060,
  0x3060, 0x3060, 0x3060, 0x3060, 0x3060, 0x3060, 0x3060, 0x3060, 0x3060, 0x3060, 0x3060, 0x3060,
  0x3060, 0x3060, 0x3060, 0x3060, 0x3060, 0x3060, 0x3080, 0x3080, 0x3080, 0x3080, 0x3080, 0x3080,
  0x3080, 0x3880, 0x3880, 0x3880, 0x3880, 0x3880, 0x3880, 0x3880, 0x3880, 0x3880, 0x3880, 0x3880,
  0x3880, 0x3880, 0x3880, 0x3880, 0x3880, 0x3880, 0x3880, 0x3880, 0x38A0, 0x3880, 0x38A0, 0x3880,
  0x3880, 0x38A0, 0x38A0, 0x38A0, 0x38A0, 0x38A0, 0x38A0, 0x38A0, 0x38A0, 0x38A0, 0x38A0, 0x38A0,
  0x38A0, 0x38A0, 0x38A0, 0x38A0, 0x38A0, 0x38A0, 0x38A0, 0x38A0, 0x38A0, 0x38A0, 0x38A0, 0x38A0,
  0x38A0, 0x38A0, 0x38A0, 0x38A0, 0x38A0, 0x38A0, 0x38A0, 0x38A0, 0x38A0, 0x38A0, 0x38A0, 0x38A0,
  0x38A0, 0x38A0, 0x38A0, 0x38A0, 0x38A0, 0x38A0, 0x38A0, 0x38A0, 0x38A0, 0x38A0, 0x38A0, 0x38A0,
  0x3880, 0x38A0, 0x38A0, 0x38A0, 0x38A0, 0x38A0, 0x3880, 0x3880, 0x3880, 0x3880, 0x3880, 0x3880,
  0x3880, 0x3880, 0x3880, 0x3880, 0x3880, 0x3080, 0x3080, 0x3080, 0x3080, 0x3080, 0x3080, 0x3080,
  0x3080, 0x3080, 0x3080, 0x3080, 0x3060, 0x3060, 0x3060, 0x3080, 0x3060, 0x3060, 0x3060, 0x3060,
  0x3060, 0x3060, 0x2860, 0x2860, 0x2860, 0x2860, 0x2860, 0x2860, 0x2860, 0x2860, 0x2860, 0x2860,
  0x2860, 0x2840, 0x2860, 0x2860, 0x2840, 0x2840, 0x2840, 0x2860, 0x2840, 0x2840, 0x2040, 0x2040,
  0x2040, 0x2040, 0x2040, 0x2040, 0x2040, 0x2040, 0x2040, 0x2040, 0x2040, 0x2040, 0x2040, 0x2040,
  0x1820, 0x1820, 0x1820, 0x1820, 0x1820, 0x1820, 0x1820, 0x1820, 0x1820, 0x1820, 0x1840, 0x1840,
  0x1820, 0x1840, 0x1840, 0x1840, 0x1840, 0x1840, 0x1840, 0x1840, 0x1820, 0x1840, 0x1820, 0x2040,
  0x2040, 0x2040, 0x2040, 0x2040, 0x2040, 0x2040, 0x2040, 0x2040, 0x2040, 0x2040, 0x2040, 0x2040,
  0x2040, 0x2040, 0x2040, 0x2040, 0x2040, 0x2040, 0x2040, 0x2040, 0x2040, 0x2840, 0x2840, 0x2840,
  0x2840, 0x2840, 0x2840, 0x2840, 0x2860, 0x2840, 0x2840, 0x2840, 0x2840, 0x2840, 0x2860, 0x2840,
  0x2860, 0x2860, 0x2860, 0x2860, 0x2860, 0x2860, 0x2860, 0x2860, 0x2860, 0x3060, 0x3060, 0x3060,
  0x3060, 0x3060, 0x3060, 0x3060, 0x3060, 0x3060, 0x3060, 0x3060, 0x3060, 0x3060, 0x3060, 0x3060,
  0x3060, 0x3060, 0x3060, 0x3060, 0x3060, 0x3080, 0x3080, 0x3080, 0x3080, 0x3080, 0x3080, 0x3080,
  0x3880, 0x3880, 0x3880, 0x3880, 0x3880, 0x3880, 0x3880, 0x3880, 0x3880, 0x3880, 0x3880, 0x3880,
  0x3880, 0x3880, 0x3880, 0x3880, 0x3880, 0x3880, 0x3880, 0x38A0, 0x38A0, 0x38A0, 0x38A0, 0x3880,
  0x38A0, 0x38A0, 0x38A0, 0x38A0, 0x38A0, 0x38A0, 0x38A0, 0x38A0, 0x38A0, 0x38A0, 0x38A0, 0x38A0,
  0x38A0, 0x38A0, 0x38A0, 0x38A0, 0x38A0, 0x38A0, 0x38A0, 0x38A0, 0x38A0, 0x38A0, 0x40A0, 0x40A0,
  0x40A0, 0x38A0, 0x40A0, 0x40A0, 0x40A0, 0x40A0, 0x40A0, 0x40A0, 0x40A0, 0x40A0, 0x40A0, 0x40A0,
  0x40A0, 0x38A0, 0x38A0, 0x38A0, 0x38A0, 0x38A0, 0x38A0, 0x38A0, 0x38A0, 0x38A0, 0x38A0, 0x38A0,
  0x38A0, 0x38A0, 0x38A0, 0x38A0, 0x38A0, 0x38A0, 0x38A0, 0x38A0, 0x38A0, 0x3880, 0x3880, 0x3880,
  0x3880, 0x3880, 0x3880, 0x3880, 0x3880, 0x3880, 0x3880, 0x3080, 0x3080, 0x3080, 0x3080, 0x3080,
  0x3080, 0x3080, 0x3080, 0x3080, 0x3060, 0x3080, 0x3060, 0x3060, 0x3060, 0x3060, 0x3060, 0x3060,
  0x3060, 0x3060, 0x3060, 0x2860, 0x2860, 0x2860, 0x2860, 0x2860, 0x2860, 0x2860, 0x2860, 0x2860,
  0x2860, 0x2860, 0x2860, 0x2860, 0x2860, 0x2860, 0x2840, 0x2840, 0x2840, 0x2840, 0x2840, 0x2040,
  0x2040, 0x2040, 0x2040, 0x2040, 0x2040, 0x2040, 0x2040, 0x2040, 0x2040, 0x2040, 0x2040, 0x2040,
  0x1820, 0x1820, 0x1820, 0x1820, 0x1820, 0x1820, 0x1820, 0x1820, 0x1820, 0x1820, 0x1820, 0x1840,
  0x1840, 0x1840, 0x1840, 0x1840, 0x1840, 0x1840, 0x1840, 0x1840, 0x1840, 0x1820, 0x1840, 0x2040,
  0x2040, 0x2040, 0x2040, 0x2040, 0x2040, 0x2040, 0x2040, 0x2040, 0x2040, 0x2040, 0x2040, 0x2040,
  0x2040, 0x2040, 0x2040, 0x2040, 0x2040, 0x2040, 0x2040, 0x2040, 0x2840, 0x2840, 0x2840, 0x2840,
  0x2840, 0x2840, 0x2840, 0x2860, 0x2860, 0x2860, 0x2840, 0x2860, 0x2840, 0x2840, 0x2840, 0x2860,
  0x2860, 0x2860, 0x2860, 0x2860, 0x2860, 0x2860, 0x2860, 0x3060, 0x3060, 0x3060, 0x3060, 0x3060,
  0x3060, 0x3060, 0x3060, 0x3060, 0x3060, 0x3060, 0x3060, 0x3060, 0x3060, 0x3060, 0x3060, 0x3060,
  0x3060, 0x3060, 0x3060, 0x3060, 0x3060, 0x3080, 0x3080, 0x3080, 0x3080, 0x3880, 0x3880, 0x3880,
  0x3880, 0x3880, 0x3880, 0x3880, 0x3880, 0x3880, 0x3880, 0x3880, 0x3880, 0x3880, 0x3880, 0x3880,
  0x3880, 0x3880, 0x3880, 0x3880, 0x38A0, 0x3880, 0x3880, 0x38A0, 0x38A0, 0x38A0, 0x38A0, 0x38A0,
  0x38A0, 0x38A0, 0x38A0, 0x38A0, 0x38A0, 0x38A0, 0x38A0, 0x38A0, 0x38A0, 0x38A0, 0x38A0, 0x40A0,
  0x40A0, 0x40A0, 0x40A0, 0x38A0, 0x38A0, 0x40A0, 0x40A0, 0x40A0, 0x40A0, 0x40A0, 0x40A0, 0x40A0,
  0x40A0, 0x40A0, 0x40A0, 0x40A0, 0x40A0, 0x40A0, 0x40A0, 0x40A0, 0x40A0, 0x40A0, 0x40A0, 0x40A0,
  0x40A0, 0x40A0, 0x38A0, 0x38A0, 0x38A0, 0x38A0, 0x38A0, 0x38A0, 0x38A0, 0x38A0, 0x38A0, 0x38A0,
  0x38A0, 0x38A0, 0x38A0, 0x38A0, 0x38A0, 0x38A0, 0x38A0, 0x38A0, 0x38A0, 0x3880, 0x3880, 0x3880,
  0x3880, 0x3880, 0x3880, 0x3880, 0x3880, 0x3880, 0x3880, 0x3880, 0x3880, 0x3080, 0x3080, 0x3080,
  0x3080, 0x3080, 0x3080, 0x3080, 0x3080, 0x3080, 0x3080, 0x3060, 0x3060, 0x3060, 0x3060, 0x3060,
  0x3060, 0x3060, 0x3060, 0x2860, 0x2860, 0x2860, 0x2860, 0x2860, 0x2860, 0x2860, 0x2860, 0x2860,
  0x2860, 0x2860, 0x2860, 0x2860, 0x2860, 0x2860, 0x2860, 0x2840, 0x2840, 0x2840, 0x2860, 0x2840,
  0x2040, 0x2040, 0x2040, 0x2040, 0x2040, 0x2040, 0x2040, 0x2040, 0x2040, 0x2040, 0x2040, 0x2040,
  0x1840, 0x1820, 0x1820, 0x1820, 0x1820, 0x1820, 0x1820, 0x1820, 0x1820, 0x1820, 0x1820, 0x1840,
  0x1840, 0x1840, 0x1840, 0x1840, 0x1840, 0x1840, 0x1840, 0x1840, 0x2040, 0x2040, 0x2040, 0x2040,
  0x2040, 0x2040, 0x2040, 0x2040, 0x2040, 0x2040, 0x2040, 0x2040, 0x2040, 0x2040, 0x2040, 0x2040,
  0x2040, 0x2040, 0x2040, 0x2040, 0x2040, 0x2040, 0x2840, 0x2840, 0x2840, 0x2840, 0x2840, 0x2840,
  0x2840, 0x2840, 0x2840, 0x2860, 0x2860, 0x2860, 0x2840, 0x2840, 0x2860, 0x2860, 0x2860, 0x2860,
  0x2860, 0x2860, 0x3060, 0x3060, 0x3060, 0x3060, 0x3060, 0x3060, 0x3060, 0x3060, 0x3060, 0x3060,
  0x3060, 0x3060, 0x3060, 0x3060, 0x3060, 0x3060, 0x3060, 0x3060, 0x3060, 0x3060, 0x3060, 0x3060,
  0x3060, 0x3060, 0x3080, 0x3080, 0x3080, 0x3080, 0x3080, 0x3880, 0x3880, 0x3880, 0x3880, 0x3880,
  0x3880, 0x3880, 0x3880, 0x3880, 0x3880, 0x3880, 0x3880, 0x3880, 0x3880, 0x3880, 0x3880, 0x3880,
  0x3880, 0x3880, 0x3880, 0x3880, 0x3880, 0x38A0, 0x38A0, 0x38A0, 0x38A0, 0x38A0, 0x38A0, 0x38A0,
  0x38A0, 0x38A0, 0x38A0, 0x38A0, 0x38A0, 0x38A0, 0x38A0, 0x40A0, 0x40A0, 0x40A0, 0x40A0, 0x40A0,
  0x40A0, 0x40A0, 0x40A0, 0x40A0, 0x40A0, 0x40A0, 0x40A0, 0x40A0, 0x40A0, 0x40A0, 0x40A0, 0x40A0,
  0x40A0, 0x40A0, 0x40A0, 0x40A0, 0x40A0, 0x40A0, 0x40A0, 0x40A0, 0x40A0, 0x40A0, 0x40A0, 0x40A0,
  0x40A0, 0x40A0, 0x40A0, 0x40A0, 0x40A0, 0x40A0, 0x40A0, 0x38A0, 0x38A0, 0x38A0, 0x40A0, 0x38A0,
  0x38A0, 0x38A0, 0x38A0, 0x38A0, 0x38A0, 0x38A0, 0x38A0, 0x38A0, 0x38A0, 0x3880, 0x3880, 0x3880,
  0x3880, 0x3880, 0x3880, 0x3880, 0x3880, 0x3880, 0x3880, 0x3880, 0x3880, 0x3080, 0x3080, 0x3080,
  0x3080, 0x3080, 0x3080, 0x3080, 0x3060, 0x3060, 0x3080, 0x3080, 0x3060, 0x3060, 0x3060, 0x3060,
  0x3060, 0x3060, 0x3060, 0x3060, 0x2860, 0x2860, 0x2860, 0x2860, 0x2860, 0x2860, 0x2860, 0x2860,
  0x2860, 0x2860, 0x2860, 0x2860, 0x2860, 0x2860, 0x2860, 0x2840, 0x2860, 0x2840, 0x2840, 0x2840,
  0x2840, 0x2840, 0x2040, 0x2040, 0x2040, 0x2040, 0x2040, 0x2040, 0x2040, 0x2040, 0x2040, 0x2040,
  0x1820, 0x1820, 0x1840, 0x1820, 0x1820, 0x1820, 0x1820, 0x1820, 0x1820, 0x1820, 0x1840, 0x1840,
  0x1840, 0x1840, 0x1840, 0x1840, 0x1840, 0x2040, 0x2040, 0x2040, 0x2040, 0x2040, 0x2040, 0x2040,
  0x2040, 0x2040, 0x2040, 0x2040, 0x2040, 0x2040, 0x2040, 0x2040, 0x2040, 0x2040, 0x2040, 0x2040,
  0x2040, 0x2040, 0x2040, 0x2040, 0x2840, 0x2840, 0x2840, 0x2840, 0x2840, 0x2840, 0x2840, 0x2840,
  0x2840, 0x2840, 0x2840, 0x2840, 0x2840, 0x2860, 0x2860, 0x2860, 0x2860, 0x2860, 0x2860, 0x2860,
  0x3060, 0x3060, 0x3060, 0x3060, 0x3060, 0x3060, 0x3060, 0x3060, 0x3060, 0x3060, 0x3060, 0x3060,
  0x3060, 0x3060, 0x3060, 0x3060, 0x3060, 0x3060, 0x3060, 0x3060, 0x3060, 0x3060, 0x3060, 0x3060,
  0x3060, 0x3060, 0x3080, 0x3880, 0x3880, 0x3880, 0x3880, 0x3880, 0x3880, 0x3880, 0x3880, 0x3880,
  0x3880, 0x3880, 0x3880, 0x3880, 0x3880, 0x3880, 0x3880, 0x3880, 0x3880, 0x3880, 0x3880, 0x3880,
  0x3880, 0x3880, 0x3880, 0x3880, 0x38A0, 0x38A0, 0x38A0, 0x38A0, 0x40A0, 0x40A0, 0x40A0, 0x38A0,
  0x40A0, 0x40A0, 0x40A0, 0x40A0, 0x40A0, 0x40A0, 0x40A0, 0x40A0, 0x40A0, 0x40A0, 0x40A0, 0x40A0,
  0x40A0, 0x40A0, 0x40A0, 0x40A0, 0x40A0, 0x40A0, 0x40A0, 0x40A0, 0x40A0, 0x40A0, 0x40A0, 0x40A0,
  0x40A0, 0x40A0, 0x40A0, 0x40A0, 0x40A0, 0x40A0, 0x40A0, 0x40A0, 0x40A0, 0x40A0, 0x40A0, 0x40A0,
  0x40A0, 0x40A0, 0x40A0, 0x40A0, 0x40A0, 0x40A0, 0x40A0, 0x40A0, 0x40A0, 0x40A0, 0x40A0, 0x40A0,
  0x40A0, 0x40A0, 0x38A0, 0x38A0, 0x38A0, 0x38A0, 0x38A0, 0x38A0, 0x38A0, 0x38A0, 0x38A0, 0x3880,
  0x38A0, 0x38A0, 0x3880, 0x3880, 0x3880, 0x3880, 0x3880, 0x3880, 0x3880, 0x3880, 0x3880, 0x3880,
  0x3080, 0x3080, 0x3080, 0x3080, 0x3080, 0x3080, 0x3080, 0x3060, 0x3060, 0x3060, 0x3060, 0x3060,
  0x3060, 0x3060, 0x3060, 0x3060, 0x3060, 0x2860, 0x2860, 0x2860, 0x2860, 0x2860, 0x2860, 0x2860,
  0x2860, 0x2860, 0x2860, 0x2860, 0x2860, 0x2860, 0x2860, 0x2860, 0x2860, 0x2860, 0x2840, 0x2840,
  0x2840, 0x2840, 0x2840, 0x2040, 0x2040, 0x2040, 0x2040, 0x2040, 0x2040, 0x2040, 0x2040, 0x2040,
  0x1820, 0x1820, 0x1840, 0x1820, 0x1820, 0x1820, 0x1820, 0x1820, 0x1840, 0x1840, 0x1840, 0x1840,
  0x1840, 0x1840, 0x2040, 0x2040, 0x2040, 0x2040, 0x2040, 0x2040, 0x2040, 0x2040, 0x2040, 0x2040,
  0x2040, 0x2040, 0x2040, 0x2040, 0x2040, 0x2040, 0x2040, 0x2040, 0x2040, 0x2040, 0x2040, 0x2040,
  0x2040, 0x2040, 0x2840, 0x2840, 0x2840, 0x2840, 0x2840, 0x2840, 0x2840, 0x2840, 0x2840, 0x2840,
  0x2840, 0x2840, 0x2840, 0x2860, 0x2840, 0x2860, 0x2860, 0x2860, 0x2860, 0x2860, 0x3060, 0x3060,
  0x3060, 0x3060, 0x3060, 0x3060, 0x3060, 0x3060, 0x3060, 0x3060, 0x3060, 0x3060, 0x3060, 0x3060,
  0x3060, 0x3060, 0x3060, 0x3060, 0x3060, 0x3060, 0x3060, 0x3060, 0x3060, 0x3060, 0x3060, 0x3060,
  0x3060, 0x3060, 0x3880, 0x3880, 0x3880, 0x3880, 0x3880, 0x3880, 0x3880, 0x3880, 0x3880, 0x3880,
  0x3880, 0x3880, 0x3880, 0x3880, 0x3880, 0x3880, 0x3880, 0x3880, 0x3880, 0x3880, 0x3880, 0x3880,
  0x3880, 0x3880, 0x3880, 0x38A0, 0x38A0, 0x38A0, 0x38A0, 0x40A0, 0x40A0, 0x40A0, 0x40A0, 0x40A0,
  0x40A0, 0x40A0, 0x40A0, 0x40A0, 0x40A0, 0x40A0, 0x40A0, 0x40A0, 0x40A0, 0x40A0, 0x40A0, 0x40A0,
  0x40A0, 0x40A0, 0x40A0, 0x40A0, 0x40A0, 0x40A0, 0x40A0, 0x40A0, 0x40A0, 0x40A0, 0x40A0, 0x40A0,
  0x40A0, 0x40A0, 0x40A0, 0x40A0, 0x40A0, 0x40A0, 0x40A0, 0x40A0, 0x40A0, 0x40A0, 0x40A0, 0x40A0,
  0x40A0, 0x40A0, 0x40A0, 0x40A0, 0x40A0, 0x40A0, 0x40A0, 0x40A0, 0x40A0, 0x40A0, 0x40A0, 0x40A0,
  0x40A0, 0x40A0, 0x40A0, 0x38A0, 0x38A0, 0x38A0, 0x38A0, 0x38A0, 0x38A0, 0x38A0, 0x3880, 0x38A0,
  0x38A0, 0x38A0, 0x3880, 0x3880, 0x3880, 0x3880, 0x3880, 0x3880, 0x3880, 0x3880, 0x3880, 0x3080,
  0x3080, 0x3080, 0x3080, 0x3080, 0x3080, 0x3080, 0x3080, 0x3060, 0x3060, 0x3060, 0x3060, 0x3060,
  0x3060, 0x3060, 0x3060, 0x3060, 0x3060, 0x3060, 0x3060, 0x2860, 0x2860, 0x2860, 0x2860, 0x2860,
  0x2860, 0x2860, 0x2860, 0x2860, 0x2860, 0x2860, 0x2860, 0x2860, 0x2860, 0x2860, 0x2860, 0x2840,
  0x2840, 0x2840, 0x2840, 0x2040, 0x2040, 0x2040, 0x2040, 0x2040, 0x2040, 0x2040, 0x2040, 0x2040,
  0x1820, 0x1840, 0x1820, 0x1820, 0x1820, 0x1820, 0x1820, 0x1840, 0x1840, 0x1840, 0x1840, 0x1840,
  0x2040, 0x2040, 0x2040, 0x2040, 0x2040, 0x2040, 0x2040, 0x2040, 0x2040, 0x2040, 0x2040, 0x2040,
  0x2040, 0x2040, 0x2040, 0x2040, 0x2040, 0x2040, 0x2040, 0x2040, 0x2040, 0x2040, 0x2040, 0x2040,
  0x2040, 0x2840, 0x2840, 0x2840, 0x2840, 0x2840, 0x2840, 0x2840, 0x2840, 0x2840, 0x2860, 0x2840,
  0x2840, 0x2840, 0x2860, 0x2860, 0x2860, 0x2860, 0x2860, 0x2860, 0x2860, 0x3060, 0x3060, 0x3060,
  0x3060, 0x3060, 0x3060, 0x3060, 0x3060, 0x3060, 0x3060, 0x3060, 0x3060, 0x3060, 0x3060, 0x3060,
  0x3060, 0x3060, 0x3060, 0x3060, 0x3060, 0x3060, 0x3060, 0x3060, 0x3060, 0x3060, 0x3060, 0x3880,
  0x3880, 0x3880, 0x3880, 0x3880, 0x3880, 0x3880, 0x3880, 0x3880, 0x3880, 0x3880, 0x3880, 0x3880,
  0x3880, 0x3880, 0x3880, 0x3880, 0x3880, 0x3880, 0x3880, 0x3880, 0x3880, 0x3880, 0x3880, 0x3880,
  0x3880, 0x3880, 0x38A0, 0x38A0, 0x38A0, 0x38A0, 0x40A0, 0x40A0, 0x40A0, 0x40A0, 0x40A0, 0x40A0,
  0x40A0, 0x40A0, 0x40A0, 0x40A0, 0x40A0, 0x40A0, 0x40A0, 0x40A0, 0x40A0, 0x40A0, 0x40A0, 0x40A0,
  0x40A0, 0x40A0, 0x40A0, 0x40A0, 0x40A0, 0x40A0, 0x40A0, 0x40A0, 0x40A0, 0x40C0, 0x40A0, 0x40A0,
  0x40A0, 0x40A0, 0x40A0, 0x40A0, 0x40A0, 0x40A0, 0x40A0, 0x40A0, 0x40A0, 0x40A0, 0x40A0, 0x40A0,
  0x40A0, 0x40A0, 0x40A0, 0x40A0, 0x40A0, 0x40A0, 0x40A0, 0x40A0, 0x40A0, 0x40A0, 0x40A0, 0x40A0,
  0x40A0, 0x40A0, 0x40A0, 0x40A0, 0x38A0, 0x38A0, 0x38A0, 0x38A0, 0x38A0, 0x38A0, 0x38A0, 0x38A0,
  0x38A0, 0x3880, 0x38A0, 0x3880, 0x3880, 0x3880, 0x3880, 0x3880, 0x3880, 0x3880, 0x3880, 0x3080,
  0x3080, 0x3080, 0x3080, 0x3080, 0x3080, 0x3080, 0x3080, 0x3080, 0x3060, 0x3060, 0x3060, 0x3060,
  0x3060, 0x3060, 0x3060, 0x3060, 0x3060, 0x3060, 0x3060, 0x3060, 0x2860, 0x2860, 0x2860, 0x2860,
  0x2860, 0x2860, 0x2860, 0x2860, 0x2860, 0x2860, 0x2860, 0x2860, 0x2860, 0x2860, 0x2860, 0x2840,
  0x2840, 0x2840, 0x2840, 0x2040, 0x2040, 0x2040, 0x2040, 0x2040, 0x2040, 0x2040, 0x2040, 0x2040,
  0x1820, 0x1820, 0x1820, 0x1840, 0x1820, 0x1820, 0x1840, 0x1840, 0x1840, 0x1840, 0x1840, 0x1840,
  0x2040, 0x2040, 0x2040, 0x2040, 0x2040, 0x2040, 0x2040, 0x2040, 0x2040, 0x2040, 0x2040, 0x2040,
  0x2040, 0x2040, 0x2040, 0x2040, 0x2040, 0x2040, 0x2040, 0x2040, 0x2040, 0x2040, 0x2040, 0x2040,
  0x2840, 0x2840, 0x2840, 0x2840, 0x2840, 0x2840, 0x2840, 0x2840, 0x2840, 0x2840, 0x2860, 0x2840,
  0x2840, 0x2840, 0x2860, 0x2860, 0x2860, 0x2860, 0x2860, 0x2860, 0x2860, 0x3060, 0x3060, 0x3060,
  0x3060, 0x3060, 0x3060, 0x3060, 0x3060, 0x3060, 0x3060, 0x3060, 0x3060, 0x3060, 0x3060, 0x3060,
  0x3060, 0x3060, 0x3060, 0x3060, 0x3060, 0x3060, 0x3060, 0x3060, 0x3060, 0x3060, 0x3060, 0x3880,
  0x3880, 0x3880, 0x3880, 0x3880, 0x3880, 0x3880, 0x3880, 0x3880, 0x3880, 0x3880, 0x3880, 0x3880,
  0x3880, 0x3880, 0x3880, 0x3880, 0x3880, 0x3880, 0x3880, 0x3880, 0x3880, 0x3880, 0x38A0, 0x38A0,
  0x38A0, 0x38A0, 0x38A0, 0x38A0, 0x38A0, 0x40A0, 0x40A0, 0x40A0, 0x40A0, 0x40A0, 0x40A0, 0x40A0,
  0x40A0, 0x40A0, 0x40A0, 0x40A0, 0x40A0, 0x40A0, 0x40A0, 0x40A0, 0x40A0, 0x40A0, 0x40A0, 0x40A0,
  0x40A0, 0x40A0, 0x40A0, 0x40A0, 0x40A0, 0x40A0, 0x40A0, 0x40A0, 0x40C0, 0x40A0, 0x40C0, 0x40A0,
  0x40A0, 0x40A0, 0x40A0, 0x40A0, 0x40A0, 0x40A0, 0x40A0, 0x40A0, 0x40A0, 0x40A0, 0x40A0, 0x40A0,
  0x40A0, 0x40A0, 0x40A0, 0x40A0, 0x40A0, 0x40A0, 0x40A0, 0x40A0, 0x40A0, 0x40A0, 0x40A0, 0x40A0,
  0x40A0, 0x40A0, 0x40A0, 0x40A0, 0x40A0, 0x38A0, 0x38A0, 0x38A0, 0x38A0, 0x38A0, 0x38A0, 0x3880,
  0x3880, 0x3880, 0x3880, 0x3880, 0x3880, 0x3880, 0x3880, 0x3880, 0x3880, 0x3880, 0x3880, 0x3880,
  0x3080, 0x3080, 0x3080, 0x3080, 0x3080, 0x3080, 0x3080, 0x3060, 0x3060, 0x3060, 0x3060, 0x3060,
  0x3060, 0x3060, 0x3060, 0x3060, 0x3060, 0x3060, 0x3060, 0x3060, 0x3060, 0x2860, 0x2860, 0x2860,
  0x2860, 0x2860, 0x2860, 0x2860, 0x2860, 0x2860, 0x2860, 0x2860, 0x2860, 0x2840, 0x2840, 0x2840,
  0x2840, 0x2840, 0x2840, 0x2040, 0x2040, 0x2040, 0x2040, 0x2040, 0x2040, 0x2040, 0x2040, 0x2040,
  0x1820, 0x1820, 0x1820, 0x1820, 0x1820, 0x1840, 0x1840, 0x1840, 0x1840, 0x1840, 0x2040, 0x2040,
  0x2040, 0x2040, 0x2040, 0x2040, 0x2040, 0x2040, 0x2040, 0x2040, 0x2040, 0x2040, 0x2040, 0x2040,
  0x2040, 0x2040, 0x2040, 0x2040, 0x2040, 0x2040, 0x2040, 0x2040, 0x2040, 0x2840, 0x2040, 0x2840,
  0x2840, 0x2840, 0x2840, 0x2840, 0x2840, 0x2860, 0x2840, 0x2840, 0x2840, 0x2840, 0x2840, 0x2840,
  0x2840, 0x2860, 0x2860, 0x2860, 0x2860, 0x2860, 0x2860, 0x3060, 0x3060, 0x3060, 0x3060, 0x3060,
  0x3060, 0x3060, 0x3060, 0x3060, 0x3060, 0x3060, 0x3060, 0x3060, 0x3060, 0x3060, 0x3060, 0x3060,
  0x3060, 0x3060, 0x3060, 0x3060, 0x3060, 0x3060, 0x3060, 0x3060, 0x3060, 0x3060, 0x3860, 0x3880,
  0x3880, 0x3880, 0x3880, 0x3880, 0x3880, 0x3880, 0x3880, 0x3880, 0x3880, 0x3880, 0x3880, 0x3880,
  0x3880, 0x3880, 0x3880, 0x3880, 0x3880, 0x3880, 0x3880, 0x3880, 0x38A0, 0x38A0, 0x38A0, 0x38A0,
  0x40A0, 0x40A0, 0x40A0, 0x40A0, 0x40A0, 0x40A0, 0x40A0, 0x40A0, 0x40A0, 0x40A0, 0x40A0, 0x40A0,
  0x40A0, 0x40A0, 0x40A0, 0x40A0, 0x40A0, 0x40A0, 0x40A0, 0x40A0, 0x40A0, 0x40A0, 0x40A0, 0x40A0,
  0x40C0, 0x40C0, 0x40C0, 0x40C0, 0x40C0, 0x40A0, 0x40C0, 0x40C0, 0x40C0, 0x40C0, 0x40C0, 0x40C0,
  0x40C0, 0x40A0, 0x40A0, 0x40A0, 0x40A0, 0x40A0, 0x40A0, 0x40A0, 0x40A0, 0x40A0, 0x40A0, 0x40A0,
  0x40A0, 0x40A0, 0x40A0, 0x40A0, 0x40A0, 0x40A0, 0x40A0, 0x40A0, 0x40A0, 0x40A0, 0x40A0, 0x40A0,
  0x40A0, 0x40A0, 0x40A0, 0x40A0, 0x40A0, 0x40A0, 0x38A0, 0x38A0, 0x38A0, 0x38A0, 0x38A0, 0x38A0,
  0x3880, 0x3880, 0x3880, 0x3880, 0x3880, 0x3880, 0x3880, 0x3880, 0x3880, 0x3880, 0x3880, 0x3880,
  0x3880, 0x3080, 0x3080, 0x3080, 0x3080, 0x3080, 0x3080, 0x3060, 0x3060, 0x3060, 0x3060, 0x3060,
  0x3060, 0x3060, 0x3060, 0x3060, 0x3060, 0x3060, 0x3060, 0x3060, 0x3060, 0x3060, 0x2860, 0x2860,
  0x2860, 0x2860, 0x2860, 0x2860, 0x2860, 0x2860, 0x2860, 0x2860, 0x2860, 0x2860, 0x2840, 0x2840,
  0x2840, 0x2840, 0x2840, 0x2840, 0x2840, 0x2840, 0x2040, 0x2040, 0x2040, 0x2040, 0x2040, 0x2040,
  0x1820, 0x1820, 0x1820, 0x1820, 0x1820, 0x1820, 0x1840, 0x1840, 0x1840, 0x1840, 0x2040, 0x2040,
  0x2040, 0x2040, 0x2040, 0x2040, 0x2040, 0x2040, 0x2040, 0x2040, 0x2040, 0x2040, 0x2040, 0x2040,
  0x2040, 0x2040, 0x2040, 0x2040, 0x2040, 0x2040, 0x2040, 0x2040, 0x2040, 0x2840, 0x2840, 0x2840,
  0x2840, 0x2840, 0x2840, 0x2840, 0x2840, 0x2840, 0x2840, 0x2840, 0x2840, 0x2860, 0x2860, 0x2840,
  0x2840, 0x2840, 0x2860, 0x2860, 0x2860, 0x2860, 0x2860, 0x3060, 0x3060, 0x3060, 0x3060, 0x3060,
  0x3060, 0x3060, 0x3060, 0x3060, 0x3060, 0x3060, 0x3060, 0x3060, 0x3060, 0x3060, 0x3060, 0x3060,
  0x3060, 0x3060, 0x3060, 0x3060, 0x3060, 0x3060, 0x3060, 0x3060, 0x3060, 0x3860, 0x3860, 0x3880,
  0x3880, 0x3880, 0x3880, 0x3880, 0x3880, 0x3880, 0x3880, 0x3880, 0x3880, 0x3880, 0x3880, 0x3880,
  0x3880, 0x3880, 0x3880, 0x3880, 0x3880, 0x3880, 0x38A0, 0x38A0, 0x38A0, 0x40A0, 0x40A0, 0x40A0,
  0x40A0, 0x40A0, 0x40A0, 0x40A0, 0x40A0, 0x40A0, 0x40A0, 0x40A0, 0x40A0, 0x40A0, 0x40A0, 0x40A0,
  0x40A0, 0x40A0, 0x40A0, 0x40A0, 0x40A0, 0x40A0, 0x40A0, 0x40A0, 0x40A0, 0x40A0, 0x40A0, 0x40A0,
  0x40C0, 0x40C0, 0x40C0, 0x40C0, 0x40C0, 0x40C0, 0x40C0, 0x40C0, 0x40C0, 0x40C0, 0x40C0, 0x40C0,
  0x40C0, 0x40A0, 0x40A0, 0x40A0, 0x40C0, 0x40C0, 0x40A0, 0x40C0, 0x40A0, 0x40A0, 0x40A0, 0x40A0,
  0x40A0, 0x40A0, 0x40A0, 0x40A0, 0x40A0, 0x40A0, 0x40A0, 0x40A0, 0x40A0, 0x40A0, 0x40A0, 0x40A0,
  0x40A0, 0x40A0, 0x40A0, 0x40A0, 0x40A0, 0x40A0, 0x38A0, 0x38A0, 0x38A0, 0x38A0, 0x38A0, 0x3880,
  0x3880, 0x3880, 0x3880, 0x3880, 0x3880, 0x3880, 0x3880, 0x3880, 0x3880, 0x3880, 0x3880, 0x3880,
  0x3880, 0x3880, 0x3880, 0x3880, 0x3080, 0x3080, 0x3080, 0x3080, 0x3060, 0x3060, 0x3060, 0x3060,
  0x3060, 0x3060, 0x3060, 0x3060, 0x3060, 0x3060, 0x3060, 0x3060, 0x3060, 0x3060, 0x2860, 0x2860,
  0x2860, 0x2860, 0x2860, 0x2860, 0x2860, 0x2860, 0x2860, 0x2860, 0x2860, 0x2860, 0x2860, 0x2840,
  0x2840, 0x2840, 0x2040, 0x2040, 0x2040, 0x2040, 0x2040, 0x2040, 0x2040, 0x2040, 0x2040, 0x2040,
  0x1820, 0x1820, 0x1820, 0x1820, 0x1820, 0x1840, 0x1840, 0x1840, 0x2040, 0x2040, 0x2040, 0x2040,
  0x2040, 0x2040, 0x2040, 0x2040, 0x2040, 0x2040, 0x2040, 0x2040, 0x2040, 0x2040, 0x2040, 0x2040,
  0x2040, 0x2040, 0x2040, 0x2040, 0x2040, 0x2040, 0x2040, 0x2040, 0x2040, 0x2840, 0x2840, 0x2840,
  0x2840, 0x2840, 0x2840, 0x2860, 0x2840, 0x2840, 0x2840, 0x2840, 0x2860, 0x2860, 0x2860, 0x2860,
  0x2860, 0x2860, 0x2860, 0x2860, 0x2860, 0x2860, 0x3060, 0x3060, 0x3060, 0x3060, 0x3060, 0x3060,
  0x3060, 0x3060, 0x3060, 0x3060, 0x3060, 0x3060, 0x3060, 0x3060, 0x3060, 0x3060, 0x3060, 0x3060,
  0x3060, 0x3060, 0x3060, 0x3060, 0x3060, 0x3860, 0x3860, 0x3860, 0x3860, 0x3860, 0x3880, 0x3880,
  0x3880, 0x3880, 0x3880, 0x3880, 0x3880, 0x3880, 0x3880, 0x3880, 0x3880, 0x3880, 0x3880, 0x3880,
  0x3880, 0x3880, 0x3880, 0x3880, 0x3880, 0x3880, 0x38A0, 0x38A0, 0x38A0, 0x40A0, 0x40A0, 0x40A0,
  0x40A0, 0x40A0, 0x40A0, 0x40A0, 0x40A0, 0x40A0, 0x40A0, 0x40A0, 0x40A0, 0x40A0, 0x40A0, 0x40A0,
  0x40A0, 0x40A0, 0x40A0, 0x40A0, 0x40A0, 0x40A0, 0x40A0, 0x40A0, 0x40A0, 0x40A0, 0x40A0, 0x40A0,
  0x40A0, 0x40C0, 0x40C0, 0x40C0, 0x40C0, 0x40C0, 0x40C0, 0x40C0, 0x40C0, 0x40C0, 0x40C0, 0x40C0,
  0x40C0, 0x40C0, 0x40C0, 0x40C0, 0x40C0, 0x40C0, 0x40C0, 0x40C0, 0x40A0, 0x40C0, 0x40A0, 0x40A0,
  0x40A0, 0x40A0, 0x40A0, 0x40A0, 0x40A0, 0x40A0, 0x40A0, 0x40A0, 0x40A0, 0x40A0, 0x40A0, 0x40A0,
  0x40A0, 0x40A0, 0x40A0, 0x40A0, 0x40A0, 0x38A0, 0x38A0, 0x38A0, 0x38A0, 0x38A0, 0x38A0, 0x38A0,
  0x3880, 0x3880, 0x3880, 0x3880, 0x3880, 0x3880, 0x3880, 0x3880, 0x3880, 0x3880, 0x3880, 0x3880,
  0x3880, 0x3880, 0x3880, 0x3880, 0x3880, 0x3080, 0x3080, 0x3080, 0x3080, 0x3060, 0x3060, 0x3060,
  0x3060, 0x3060, 0x3060, 0x3060, 0x3060, 0x3060, 0x3060, 0x3060, 0x3060, 0x3060, 0x3060, 0x2860,
  0x2860, 0x2860, 0x2860, 0x2860, 0x2860, 0x2860, 0x2860, 0x2860, 0x2860, 0x2860, 0x2840, 0x2840,
  0x2840, 0x2840, 0x2840, 0x2840, 0x2840, 0x2840, 0x2040, 0x2040, 0x2040, 0x2040, 0x2040, 0x2040,
  0x1820, 0x1820, 0x1820, 0x1820, 0x1840, 0x1840, 0x1840, 0x1840, 0x1840, 0x2040, 0x2040, 0x2040,
  0x2040, 0x2040, 0x2040, 0x2040, 0x2040, 0x2040, 0x2040, 0x2040, 0x2040, 0x2040, 0x2040, 0x2040,
  0x2040, 0x2040, 0x2040, 0x2040, 0x2040, 0x2040, 0x2040, 0x2040, 0x2840, 0x2840, 0x2840, 0x2840,
  0x2840, 0x2860, 0x2840, 0x2840, 0x2840, 0x2840, 0x2840, 0x2860, 0x2860, 0x2860, 0x2860, 0x2860,
  0x2860, 0x2860, 0x2860, 0x2860, 0x3060, 0x3060, 0x3060, 0x3060, 0x3060, 0x3060, 0x3060, 0x3060,
  0x3060, 0x3060, 0x3060, 0x3060, 0x3060, 0x3060, 0x3060, 0x3060, 0x3060, 0x3060, 0x3060, 0x3060,
  0x3060, 0x3860, 0x3860, 0x3860, 0x3860, 0x3880, 0x3880, 0x3860, 0x3860, 0x3880, 0x3880, 0x3880,
  0x3880, 0x3880, 0x3880, 0x3880, 0x3880, 0x3880, 0x3880, 0x3880, 0x3880, 0x3880, 0x3880, 0x3880,
  0x3880, 0x3880, 0x3880, 0x3880, 0x3880, 0x40A0, 0x40A0, 0x40A0, 0x40A0, 0x40A0, 0x40A0, 0x40A0,
  0x40A0, 0x40A0, 0x40A0, 0x40A0, 0x40A0, 0x40A0, 0x40A0, 0x40A0, 0x40A0, 0x40A0, 0x40A0, 0x40A0,
  0x40A0, 0x40A0, 0x40A0, 0x40A0, 0x40A0, 0x40A0, 0x40C0, 0x40A0, 0x40A0, 0x40A0, 0x40A0, 0x40C0,
  0x40C0, 0x40C0, 0x40C0, 0x40C0, 0x40C0, 0x40C0, 0x40C0, 0x40C0, 0x40C0, 0x40C0, 0x40C0, 0x40C0,
  0x40C0, 0x40C0, 0x40C0, 0x40C0, 0x40C0, 0x40C0, 0x40C0, 0x40C0, 0x40C0, 0x40C0, 0x40C0, 0x40A0,
  0x40A0, 0x40A0, 0x40A0, 0x40A0, 0x40A0, 0x40A0, 0x40A0, 0x40C0, 0x40A0, 0x40A0, 0x40A0, 0x40A0,
  0x40A0, 0x40A0, 0x40A0, 0x40A0, 0x40A0, 0x40A0, 0x40A0, 0x38A0, 0x38A0, 0x38A0, 0x38A0, 0x38A0,
  0x38A0, 0x3880, 0x3880, 0x3880, 0x3880, 0x3880, 0x3880, 0x3880, 0x3880, 0x3880, 0x3880, 0x3880,
  0x3880, 0x3880, 0x3880, 0x3880, 0x3880, 0x3880, 0x3080, 0x3080, 0x3080, 0x3080, 0x3060, 0x3060,
  0x3060, 0x3060, 0x3060, 0x3060, 0x3060, 0x3060, 0x3060, 0x3060, 0x3060, 0x3060, 0x2860, 0x2860,
  0x2860, 0x2860, 0x2860, 0x2860, 0x2860, 0x2860, 0x2860, 0x2860, 0x2840, 0x2840, 0x2840, 0x2840,
  0x2840, 0x2840, 0x2840, 0x2840, 0x2840, 0x2840, 0x2840, 0x2040, 0x2040, 0x2040, 0x2040, 0x2040,
  0x1820, 0x1820, 0x1820, 0x1820, 0x1840, 0x1840, 0x1840, 0x1840, 0x1840, 0x2040, 0x2040, 0x2040,
  0x2040, 0x2040, 0x2040, 0x2040, 0x2040, 0x2040, 0x2040, 0x2040, 0x2040, 0x2040, 0x2040, 0x2040,
  0x2040, 0x2040, 0x2040, 0x2040, 0x2040, 0x2040, 0x2840, 0x2840, 0x2840, 0x2840, 0x2840, 0x2840,
  0x2840, 0x2840, 0x2840, 0x2860, 0x2860, 0x2840, 0x2840, 0x2840, 0x2860, 0x2860, 0x2860, 0x2860,
  0x2860, 0x2860, 0x3060, 0x3060, 0x3060, 0x3060, 0x3060, 0x3060, 0x3060, 0x3060, 0x3060, 0x3060,
  0x3060, 0x3060, 0x3060, 0x3060, 0x3060, 0x3060, 0x3060, 0x3060, 0x3060, 0x3060, 0x3060, 0x3060,
  0x3060, 0x3860, 0x3880, 0x3880, 0x3880, 0x3880, 0x3880, 0x3880, 0x3860, 0x3880, 0x3880, 0x3880,
  0x3880, 0x3880, 0x3880, 0x3880, 0x3880, 0x3880, 0x3880, 0x3880, 0x3880, 0x3880, 0x3880, 0x3880,
  0x3880, 0x3880, 0x38A0, 0x38A0, 0x40A0, 0x40A0, 0x40A0, 0x40A0, 0x40A0, 0x40A0, 0x40A0, 0x40A0,
  0x40A0, 0x40A0, 0x40A0, 0x40A0, 0x40A0, 0x40A0, 0x40A0, 0x40A0, 0x40A0, 0x40A0, 0x40A0, 0x40A0,
  0x40A0, 0x40A0, 0x40A0, 0x40A0, 0x40A0, 0x40C0, 0x40C0, 0x40A0, 0x40C0, 0x40C0, 0x40C0, 0x40C0,
  0x40C0, 0x40C0, 0x40C0, 0x40C0, 0x40C0, 0x40C0, 0x48C0, 0x40C0, 0x40C0, 0x48C0, 0x48C0, 0x40C0,
  0x40C0, 0x40C0, 0x48C0, 0x48C0, 0x40C0, 0x40C0, 0x40C0, 0x40C0, 0x40C0, 0x40C0, 0x40C0, 0x40C0,
  0x40C0, 0x40C0, 0x40C0, 0x40C0, 0x40C0, 0x40C0, 0x40C0, 0x40C0, 0x40C0, 0x40A0, 0x40A0, 0x40A0,
  0x40A0, 0x40A0, 0x40A0, 0x40A0, 0x40A0, 0x40A0, 0x40A0, 0x38A0, 0x38A0, 0x38A0, 0x38A0, 0x38A0,
  0x38A0, 0x3880, 0x38A0, 0x3880, 0x3880, 0x3880, 0x3880, 0x3880, 0x3880, 0x3880, 0x3880, 0x3880,
  0x3880, 0x3880, 0x3880, 0x3880, 0x3880, 0x3080, 0x3080, 0x3080, 0x3080, 0x3080, 0x3060, 0x3060,
  0x3060, 0x3060, 0x3060, 0x3060, 0x3060, 0x3060, 0x3060, 0x3060, 0x3060, 0x2860, 0x2860, 0x2860,
  0x2860, 0x2860, 0x2860, 0x2860, 0x2860, 0x2860, 0x2860, 0x2860, 0x2840, 0x2860, 0x2840, 0x2840,
  0x2840, 0x2840, 0x2840, 0x2840, 0x2840, 0x2840, 0x2840, 0x2840, 0x2840, 0x2040, 0x2040, 0x2040,
  0x1820, 0x1820, 0x1820, 0x1820, 0x1820, 0x1840, 0x1840, 0x1840, 0x1840, 0x2040, 0x2040, 0x2040,
  0x2040, 0x2040, 0x2040, 0x2040, 0x2040, 0x2040, 0x2040, 0x2040, 0x2040, 0x2040, 0x2040, 0x2040,
  0x2040, 0x2040, 0x2040, 0x2040, 0x2040, 0x2040, 0x2840, 0x2840, 0x2840, 0x2840, 0x2840, 0x2840,
  0x2840, 0x2840, 0x2840, 0x2840, 0x2840, 0x2840, 0x2860, 0x2860, 0x2860, 0x2860, 0x2860, 0x2860,
  0x2860, 0x2860, 0x3060, 0x3060, 0x3060, 0x3060, 0x3060, 0x3060, 0x3060, 0x3060, 0x3060, 0x3060,
  0x3060, 0x3060, 0x3060, 0x3060, 0x3060, 0x3060, 0x3060, 0x3060, 0x3060, 0x3060, 0x3060, 0x3060,
  0x3060, 0x3880, 0x3880, 0x3880, 0x3880, 0x3880, 0x3880, 0x3880, 0x3880, 0x3880, 0x3880, 0x3880,
  0x3880, 0x3880, 0x3880, 0x3880, 0x3880, 0x3880, 0x3880, 0x3880, 0x3880, 0x3880, 0x3880, 0x38A0,
  0x38A0, 0x38A0, 0x38A0, 0x40A0, 0x40A0, 0x40A0, 0x40A0, 0x40A0, 0x40A0, 0x40A0, 0x40A0, 0x40A0,
  0x40A0, 0x40A0, 0x40A0, 0x40A0, 0x40A0, 0x40A0, 0x40A0, 0x40A0, 0x40A0, 0x40A0, 0x40A0, 0x40A0,
  0x40A0, 0x40A0, 0x40A0, 0x40A0, 0x40A0, 0x40C0, 0x40C0, 0x40C0, 0x40C0, 0x40C0, 0x40C0, 0x40C0,
  0x40C0, 0x40C0, 0x40C0, 0x48C0, 0x40C0, 0x40C0, 0x40C0, 0x40C0, 0x48C0, 0x48C0, 0x48C0, 0x40C0,
  0x40C0, 0x48C0, 0x48C0, 0x40C0, 0x40C0, 0x40C0, 0x40C0, 0x40C0, 0x40C0, 0x40C0, 0x40C0, 0x40C0,
  0x40C0, 0x40C0, 0x40C0, 0x40C0, 0x40C0, 0x40C0, 0x40C0, 0x40C0, 0x40C0, 0x40A0, 0x40A0, 0x40A0,
  0x40A0, 0x40A0, 0x40A0, 0x40A0, 0x40A0, 0x40A0, 0x40A0, 0x38A0, 0x38A0, 0x38A0, 0x38A0, 0x38A0,
  0x38A0, 0x38A0, 0x38A0, 0x38A0, 0x3880, 0x3880, 0x3880, 0x3880, 0x3880, 0x3880, 0x3880, 0x3880,
  0x3880, 0x3880, 0x3880, 0x3880, 0x3880, 0x3880, 0x3080, 0x3080, 0x3080, 0x3080, 0x3080, 0x3060,
  0x3060, 0x3060, 0x3060, 0x3060, 0x3060, 0x3060, 0x3060, 0x3060, 0x3060, 0x3060, 0x2860, 0x2860,
  0x2860, 0x2860, 0x2860, 0x2860, 0x2860, 0x2860, 0x2860, 0x2860, 0x2840, 0x2840, 0x2840, 0x2840,
  0x2840, 0x2860, 0x2840, 0x2840, 0x2840, 0x2840, 0x2840, 0x2840, 0x2840, 0x2040, 0x2040, 0x2040,
  0x1820, 0x1820, 0x1820, 0x1820, 0x1840, 0x1820, 0x1840, 0x1820, 0x1840, 0x2040, 0x2020, 0x2040,
  0x2040, 0x2040, 0x2040, 0x2040, 0x2040, 0x2040, 0x2040, 0x2040, 0x2040, 0x2040, 0x2040, 0x2040,
  0x2040, 0x2040, 0x2040, 0x2040, 0x2840, 0x2040, 0x2840, 0x2840, 0x2840, 0x2840, 0x2840, 0x2840,
  0x2840, 0x2840, 0x2840, 0x2840, 0x2840, 0x2840, 0x2840, 0x2860, 0x2860, 0x2860, 0x2860, 0x2860,
  0x2860, 0x3060, 0x3060, 0x3060, 0x3060, 0x3060, 0x3060, 0x3060, 0x3060, 0x3060, 0x3060, 0x3060,
  0x3060, 0x3060, 0x3060, 0x3060, 0x3060, 0x3060, 0x3060, 0x3060, 0x3060, 0x3860, 0x3860, 0x3860,
  0x3860, 0x3880, 0x3880, 0x3880, 0x3880, 0x3880, 0x3880, 0x3880, 0x3880, 0x3880, 0x3880, 0x3880,
  0x3880, 0x3880, 0x3880, 0x3880, 0x3880, 0x3880, 0x3880, 0x3880, 0x3880, 0x3880, 0x38A0, 0x38A0,
  0x38A0, 0x38A0, 0x38A0, 0x40A0, 0x40A0, 0x40A0, 0x40A0, 0x40A0, 0x40A0, 0x40A0, 0x40A0, 0x40A0,
  0x40A0, 0x40A0, 0x40A0, 0x40A0, 0x40A0, 0x40A0, 0x40A0, 0x40A0, 0x40A0, 0x40A0, 0x40A0, 0x40A0,
  0x40A0, 0x40A0, 0x40A0, 0x40C0, 0x40C0, 0x40C0, 0x40C0, 0x40C0, 0x40C0, 0x40C0, 0x40C0, 0x40C0,
  0x40C0, 0x48C0, 0x40C0, 0x40C0, 0x48C0, 0x40C0, 0x40C0, 0x48C0, 0x48C0, 0x48C0, 0x40C0, 0x48C0,
  0x48C0, 0x40C0, 0x48C0, 0x48C0, 0x40C0, 0x40C0, 0x40C0, 0x40C0, 0x40C0, 0x40C0, 0x40C0, 0x40C0,
  0x40C0, 0x40C0, 0x40C0, 0x40C0, 0x40C0, 0x40C0, 0x40C0, 0x40C0, 0x40C0, 0x40A0, 0x40A0, 0x40A0,
  0x40A0, 0x40A0, 0x40A0, 0x40A0, 0x40A0, 0x40A0, 0x40A0, 0x38A0, 0x38A0, 0x38A0, 0x38A0, 0x38A0,
  0x38A0, 0x38A0, 0x38A0, 0x38A0, 0x3880, 0x3880, 0x3880, 0x3880, 0x3880, 0x3880, 0x3880, 0x3880,
  0x3880, 0x3880, 0x3880, 0x3880, 0x3880, 0x3880, 0x3080, 0x3080, 0x3080, 0x3080, 0x3080, 0x3060,
  0x3060, 0x3060, 0x3060, 0x3060, 0x3060, 0x3060, 0x3060, 0x3060, 0x3060, 0x3060, 0x2860, 0x3060,
  0x2860, 0x2860, 0x2860, 0x2860, 0x2860, 0x2860, 0x2860, 0x2860, 0x2840, 0x2840, 0x2840, 0x2840,
  0x2840, 0x2840, 0x2840, 0x2840, 0x2840, 0x2840, 0x2840, 0x2840, 0x2040, 0x2040, 0x2040, 0x2040,
  0x1820, 0x1820, 0x1820, 0x1820, 0x1820, 0x1840, 0x1840, 0x1840, 0x1820, 0x1840, 0x2040, 0x2040,
  0x2040, 0x2040, 0x2040, 0x2040, 0x2040, 0x2040, 0x2040, 0x2040, 0x2040, 0x2040, 0x2040, 0x2040,
  0x2040, 0x2040, 0x2040, 0x2040, 0x2840, 0x2840, 0x2840, 0x2840, 0x2840, 0x2840, 0x2840, 0x2840,
  0x2840, 0x2840, 0x2840, 0x2860, 0x2860, 0x2840, 0x2860, 0x2860, 0x2860, 0x2860, 0x2860, 0x2860,
  0x2860, 0x3060, 0x3060, 0x3060, 0x3060, 0x3060, 0x3060, 0x3060, 0x3060, 0x3060, 0x3060, 0x3060,
  0x3060, 0x3060, 0x3060, 0x3060, 0x3060, 0x3060, 0x3060, 0x3060, 0x3060, 0x3060, 0x3860, 0x3860,
  0x3860, 0x3880, 0x3880, 0x3880, 0x3880, 0x3880, 0x3880, 0x3880, 0x3880, 0x3880, 0x3880, 0x3880,
  0x3880, 0x3880, 0x3880, 0x3880, 0x3880, 0x3880, 0x3880, 0x3880, 0x3880, 0x3880, 0x38A0, 0x40A0,
  0x40A0, 0x40A0, 0x40A0, 0x40A0, 0x40A0, 0x40A0, 0x40A0, 0x40A0, 0x40A0, 0x40A0, 0x40A0, 0x40A0,
  0x40A0, 0x40A0, 0x40A0, 0x40A0, 0x40A0, 0x40A0, 0x40A0, 0x40A0, 0x40A0, 0x40A0, 0x40A0, 0x40A0,
  0x40A0, 0x40C0, 0x40C0, 0x40C0, 0x40C0, 0x40C0, 0x40C0, 0x48C0, 0x40C0, 0x40C0, 0x48C0, 0x48C0,
  0x48C0, 0x48C0, 0x40C0, 0x40C0, 0x48C0, 0x48C0, 0x48C0, 0x48C0, 0x48C0, 0x40C0, 0x40C0, 0x48C0,
  0x48C0, 0x48C0, 0x40C0, 0x40C0, 0x48C0, 0x40C0, 0x40C0, 0x40C0, 0x40C0, 0x40C0, 0x40C0, 0x40C0,
  0x40C0, 0x40C0, 0x40C0, 0x40C0, 0x40C0, 0x40C0, 0x40C0, 0x40C0, 0x40C0, 0x40C0, 0x40A0, 0x40A0,
  0x40A0, 0x40A0, 0x40A0, 0x40A0, 0x40A0, 0x40A0, 0x40A0, 0x38A0, 0x40A0, 0x40A0, 0x40A0, 0x40A0,
  0x38A0, 0x38A0, 0x38A0, 0x38A0, 0x3880, 0x3880, 0x3880, 0x3880, 0x3880, 0x3880, 0x3880, 0x3880,
  0x3880, 0x3880, 0x3880, 0x3880, 0x3880, 0x3880, 0x3080, 0x3080, 0x3080, 0x3080, 0x3060, 0x3060,
  0x3060, 0x3060, 0x3060, 0x3060, 0x3060, 0x3060, 0x3060, 0x3060, 0x3060, 0x3060, 0x3060, 0x3060,
  0x2860, 0x2860, 0x2860, 0x2860, 0x2860, 0x2860, 0x2860, 0x2860, 0x2860, 0x2860, 0x2840, 0x2840,
  0x2840, 0x2840, 0x2840, 0x2840, 0x2840, 0x2840, 0x2840, 0x2840, 0x2840, 0x2040, 0x2040, 0x2040,
  0x1820, 0x1820, 0x1820, 0x1820, 0x1840, 0x1840, 0x1820, 0x1840, 0x1820, 0x1820, 0x2020, 0x2040,
  0x2040, 0x2040, 0x2040, 0x2040, 0x2040, 0x2040, 0x2040, 0x2040, 0x2040, 0x2040, 0x2040, 0x2040,
  0x2040, 0x2040, 0x2040, 0x2040, 0x2840, 0x2840, 0x2840, 0x2840, 0x2840, 0x2840, 0x2840, 0x2840,
  0x2840, 0x2840, 0x2840, 0x2860, 0x2860, 0x2860, 0x2860, 0x2860, 0x2860, 0x2860, 0x2860, 0x2860,
  0x2860, 0x3060, 0x3060, 0x3060, 0x3060, 0x3060, 0x3060, 0x3060, 0x3060, 0x3060, 0x3060, 0x3060,
  0x3060, 0x3060, 0x3060, 0x3060, 0x3060, 0x3060, 0x3060, 0x3860, 0x3880, 0x3860, 0x3860, 0x3880,
  0x3880, 0x3880, 0x3880, 0x3880, 0x3880, 0x3880, 0x3880, 0x3880, 0x3880, 0x3880, 0x3880, 0x3880,
  0x3880, 0x3880, 0x3880, 0x3880, 0x3880, 0x3880, 0x38A0, 0x3880, 0x3880, 0x38A0, 0x40A0, 0x40A0,
  0x40A0, 0x40A0, 0x40A0, 0x40A0, 0x40A0, 0x40A0, 0x40A0, 0x40A0, 0x40A0, 0x40A0, 0x40A0, 0x40A0,
  0x40A0, 0x40A0, 0x40A0, 0x40A0, 0x40A0, 0x40A0, 0x40A0, 0x40A0, 0x40A0, 0x40C0, 0x40C0, 0x40C0,
  0x40C0, 0x40C0, 0x40C0, 0x40C0, 0x40C0, 0x40C0, 0x40C0, 0x40C0, 0x40C0, 0x40C0, 0x48C0, 0x48C0,
  0x48C0, 0x48C0, 0x48C0, 0x48C0, 0x48C0, 0x48C0, 0x48C0, 0x48C0, 0x48C0, 0x40C0, 0x48C0, 0x48C0,
  0x48C0, 0x48C0, 0x48C0, 0x48C0, 0x48C0, 0x48C0, 0x48C0, 0x40C0, 0x40C0, 0x40C0, 0x40C0, 0x40C0,
  0x40C0, 0x40C0, 0x40C0, 0x40C0, 0x40C0, 0x40C0, 0x40C0, 0x40C0, 0x40C0, 0x40C0, 0x40A0, 0x40A0,
  0x40A0, 0x40A0, 0x40A0, 0x40A0, 0x40A0, 0x40A0, 0x40A0, 0x38A0, 0x38A0, 0x40A0, 0x40A0, 0x40A0,
  0x40A0, 0x38A0, 0x38A0, 0x38A0, 0x38A0, 0x3880, 0x3880, 0x3880, 0x3880, 0x3880, 0x3880, 0x3880,
  0x3880, 0x3880, 0x3880, 0x3880, 0x3880, 0x3880, 0x3080, 0x3080, 0x3080, 0x3080, 0x3060, 0x3060,
  0x3060, 0x3060, 0x3060, 0x3060, 0x3060, 0x3060, 0x3060, 0x3060, 0x3060, 0x3060, 0x3060, 0x2860,
  0x2860, 0x2860, 0x2860, 0x2860, 0x2860, 0x2860, 0x2860, 0x2860, 0x2860, 0x2860, 0x2860, 0x2840,
  0x2860, 0x2840, 0x2840, 0x2840, 0x2840, 0x2840, 0x2840, 0x2840, 0x2040, 0x2040, 0x2040, 0x2040,
  0x1820, 0x1820, 0x1820, 0x1820, 0x1840, 0x1840, 0x1840, 0x1840, 0x1820, 0x1820, 0x2020, 0x2040,
  0x2040, 0x2040, 0x2040, 0x2040, 0x2040, 0x2040, 0x2040, 0x2040, 0x2040, 0x2040, 0x2040, 0x2040,
  0x2040, 0x2040, 0x2040, 0x2040, 0x2840, 0x2840, 0x2840, 0x2840, 0x2840, 0x2840, 0x2840, 0x2840,
  0x2840, 0x2840, 0x2840, 0x2840, 0x2860, 0x2860, 0x2860, 0x2860, 0x2860, 0x2860, 0x2860, 0x3060,
  0x3060, 0x3060, 0x3060, 0x3060, 0x3060, 0x3060, 0x3060, 0x3060, 0x3060, 0x3060, 0x3060, 0x3060,
  0x3060, 0x3060, 0x3060, 0x3060, 0x3060, 0x3060, 0x3860, 0x3860, 0x3860, 0x3860, 0x3860, 0x3880,
  0x3880, 0x3880, 0x3880, 0x3880, 0x3880, 0x3880, 0x3880, 0x3880, 0x3880, 0x3880, 0x3880, 0x3880,
  0x3880, 0x3880, 0x3880, 0x3880, 0x3880, 0x3880, 0x38A0, 0x38A0, 0x40A0, 0x40A0, 0x40A0, 0x40A0,
  0x40A0, 0x40A0, 0x40A0, 0x40A0, 0x40A0, 0x40A0, 0x40A0, 0x40A0, 0x40A0, 0x40A0, 0x40A0, 0x40A0,
  0x40A0, 0x40A0, 0x40A0, 0x40A0, 0x40A0, 0x40A0, 0x40A0, 0x40A0, 0x40C0, 0x40C0, 0x40C0, 0x40C0,
  0x40C0, 0x40C0, 0x40C0, 0x40C0, 0x40C0, 0x40C0, 0x40C0, 0x40C0, 0x40C0, 0x48C0, 0x48C0, 0x48C0,
  0x48C0, 0x48C0, 0x48C0, 0x48C0, 0x48C0, 0x48C0, 0x48C0, 0x48C0, 0x48C0, 0x40C0, 0x48C0, 0x48C0,
  0x48C0, 0x48C0, 0x48C0, 0x48C0, 0x48C0, 0x48C0, 0x48C0, 0x40C0, 0x40C0, 0x40C0, 0x40C0, 0x40C0,
  0x40C0, 0x40C0, 0x40C0, 0x40C0, 0x40C0, 0x40C0, 0x40C0, 0x40C0, 0x40C0, 0x40A0, 0x40A0, 0x40A0,
  0x40A0, 0x40A0, 0x40A0, 0x40A0, 0x40A0, 0x40A0, 0x40A0, 0x38A0, 0x38A0, 0x40A0, 0x40A0, 0x40A0,
  0x40A0, 0x38A0, 0x38A0, 0x38A0, 0x3880, 0x3880, 0x3880, 0x3880, 0x3880, 0x3880, 0x3880, 0x3880,
  0x3880, 0x3880, 0x3880, 0x3880, 0x3880, 0x3880, 0x3880, 0x3080, 0x3060, 0x3080, 0x3060, 0x3060,
  0x3060, 0x3060, 0x3060, 0x3060, 0x3060, 0x3060, 0x3060, 0x3060, 0x3060, 0x3060, 0x2860, 0x2860,
  0x2860, 0x3060, 0x2860, 0x2860, 0x2860, 0x2860, 0x2860, 0x2860, 0x2860, 0x2860, 0x2860, 0x2860,
  0x2860, 0x2840, 0x2840, 0x2840, 0x2840, 0x2840, 0x2840, 0x2840, 0x2840, 0x2040, 0x2040, 0x2040,
  0x1820, 0x1820, 0x1820, 0x1840, 0x1840, 0x1840, 0x1840, 0x1840, 0x1820, 0x1820, 0x2040, 0x2040,
  0x2040, 0x2040, 0x2040, 0x2040, 0x2040, 0x2040, 0x2040, 0x2040, 0x2040, 0x2040, 0x2040, 0x2040,
  0x2040, 0x2040, 0x2040, 0x2040, 0x2840, 0x2840, 0x2840, 0x2840, 0x2840, 0x2840, 0x2840, 0x2840,
  0x2840, 0x2840, 0x2840, 0x2860, 0x2860, 0x2860, 0x2860, 0x2860, 0x2860, 0x2860, 0x2860, 0x3060,
  0x3060, 0x3060, 0x3060, 0x3060, 0x3060, 0x3060, 0x3060, 0x3060, 0x3060, 0x3060, 0x3060, 0x3060,
  0x3060, 0x3060, 0x3060, 0x3060, 0x3060, 0x3060, 0x3060, 0x3860, 0x3880, 0x3880, 0x3880, 0x3880,
  0x3880, 0x3880, 0x3880, 0x3880, 0x3880, 0x3880, 0x3880, 0x3880, 0x3880, 0x3880, 0x3880, 0x3880,
  0x3880, 0x3880, 0x3880, 0x3880, 0x3880, 0x38A0, 0x38A0, 0x40A0, 0x40A0, 0x40A0, 0x40A0, 0x40A0,
  0x40A0, 0x40A0, 0x40A0, 0x40A0, 0x40A0, 0x40A0, 0x40A0, 0x40A0, 0x40A0, 0x40A0, 0x40A0, 0x40A0,
  0x40A0, 0x40A0, 0x40A0, 0x40A0, 0x40A0, 0x40A0, 0x40A0, 0x40C0, 0x40A0, 0x40C0, 0x40C0, 0x40C0,
  0x40C0, 0x40C0, 0x40C0, 0x40C0, 0x40C0, 0x48C0, 0x40C0, 0x40C0, 0x40C0, 0x48C0, 0x48C0, 0x48C0,
  0x48C0, 0x48C0, 0x48C0, 0x48C0, 0x48C0, 0x48C0, 0x48C0, 0x48C0, 0x48C0, 0x48C0, 0x48C0, 0x48C0,
  0x48C0, 0x48C0, 0x48C0, 0x48C0, 0x48C0, 0x48C0, 0x48C0, 0x48C0, 0x40C0, 0x40C0, 0x40C0, 0x40C0,
  0x40C0, 0x40C0, 0x40C0, 0x40C0, 0x40C0, 0x40C0, 0x40C0, 0x40C0, 0x40C0, 0x40A0, 0x40A0, 0x40A0,
  0x40A0, 0x40A0, 0x40A0, 0x40A0, 0x40A0, 0x40A0, 0x40A0, 0x40A0, 0x40A0, 0x40A0, 0x40A0, 0x40A0,
  0x38A0, 0x38A0, 0x38A0, 0x38A0, 0x38A0, 0x3880, 0x3880, 0x3880, 0x3880, 0x3880, 0x3880, 0x3880,
  0x3880, 0x3880, 0x3880, 0x3880, 0x3880, 0x3880, 0x3080, 0x3080, 0x3080, 0x3060, 0x3060, 0x3060,
  0x3060, 0x3060, 0x3060, 0x3060, 0x3060, 0x3060, 0x3060, 0x3060, 0x3060, 0x2860, 0x2860, 0x2860,
  0x2860, 0x2860, 0x2860, 0x2860, 0x2860, 0x2860, 0x2860, 0x2860, 0x2860, 0x2860, 0x2860, 0x2860,
  0x2860, 0x2860, 0x2860, 0x2840, 0x2840, 0x2840, 0x2840, 0x2840, 0x2840, 0x2040, 0x2040, 0x2040,
  0x1820, 0x1820, 0x1820, 0x1820, 0x1840, 0x1840, 0x1840, 0x1840, 0x1820, 0x2040, 0x2020, 0x2040,
  0x2040, 0x2040, 0x2040, 0x2040, 0x2040, 0x2040, 0x2040, 0x2040, 0x2040, 0x2040, 0x2040, 0x2040,
  0x2040, 0x2040, 0x2040, 0x2840, 0x2840, 0x2840, 0x2840, 0x2840, 0x2840, 0x2840, 0x2840, 0x2840,
  0x2840, 0x2860, 0x2840, 0x2860, 0x2860, 0x2860, 0x2860, 0x2860, 0x2860, 0x2860, 0x2860, 0x3060,
  0x3060, 0x3060, 0x3060, 0x3060, 0x3060, 0x3060, 0x3060, 0x3060, 0x3060, 0x3060, 0x3060, 0x3060,
  0x3060, 0x3060, 0x3060, 0x3060, 0x3880, 0x3860, 0x3860, 0x3860, 0x3880, 0x3880, 0x3880, 0x3880,
  0x3880, 0x3880, 0x3880, 0x3880, 0x3880, 0x3880, 0x3880, 0x3880, 0x3880, 0x3880, 0x3880, 0x3880,
  0x3880, 0x3880, 0x3880, 0x3880, 0x3880, 0x38A0, 0x38A0, 0x38A0, 0x40A0, 0x40A0, 0x40A0, 0x40A0,
  0x40A0, 0x40A0, 0x40A0, 0x40A0, 0x40A0, 0x40A0, 0x40A0, 0x40A0, 0x40A0, 0x40A0, 0x40A0, 0x40A0,
  0x40A0, 0x40A0, 0x40A0, 0x40A0, 0x40A0, 0x40A0, 0x40A0, 0x40C0, 0x40C0, 0x40A0, 0x40C0, 0x40C0,
  0x40C0, 0x40C0, 0x40C0, 0x40C0, 0x40C0, 0x40C0, 0x40C0, 0x40C0, 0x40C0, 0x48C0, 0x48C0, 0x48C0,
  0x48C0, 0x48C0, 0x48C0, 0x48C0, 0x48C0, 0x48C0, 0x48C0, 0x48C0, 0x48C0, 0x48C0, 0x48C0, 0x48C0,
  0x48C0, 0x48C0, 0x48C0, 0x48C0, 0x48C0, 0x48C0, 0x48C0, 0x48C0, 0x40C0, 0x40C0, 0x40C0, 0x40C0,
  0x40C0, 0x40C0, 0x40C0, 0x40C0, 0x40C0, 0x40C0, 0x40C0, 0x40C0, 0x40C0, 0x40A0, 0x40A0, 0x40A0,
  0x40A0, 0x40A0, 0x40A0, 0x40A0, 0x40A0, 0x40A0, 0x40A0, 0x40A0, 0x40A0, 0x40A0, 0x38A0, 0x38A0,
  0x38A0, 0x38A0, 0x38A0, 0x38A0, 0x38A0, 0x38A0, 0x3880, 0x3880, 0x3880, 0x3880, 0x3880, 0x3880,
  0x3880, 0x3880, 0x3880, 0x3880, 0x3880, 0x3880, 0x3080, 0x3080, 0x3060, 0x3060, 0x3060, 0x3060,
  0x3060, 0x3060, 0x3060, 0x3060, 0x3060, 0x3060, 0x3060, 0x3060, 0x3060, 0x2860, 0x2860, 0x2860,
  0x2860, 0x2860, 0x2860, 0x2860, 0x2860, 0x2860, 0x2860, 0x2860, 0x2860, 0x2860, 0x2860, 0x2860,
  0x2860, 0x2860, 0x2840, 0x2840, 0x2840, 0x2840, 0x2840, 0x2840, 0x2840, 0x2040, 0x2040, 0x2040,
  0x1820, 0x1820, 0x1820, 0x1840, 0x1840, 0x1840, 0x1840, 0x1820, 0x1840, 0x1820, 0x2020, 0x2040,
  0x2040, 0x2040, 0x2040, 0x2040, 0x2040, 0x2040, 0x2040, 0x2040, 0x2040, 0x2040, 0x2040, 0x2040,
  0x2040, 0x2040, 0x2040, 0x2040, 0x2840, 0x2840, 0x2840, 0x2840, 0x2840, 0x2840, 0x2840, 0x2840,
  0x2840, 0x2840, 0x2860, 0x2860, 0x2860, 0x2860, 0x2860, 0x2860, 0x2860, 0x2860, 0x3060, 0x3060,
  0x3060, 0x3060, 0x3060, 0x3060, 0x3060, 0x3060, 0x3060, 0x3060, 0x3060, 0x3060, 0x3060, 0x3060,
  0x3060, 0x3060, 0x3860, 0x3060, 0x3060, 0x3060, 0x3860, 0x3880, 0x3880, 0x3880, 0x3880, 0x3880,
  0x3880, 0x3880, 0x3880, 0x3880, 0x3880, 0x3880, 0x3880, 0x3880, 0x3880, 0x3880, 0x3880, 0x3880,
  0x3880, 0x3880, 0x3880, 0x38A0, 0x4080, 0x3880, 0x40A0, 0x40A0, 0x40A0, 0x40A0, 0x40A0, 0x40A0,
  0x40A0, 0x40A0, 0x40A0, 0x40A0, 0x40A0, 0x40A0, 0x40A0, 0x40A0, 0x40A0, 0x40A0, 0x40A0, 0x40A0,
  0x40A0, 0x40A0, 0x40A0, 0x40A0, 0x40A0, 0x40A0, 0x40A0, 0x40C0, 0x40C0, 0x40C0, 0x40C0, 0x40C0,
  0x40C0, 0x40C0, 0x40C0, 0x40C0, 0x40C0, 0x40C0, 0x40C0, 0x40C0, 0x40C0, 0x48C0, 0x48C0, 0x48C0,
  0x48C0, 0x48C0, 0x48C0, 0x48C0, 0x48C0, 0x48C0, 0x48C0, 0x48C0, 0x48C0, 0x48C0, 0x48C0, 0x48C0,
  0x40C0, 0x48C0, 0x48C0, 0x48C0, 0x48C0, 0x48C0, 0x48C0, 0x48C0, 0x40C0, 0x40C0, 0x40C0, 0x40C0,
  0x40C0, 0x40A0, 0x40C0, 0x48C0, 0x40C0, 0x40C0, 0x40A0, 0x40C0, 0x40A0, 0x40A0, 0x40A0, 0x40A0,
  0x40A0, 0x40A0, 0x40A0, 0x40A0, 0x40A0, 0x40A0, 0x40A0, 0x40A0, 0x40A0, 0x40A0, 0x38A0, 0x40A0,
  0x38A0, 0x38A0, 0x38A0, 0x38A0, 0x38A0, 0x3880, 0x3880, 0x3880, 0x3880, 0x3880, 0x3880, 0x3880,
  0x3880, 0x3880, 0x3880, 0x3880, 0x3880, 0x3880, 0x3080, 0x3060, 0x3060, 0x3060, 0x3060, 0x3060,
  0x3060, 0x3060, 0x3060, 0x3060, 0x3060, 0x3060, 0x3060, 0x3060, 0x3060, 0x2860, 0x2860, 0x2860,
  0x2860, 0x2860, 0x2860, 0x2860, 0x2860, 0x2860, 0x2860, 0x2860, 0x2840, 0x2840, 0x2860, 0x2860,
  0x2860, 0x2840, 0x2840, 0x2840, 0x2840, 0x2840, 0x2840, 0x2840, 0x2840, 0x2040, 0x2040, 0x2040,
  0x1820, 0x1820, 0x1840, 0x1840, 0x1840, 0x1840, 0x1840, 0x1820, 0x1840, 0x1820, 0x2020, 0x2040,
  0x2040, 0x2040, 0x2040, 0x2040, 0x2040, 0x2040, 0x2040, 0x2040, 0x2040, 0x2040, 0x2040, 0x2040,
  0x2040, 0x2040, 0x2040, 0x2840, 0x2840, 0x2840, 0x2840, 0x2840, 0x2840, 0x2840, 0x2840, 0x2840,
  0x2840, 0x2840, 0x2840, 0x2840, 0x2860, 0x2860, 0x2860, 0x2860, 0x2860, 0x3060, 0x3060, 0x3060,
  0x3060, 0x3060, 0x3060, 0x3060, 0x3060, 0x3060, 0x3060, 0x3060, 0x3060, 0x3060, 0x3060, 0x3060,
  0x3060, 0x3060, 0x3860, 0x3060, 0x3060, 0x3060, 0x3060, 0x3880, 0x3880, 0x3880, 0x3880, 0x3880,
  0x3880, 0x3880, 0x3880, 0x3880, 0x3880, 0x3880, 0x3880, 0x3880, 0x3880, 0x3880, 0x3880, 0x3880,
  0x3880, 0x3880, 0x3880, 0x3880, 0x40A0, 0x40A0, 0x40A0, 0x40A0, 0x40A0, 0x40A0, 0x40A0, 0x40A0,
  0x40A0, 0x40A0, 0x40A0, 0x40A0, 0x40A0, 0x40A0, 0x40A0, 0x40A0, 0x40A0, 0x40A0, 0x40A0, 0x40A0,
  0x40A0, 0x40A0, 0x40A0, 0x40A0, 0x40A0, 0x40A0, 0x40A0, 0x40C0, 0x40C0, 0x40C0, 0x40A0, 0x40C0,
  0x40C0, 0x40C0, 0x48C0, 0x48C0, 0x40C0, 0x40C0, 0x40C0, 0x48C0, 0x48C0, 0x40C0, 0x48C0, 0x48C0,
  0x48C0, 0x48C0, 0x48C0, 0x48C0, 0x48C0, 0x48C0, 0x48C0, 0x48C0, 0x48C0, 0x48C0, 0x48C0, 0x48C0,
  0x40C0, 0x48C0, 0x48C0, 0x48C0, 0x40C0, 0x48C0, 0x40C0, 0x48C0, 0x40C0, 0x40C0, 0x40C0, 0x40C0,
  0x40C0, 0x40A0, 0x40C0, 0x48C0, 0x40C0, 0x40C0, 0x40A0, 0x40A0, 0x40A0, 0x40A0, 0x40A0, 0x40A0,
  0x40A0, 0x40A0, 0x40A0, 0x40A0, 0x40A0, 0x40A0, 0x40A0, 0x40A0, 0x40A0, 0x38A0, 0x38A0, 0x38A0,
  0x38A0, 0x38A0, 0x38A0, 0x38A0, 0x38A0, 0x3880, 0x3880, 0x3880, 0x3880, 0x3880, 0x3880, 0x3880,
  0x3880, 0x3880, 0x3880, 0x3880, 0x3880, 0x3080, 0x3060, 0x3060, 0x3060, 0x3060, 0x3060, 0x3060,
  0x3060, 0x3060, 0x3060, 0x3060, 0x3060, 0x3060, 0x3060, 0x3060, 0x3060, 0x2860, 0x3060, 0x2860,
  0x2860, 0x2860, 0x2860, 0x2860, 0x2860, 0x2860, 0x2860, 0x2840, 0x2840, 0x2860, 0x2860, 0x2860,
  0x2860, 0x2860, 0x2840, 0x2840, 0x2840, 0x2840, 0x2840, 0x2840, 0x2040, 0x2040, 0x2040, 0x2040,
  0x1840, 0x1840, 0x1840, 0x1840, 0x1840, 0x1840, 0x1840, 0x1840, 0x1820, 0x2020, 0x2040, 0x2040,
  0x2040, 0x2040, 0x2040, 0x2040, 0x2040, 0x2040, 0x2040, 0x2040, 0x2040, 0x2040, 0x2040, 0x2840,
  0x2040, 0x2040, 0x2040, 0x2840, 0x2840, 0x2840, 0x2840, 0x2840, 0x2840, 0x2840, 0x2840, 0x2840,
  0x2840, 0x2840, 0x2840, 0x2860, 0x2860, 0x2860, 0x2860, 0x2860, 0x3060, 0x3060, 0x3060, 0x3060,
  0x3060, 0x3060, 0x3060, 0x3060, 0x3060, 0x3060, 0x3060, 0x3060, 0x3060, 0x3060, 0x3060, 0x3060,
  0x3060, 0x3060, 0x3060, 0x3060, 0x3060, 0x3060, 0x3860, 0x3860, 0x3860, 0x3880, 0x3880, 0x3880,
  0x3880, 0x3880, 0x3880, 0x3880, 0x3880, 0x3880, 0x3880, 0x3880, 0x3880, 0x3880, 0x3880, 0x3880,
  0x3880, 0x3880, 0x3880, 0x38A0, 0x40A0, 0x40A0, 0x40A0, 0x40A0, 0x40A0, 0x40A0, 0x40A0, 0x40A0,
  0x40A0, 0x40A0, 0x40A0, 0x40A0, 0x40A0, 0x40A0, 0x40A0, 0x40A0, 0x40A0, 0x40A0, 0x40A0, 0x40A0,
  0x40A0, 0x40A0, 0x40A0, 0x40A0, 0x40A0, 0x40A0, 0x40A0, 0x40A0, 0x40C0, 0x40C0, 0x40C0, 0x40A0,
  0x40C0, 0x40C0, 0x40C0, 0x48C0, 0x40C0, 0x40C0, 0x40C0, 0x40C0, 0x40C0, 0x48C0, 0x48C0, 0x40C0,
  0x48C0, 0x48C0, 0x48C0, 0x48C0, 0x48C0, 0x48C0, 0x48C0, 0x48C0, 0x48C0, 0x48C0, 0x48C0, 0x48C0,
  0x40C0, 0x48C0, 0x40C0, 0x40C0, 0x40C0, 0x48C0, 0x48C0, 0x48C0, 0x40C0, 0x40C0, 0x40C0, 0x40C0,
  0x40C0, 0x40C0, 0x40C0, 0x40C0, 0x40C0, 0x40C0, 0x40A0, 0x40A0, 0x40A0, 0x40A0, 0x40A0, 0x40A0,
  0x40A0, 0x40A0, 0x40A0, 0x40A0, 0x40A0, 0x40A0, 0x40A0, 0x38A0, 0x38A0, 0x40A0, 0x38A0, 0x38A0,
  0x38A0, 0x38A0, 0x38A0, 0x38A0, 0x3880, 0x3880, 0x3880, 0x3880, 0x3880, 0x3880, 0x3880, 0x3880,
  0x3880, 0x3880, 0x3880, 0x3880, 0x3880, 0x3080, 0x3060, 0x3060, 0x3060, 0x3060, 0x3060, 0x3060,
  0x3060, 0x3060, 0x3060, 0x3060, 0x3060, 0x3060, 0x3060, 0x3060, 0x3060, 0x3060, 0x3060, 0x2860,
  0x2860, 0x2860, 0x2860, 0x2860, 0x2860, 0x2860, 0x2860, 0x2860, 0x2840, 0x2860, 0x2860, 0x2860,
  0x2840, 0x2840, 0x2840, 0x2840, 0x2840, 0x2840, 0x2840, 0x2840, 0x2040, 0x2040, 0x2040, 0x2040,
  0x1840, 0x1840, 0x1840, 0x1840, 0x1840, 0x1840, 0x1840, 0x1820, 0x1840, 0x2040, 0x2040, 0x2040,
  0x2040, 0x2040, 0x2040, 0x2040, 0x2040, 0x2040, 0x2040, 0x2040, 0x2040, 0x2040, 0x2040, 0x2040,
  0x2040, 0x2040, 0x2840, 0x2840, 0x2840, 0x2840, 0x2840, 0x2840, 0x2840, 0x2840, 0x2840, 0x2840,
  0x2840, 0x2840, 0x2860, 0x2860, 0x2860, 0x2860, 0x2860, 0x2860, 0x3060, 0x3060, 0x3060, 0x3060,
  0x3060, 0x3060, 0x3060, 0x3060, 0x3060, 0x3060, 0x3060, 0x3060, 0x3060, 0x3060, 0x3060, 0x3060,
  0x3060, 0x3060, 0x3060, 0x3060, 0x3060, 0x3060, 0x3060, 0x3860, 0x3860, 0x3880, 0x3880, 0x3880,
  0x3880, 0x3880, 0x3880, 0x3880, 0x3880, 0x3880, 0x3880, 0x3880, 0x3880, 0x3880, 0x3880, 0x3880,
  0x3880, 0x3880, 0x3880, 0x3880, 0x3880, 0x40A0, 0x40A0, 0x40A0, 0x40A0, 0x40A0, 0x40A0, 0x40A0,
  0x40A0, 0x40A0, 0x40A0, 0x40A0, 0x40A0, 0x40A0, 0x40A0, 0x40A0, 0x40A0, 0x40A0, 0x40A0, 0x40A0,
  0x40A0, 0x40A0, 0x40A0, 0x40A0, 0x40A0, 0x40A0, 0x40C0, 0x40C0, 0x40A0, 0x40A0, 0x40C0, 0x40C0,
  0x40C0, 0x40C0, 0x40C0, 0x40C0, 0x40C0, 0x40C0, 0x40C0, 0x40C0, 0x40C0, 0x48C0, 0x48C0, 0x48C0,
  0x48C0, 0x48C0, 0x48C0, 0x48C0, 0x48C0, 0x48C0, 0x48C0, 0x48C0, 0x48C0, 0x48C0, 0x48C0, 0x48C0,
  0x48C0, 0x48C0, 0x40C0, 0x40C0, 0x40C0, 0x48C0, 0x48C0, 0x48C0, 0x40C0, 0x40C0, 0x40C0, 0x40C0,
  0x40C0, 0x40C0, 0x40C0, 0x40C0, 0x40C0, 0x40C0, 0x40C0, 0x40A0, 0x40A0, 0x40A0, 0x40A0, 0x40A0,
  0x40A0, 0x40A0, 0x40A0, 0x40A0, 0x40A0, 0x40A0, 0x40A0, 0x40A0, 0x38A0, 0x38A0, 0x38A0, 0x38A0,
  0x38A0, 0x38A0, 0x38A0, 0x38A0, 0x3880, 0x3880, 0x3880, 0x3880, 0x3880, 0x3880, 0x3880, 0x3880,
  0x3880, 0x3880, 0x3880, 0x3880, 0x3080, 0x3080, 0x3060, 0x3060, 0x3060, 0x3060, 0x3060, 0x3060,
  0x3060, 0x3060, 0x3060, 0x3060, 0x3060, 0x3060, 0x3060, 0x3060, 0x3060, 0x3060, 0x2860, 0x2860,
  0x2860, 0x2860, 0x2860, 0x2860, 0x2860, 0x2840, 0x2860, 0x2860, 0x2840, 0x2860, 0x2860, 0x2840,
  0x2860, 0x2840, 0x2840, 0x2840, 0x2840, 0x2840, 0x2840, 0x2840, 0x2040, 0x2040, 0x2040, 0x2040,
  0x1840, 0x1840, 0x1840, 0x1840, 0x1840, 0x1820, 0x1840, 0x1820, 0x1840, 0x2040, 0x2040, 0x2040,
  0x2040, 0x2040, 0x2040, 0x2040, 0x2040, 0x2040, 0x2040, 0x2040, 0x2040, 0x2040, 0x2040, 0x2040,
  0x2040, 0x2840, 0x2840, 0x2840, 0x2840, 0x2840, 0x2840, 0x2840, 0x2840, 0x2840, 0x2840, 0x2840,
  0x2840, 0x2840, 0x2860, 0x2860, 0x2860, 0x2860, 0x2860, 0x2860, 0x2860, 0x3060, 0x3060, 0x3060,
  0x3060, 0x3060, 0x3060, 0x3060, 0x3060, 0x3060, 0x3060, 0x3060, 0x3060, 0x3060, 0x3060, 0x3060,
  0x3060, 0x3060, 0x3060, 0x3060, 0x3060, 0x3060, 0x3060, 0x3860, 0x3880, 0x3880, 0x3880, 0x3880,
  0x3880, 0x3880, 0x3880, 0x3880, 0x3880, 0x3880, 0x3880, 0x3880, 0x3880, 0x3880, 0x3880, 0x3880,
  0x3880, 0x3880, 0x3880, 0x3880, 0x3880, 0x40A0, 0x40A0, 0x40A0, 0x40A0, 0x40A0, 0x40A0, 0x40A0,
  0x40A0, 0x40A0, 0x40A0, 0x40A0, 0x40A0, 0x40A0, 0x40A0, 0x40A0, 0x40A0, 0x40A0, 0x40A0, 0x40A0,
  0x40A0, 0x40A0, 0x40A0, 0x40A0, 0x40A0, 0x40A0, 0x40A0, 0x40A0, 0x40A0, 0x40A0, 0x40C0, 0x40C0,
  0x40C0, 0x40C0, 0x40C0, 0x40C0, 0x40C0, 0x40C0, 0x40C0, 0x40C0, 0x40C0, 0x40C0, 0x48C0, 0x48C0,
  0x48C0, 0x40C0, 0x40C0, 0x48C0, 0x48C0, 0x48C0, 0x48C0, 0x48C0, 0x48C0, 0x48C0, 0x48C0, 0x48C0,
  0x48C0, 0x40C0, 0x40C0, 0x40C0, 0x48C0, 0x48C0, 0x40C0, 0x40C0, 0x40C0, 0x40C0, 0x40C0, 0x40A0,
  0x40C0, 0x40C0, 0x40C0, 0x40A0, 0x40C0, 0x40C0, 0x40A0, 0x40A0, 0x40A0, 0x40A0, 0x40A0, 0x40A0,
  0x40A0, 0x40A0, 0x40A0, 0x40A0, 0x40A0, 0x40A0, 0x40A0, 0x40A0, 0x38A0, 0x3880, 0x3880, 0x38A0,
  0x38A0, 0x38A0, 0x38A0, 0x38A0, 0x3880, 0x3880, 0x3880, 0x3880, 0x3880, 0x3880, 0x3880, 0x3880,
  0x3880, 0x3880, 0x3880, 0x3880, 0x3060, 0x3080, 0x3060, 0x3060, 0x3060, 0x3060, 0x3060, 0x3060,
  0x3060, 0x3060, 0x3060, 0x3060, 0x3060, 0x3060, 0x3060, 0x3060, 0x3060, 0x2860, 0x2860, 0x2860,
  0x2860, 0x2860, 0x2860, 0x2860, 0x2860, 0x2860, 0x2860, 0x2860, 0x2860, 0x2860, 0x2860, 0x2840,
  0x2840, 0x2840, 0x2860, 0x2840, 0x2840, 0x2840, 0x2840, 0x2840, 0x2840, 0x2040, 0x2040, 0x2040,
  0x1840, 0x1840, 0x1840, 0x1840, 0x1840, 0x1840, 0x1840, 0x1840, 0x2040, 0x2040, 0x2040, 0x2040,
  0x2040, 0x2040, 0x2040, 0x2040, 0x2040, 0x2040, 0x2040, 0x2040, 0x2040, 0x2040, 0x2040, 0x2040,
  0x2040, 0x2840, 0x2840, 0x2840, 0x2840, 0x2840, 0x2840, 0x2840, 0x2840, 0x2840, 0x2840, 0x2840,
  0x2840, 0x2860, 0x2840, 0x2860, 0x2860, 0x2860, 0x2860, 0x2860, 0x2860, 0x2860, 0x3060, 0x3060,
  0x3060, 0x3060, 0x3060, 0x3060, 0x3060, 0x3060, 0x3060, 0x3060, 0x3060, 0x3060, 0x3060, 0x3060,
  0x3060, 0x3060, 0x3060, 0x3060, 0x3060, 0x3060, 0x3060, 0x3880, 0x3880, 0x3880, 0x3880, 0x3880,
  0x3880, 0x3880, 0x3880, 0x3880, 0x3880, 0x3880, 0x3880, 0x3880, 0x3880, 0x3880, 0x3880, 0x3880,
  0x3880, 0x3880, 0x3880, 0x38A0, 0x38A0, 0x40A0, 0x40A0, 0x40A0, 0x40A0, 0x40A0, 0x40A0, 0x40A0,
  0x40A0, 0x40A0, 0x40A0, 0x40A0, 0x40A0, 0x40A0, 0x40A0, 0x40A0, 0x40A0, 0x40A0, 0x40A0, 0x40A0,
  0x40A0, 0x40A0, 0x40A0, 0x40A0, 0x40A0, 0x40A0, 0x40A0, 0x40A0, 0x40C0, 0x40A0, 0x40C0, 0x40C0,
  0x40C0, 0x40C0, 0x40C0, 0x40C0, 0x40C0, 0x40C0, 0x40C0, 0x40C0, 0x40C0, 0x40C0, 0x48C0, 0x48C0,
  0x40C0, 0x48C0, 0x40C0, 0x40C0, 0x48C0, 0x48C0, 0x48C0, 0x48C0, 0x48C0, 0x48C0, 0x48C0, 0x48C0,
  0x48C0, 0x40C0, 0x40C0, 0x40C0, 0x40C0, 0x40C0, 0x40C0, 0x40C0, 0x40C0, 0x40C0, 0x40C0, 0x40A0,
  0x40A0, 0x40A0, 0x40A0, 0x40C0, 0x40A0, 0x40A0, 0x40A0, 0x40A0, 0x40A0, 0x40A0, 0x40A0, 0x40A0,
  0x40A0, 0x40A0, 0x40A0, 0x40A0, 0x40A0, 0x40A0, 0x40A0, 0x38A0, 0x38A0, 0x3880, 0x3880, 0x38A0,
  0x38A0, 0x3880, 0x3880, 0x3880, 0x3880, 0x3880, 0x3880, 0x3880, 0x3880, 0x3880, 0x3880, 0x3880,
  0x3880, 0x3880, 0x3880, 0x3080, 0x3060, 0x3080, 0x3080, 0x3060, 0x3060, 0x3060, 0x3060, 0x3060,
  0x3060, 0x3060, 0x3060, 0x3060, 0x3060, 0x3060, 0x3060, 0x3060, 0x3060, 0x2860, 0x2860, 0x2860,
  0x2860, 0x2860, 0x2860, 0x2860, 0x2840, 0x2860, 0x2840, 0x2860, 0x2840, 0x2840, 0x2840, 0x2840,
  0x2840, 0x2840, 0x2840, 0x2840, 0x2840, 0x2840, 0x2840, 0x2040, 0x2040, 0x2040, 0x2040, 0x2040,
  0x1820, 0x1840, 0x1840, 0x1840, 0x1840, 0x1840, 0x1840, 0x1840, 0x2040, 0x2040, 0x2040, 0x2040,
  0x2040, 0x2040, 0x2040, 0x2040, 0x2040, 0x2040, 0x2040, 0x2040, 0x2040, 0x2040, 0x2040, 0x2040,
  0x2040, 0x2040, 0x2840, 0x2840, 0x2840, 0x2840, 0x2840, 0x2840, 0x2840, 0x2860, 0x2860, 0x2840,
  0x2840, 0x2860, 0x2840, 0x2860, 0x2840, 0x2860, 0x2860, 0x2860, 0x2860, 0x3060, 0x3060, 0x3060,
  0x3060, 0x3060, 0x3060, 0x3060, 0x3060, 0x3060, 0x3060, 0x3060, 0x3060, 0x3060, 0x3060, 0x3060,
  0x3060, 0x3060, 0x3060, 0x3060, 0x3060, 0x3060, 0x3060, 0x3880, 0x3880, 0x3880, 0x3880, 0x3880,
  0x3880, 0x3880, 0x3880, 0x3880, 0x3880, 0x3880, 0x3880, 0x3880, 0x3880, 0x3880, 0x3880, 0x3880,
  0x3880, 0x3880, 0x3880, 0x3880, 0x38A0, 0x40A0, 0x40A0, 0x40A0, 0x40A0, 0x40A0, 0x40A0, 0x40A0,
  0x40A0, 0x40A0, 0x40A0, 0x40A0, 0x40A0, 0x40A0, 0x40A0, 0x40A0, 0x40A0, 0x40A0, 0x40A0, 0x40A0,
  0x40A0, 0x40A0, 0x40A0, 0x40A0, 0x40A0, 0x40A0, 0x40A0, 0x40A0, 0x40A0, 0x40A0, 0x40A0, 0x40C0,
  0x40C0, 0x40C0, 0x40C0, 0x40C0, 0x40C0, 0x40C0, 0x40C0, 0x40C0, 0x40C0, 0x40C0, 0x40C0, 0x48C0,
  0x40C0, 0x40C0, 0x40C0, 0x40C0, 0x48C0, 0x48C0, 0x48C0, 0x48C0, 0x48C0, 0x48C0, 0x48C0, 0x48C0,
  0x48C0, 0x40C0, 0x40C0, 0x40C0, 0x40C0, 0x40C0, 0x40C0, 0x40C0, 0x40C0, 0x40C0, 0x40A0, 0x40C0,
  0x40A0, 0x40A0, 0x40A0, 0x40C0, 0x40A0, 0x40A0, 0x40A0, 0x40A0, 0x40A0, 0x40A0, 0x40A0, 0x40A0,
  0x40A0, 0x38A0, 0x40A0, 0x40A0, 0x40A0, 0x38A0, 0x40A0, 0x38A0, 0x38A0, 0x38A0, 0x38A0, 0x38A0,
  0x38A0, 0x3880, 0x3880, 0x3880, 0x3880, 0x3880, 0x3880, 0x3880, 0x3880, 0x3880, 0x3880, 0x3880,
  0x3880, 0x3880, 0x3080, 0x3060, 0x3060, 0x3060, 0x3060, 0x3060, 0x3060, 0x3060, 0x3060, 0x3060,
  0x3060, 0x3060, 0x3060, 0x3060, 0x3060, 0x3060, 0x3060, 0x3060, 0x2860, 0x2840, 0x2840, 0x2840,
  0x2860, 0x2840, 0x2860, 0x2840, 0x2840, 0x2840, 0x2840, 0x2840, 0x2840, 0x2840, 0x2840, 0x2840,
  0x2840, 0x2840, 0x2840, 0x2840, 0x2840, 0x2040, 0x2040, 0x2040, 0x2040, 0x2040, 0x2040, 0x2040,
  0x1820, 0x1820, 0x1820, 0x1840, 0x1840, 0x1840, 0x1840, 0x1840, 0x1840, 0x2040, 0x2040, 0x2040,
  0x2040, 0x2040, 0x2040, 0x2040, 0x2040, 0x2040, 0x2040, 0x2040, 0x2040, 0x2040, 0x2040, 0x2040,
  0x2040, 0x2040, 0x2040, 0x2840, 0x2840, 0x2840, 0x2840, 0x2840, 0x2840, 0x2840, 0x2840, 0x2840,
  0x2860, 0x2860, 0x2860, 0x2860, 0x2860, 0x2860, 0x2860, 0x2860, 0x2860, 0x3060, 0x3060, 0x3060,
  0x3060, 0x3060, 0x3060, 0x3060, 0x3060, 0x3060, 0x3060, 0x3060, 0x3060, 0x3060, 0x3060, 0x3060,
  0x3060, 0x3060, 0x3080, 0x3060, 0x3060, 0x3060, 0x3060, 0x3860, 0x3880, 0x3880, 0x3880, 0x3880,
  0x3880, 0x3880, 0x3880, 0x3880, 0x3880, 0x3880, 0x3880, 0x3880, 0x3880, 0x3880, 0x3880, 0x3880,
  0x3880, 0x3880, 0x3880, 0x3880, 0x38A0, 0x38A0, 0x38A0, 0x40A0, 0x40A0, 0x40A0, 0x40A0, 0x40A0,
  0x40A0, 0x40A0, 0x40A0, 0x40A0, 0x40A0, 0x40A0, 0x40A0, 0x40A0, 0x40A0, 0x40A0, 0x40A0, 0x40A0,
  0x40A0, 0x40A0, 0x40A0, 0x40A0, 0x40A0, 0x40A0, 0x40A0, 0x40A0, 0x40A0, 0x40A0, 0x40A0, 0x40A0,
  0x40A0, 0x40C0, 0x40C0, 0x40C0, 0x40C0, 0x40C0, 0x40C0, 0x40C0, 0x40C0, 0x40C0, 0x40A0, 0x40A0,
  0x40A0, 0x40C0, 0x40C0, 0x40C0, 0x40C0, 0x40C0, 0x40C0, 0x40C0, 0x40C0, 0x40C0, 0x48C0, 0x40C0,
  0x40A0, 0x40C0, 0x40A0, 0x40C0, 0x40C0, 0x40C0, 0x48C0, 0x48C0, 0x40C0, 0x40C0, 0x40C0, 0x40A0,
  0x40A0, 0x40A0, 0x40A0, 0x40C0, 0x40A0, 0x40A0, 0x40A0, 0x40A0, 0x40A0, 0x40A0, 0x40A0, 0x40A0,
  0x38A0, 0x38A0, 0x40A0, 0x40A0, 0x40A0, 0x40A0, 0x38A0, 0x38A0, 0x38A0, 0x38A0, 0x38A0, 0x38A0,
  0x3880, 0x3880, 0x3880, 0x3880, 0x3880, 0x3880, 0x3880, 0x3880, 0x3880, 0x3880, 0x3880, 0x3880,
  0x3880, 0x3080, 0x3080, 0x3060, 0x3060, 0x3060, 0x3060, 0x3060, 0x3060, 0x3060, 0x3060, 0x3060,
  0x3060, 0x3060, 0x3060, 0x3060, 0x3060, 0x3060, 0x3060, 0x3060, 0x2860, 0x2840, 0x2840, 0x2860,
  0x2840, 0x2840, 0x2840, 0x2840, 0x2840, 0x2840, 0x2840, 0x2840, 0x2840, 0x2840, 0x2840, 0x2840,
  0x2840, 0x2840, 0x2840, 0x2840, 0x2040, 0x2040, 0x2040, 0x2040, 0x2040, 0x2040, 0x2040, 0x2040,
  0x1840, 0x1840, 0x1840, 0x1840, 0x1840, 0x1840, 0x1840, 0x1840, 0x1840, 0x2040, 0x2040, 0x2040,
  0x2040, 0x2040, 0x2040, 0x2040, 0x2040, 0x2040, 0x2040, 0x2040, 0x2040, 0x2040, 0x2040, 0x2040,
  0x2040, 0x2040, 0x2040, 0x2840, 0x2840, 0x2840, 0x2840, 0x2840, 0x2840, 0x2840, 0x2840, 0x2840,
  0x2860, 0x2860, 0x2860, 0x2860, 0x2860, 0x2860, 0x2860, 0x2860, 0x2860, 0x3060, 0x3060, 0x3060,
  0x3060, 0x3060, 0x3060, 0x3060, 0x3060, 0x3060, 0x3060, 0x3060, 0x3060, 0x3060, 0x3060, 0x3060,
  0x3060, 0x3060, 0x3060, 0x3060, 0x3060, 0x3060, 0x3860, 0x3880, 0x3880, 0x3880, 0x3880, 0x3880,
  0x3880, 0x3880, 0x3880, 0x3880, 0x3880, 0x3880, 0x3880, 0x3880, 0x3880, 0x3880, 0x3880, 0x3880,
  0x3880, 0x3880, 0x3880, 0x3880, 0x3880, 0x38A0, 0x38A0, 0x38A0, 0x40A0, 0x40A0, 0x40A0, 0x40A0,
  0x40A0, 0x40A0, 0x40A0, 0x40A0, 0x40A0, 0x40A0, 0x40A0, 0x40A0, 0x40A0, 0x40A0, 0x40A0, 0x40A0,
  0x40A0, 0x40A0, 0x40A0, 0x40A0, 0x40A0, 0x40A0, 0x40A0, 0x40C0, 0x40A0, 0x40A0, 0x40A0, 0x40A0,
  0x40A0, 0x40A0, 0x40A0, 0x40C0, 0x40C0, 0x40A0, 0x40A0, 0x40C0, 0x40C0, 0x40A0, 0x40A0, 0x40A0,
  0x40A0, 0x40C0, 0x40C0, 0x40C0, 0x40C0, 0x40C0, 0x40A0, 0x40C0, 0x40C0, 0x40C0, 0x40C0, 0x40C0,
  0x40A0, 0x40A0, 0x40A0, 0x40C0, 0x40C0, 0x40C0, 0x48C0, 0x48C0, 0x40C0, 0x40C0, 0x40C0, 0x40A0,
  0x40A0, 0x40A0, 0x40A0, 0x40A0, 0x40A0, 0x40A0, 0x40A0, 0x40A0, 0x40A0, 0x40A0, 0x40A0, 0x40A0,
  0x40A0, 0x40A0, 0x38A0, 0x38A0, 0x38A0, 0x38A0, 0x38A0, 0x38A0, 0x38A0, 0x38A0, 0x38A0, 0x3880,
  0x3880, 0x3880, 0x3880, 0x3880, 0x3880, 0x3880, 0x3880, 0x3880, 0x3880, 0x3880, 0x3880, 0x3880,
  0x3880, 0x3080, 0x3080, 0x3060, 0x3060, 0x3060, 0x3060, 0x3060, 0x3060, 0x3060, 0x3060, 0x3060,
  0x3060, 0x3060, 0x3060, 0x3060, 0x3060, 0x3060, 0x3060, 0x2860, 0x2860, 0x2840, 0x2840, 0x2840,
  0x2840, 0x2840, 0x2840, 0x2840, 0x2840, 0x2840, 0x2840, 0x2840, 0x2840, 0x2840, 0x2840, 0x2840,
  0x2840, 0x2840, 0x2840, 0x2840, 0x2040, 0x2040, 0x2040, 0x2040, 0x2040, 0x2040, 0x2040, 0x2040,
  0x1840, 0x1840, 0x1840, 0x1840, 0x1840, 0x1840, 0x1840, 0x1840, 0x1840, 0x2040, 0x2040, 0x2040,
  0x2040, 0x2040, 0x2040, 0x2040, 0x2040, 0x2040, 0x2040, 0x2040, 0x2040, 0x2040, 0x2040, 0x2040,
  0x2040, 0x2040, 0x2040, 0x2840, 0x2840, 0x2840, 0x2840, 0x2840, 0x2840, 0x2840, 0x2840, 0x2840,
  0x2840, 0x2860, 0x2860, 0x2860, 0x2860, 0x2860, 0x2860, 0x2860, 0x2860, 0x3060, 0x3060, 0x3060,
  0x3060, 0x3060, 0x3060, 0x3060, 0x3060, 0x3060, 0x3060, 0x3060, 0x3060, 0x3060, 0x3060, 0x3060,
  0x3080, 0x3080, 0x3080, 0x3060, 0x3060, 0x3060, 0x3860, 0x3880, 0x3880, 0x3880, 0x3880, 0x3880,
  0x3880, 0x3880, 0x3880, 0x3880, 0x3880, 0x3880, 0x3880, 0x3880, 0x3880, 0x3880, 0x3880, 0x3880,
  0x3880, 0x3880, 0x3880, 0x3880, 0x3880, 0x3880, 0x38A0, 0x38A0, 0x40A0, 0x40A0, 0x40A0, 0x40A0,
  0x40A0, 0x40A0, 0x40A0, 0x40A0, 0x40A0, 0x40A0, 0x40A0, 0x40A0, 0x40A0, 0x40A0, 0x40A0, 0x40A0,
  0x40A0, 0x40A0, 0x40A0, 0x40A0, 0x40A0, 0x40A0, 0x40A0, 0x40A0, 0x40A0, 0x40A0, 0x40A0, 0x40A0,
  0x40A0, 0x40A0, 0x40A0, 0x40A0, 0x40A0, 0x40A0, 0x40A0, 0x40A0, 0x40A0, 0x40A0, 0x40A0, 0x40A0,
  0x40C0, 0x40C0, 0x40C0, 0x40C0, 0x40C0, 0x40C0, 0x40C0, 0x40A0, 0x40C0, 0x40A0, 0x40A0, 0x40A0,
  0x40C0, 0x40A0, 0x40C0, 0x40C0, 0x40C0, 0x40C0, 0x40C0, 0x40C0, 0x40C0, 0x40C0, 0x40A0, 0x40A0,
  0x40A0, 0x40A0, 0x40C0, 0x40A0, 0x40A0, 0x40A0, 0x40A0, 0x40A0, 0x40A0, 0x40A0, 0x40A0, 0x40A0,
  0x40A0, 0x40A0, 0x38A0, 0x38A0, 0x38A0, 0x38A0, 0x38A0, 0x38A0, 0x38A0, 0x38A0, 0x38A0, 0x3880,
  0x3880, 0x3880, 0x3880, 0x3880, 0x3880, 0x3880, 0x3880, 0x3880, 0x3880, 0x3880, 0x3880, 0x3880,
  0x3880, 0x3080, 0x3080, 0x3060, 0x3060, 0x3060, 0x3060, 0x3060, 0x3060, 0x3060, 0x3060, 0x3060,
  0x3060, 0x3060, 0x3060, 0x3060, 0x3060, 0x3060, 0x2860, 0x2860, 0x2860, 0x2860, 0x2860, 0x2840,
  0x2840, 0x2840, 0x2840, 0x2840, 0x2840, 0x2840, 0x2840, 0x2840, 0x2840, 0x2840, 0x2840, 0x2840,
  0x2840, 0x2840, 0x2840, 0x2040, 0x2040, 0x2040, 0x2040, 0x2040, 0x2040, 0x2040, 0x2040, 0x2040,
  0x1820, 0x1820, 0x1820, 0x1840, 0x1840, 0x1840, 0x1840, 0x1840, 0x1840, 0x2040, 0x2040, 0x2040,
  0x2040, 0x2040, 0x2040, 0x2040, 0x2040, 0x2040, 0x2040, 0x2040, 0x2040, 0x2040, 0x2040, 0x2040,
  0x2040, 0x2040, 0x2040, 0x2040, 0x2040, 0x2840, 0x2840, 0x2840, 0x2840, 0x2840, 0x2840, 0x2840,
  0x2840, 0x2860, 0x2840, 0x2840, 0x2860, 0x2860, 0x2860, 0x2860, 0x2860, 0x3060, 0x3060, 0x3060,
  0x3060, 0x3060, 0x3060, 0x3060, 0x3060, 0x3060, 0x3060, 0x3060, 0x3060, 0x3060, 0x3060, 0x3060,
  0x3060, 0x3080, 0x3060, 0x3060, 0x3060, 0x3060, 0x3880, 0x3880, 0x3880, 0x3880, 0x3880, 0x3880,
  0x3880, 0x3880, 0x3880, 0x3880, 0x3880, 0x3880, 0x3880, 0x3880, 0x3880, 0x3880, 0x3880, 0x3880,
  0x3880, 0x3880, 0x3880, 0x3880, 0x3880, 0x3880, 0x3880, 0x38A0, 0x40A0, 0x40A0, 0x40A0, 0x40A0,
  0x40A0, 0x40A0, 0x40A0, 0x40A0, 0x40A0, 0x40A0, 0x40A0, 0x40A0, 0x40A0, 0x40A0, 0x40A0, 0x40A0,
  0x40A0, 0x40A0, 0x40A0, 0x40A0, 0x40A0, 0x40A0, 0x40A0, 0x40A0, 0x40A0, 0x40A0, 0x40A0, 0x40A0,
  0x40A0, 0x40A0, 0x40A0, 0x40A0, 0x40A0, 0x40A0, 0x40A0, 0x40A0, 0x40A0, 0x40A0, 0x40A0, 0x40A0,
  0x40C0, 0x40C0, 0x40C0, 0x40C0, 0x40C0, 0x40C0, 0x40A0, 0x40A0, 0x40A0, 0x40A0, 0x40A0, 0x40A0,
  0x40A0, 0x40A0, 0x40A0, 0x40A0, 0x40A0, 0x40C0, 0x40C0, 0x40C0, 0x40C0, 0x40C0, 0x40A0, 0x40A0,
  0x40A0, 0x40A0, 0x40A0, 0x40A0, 0x40A0, 0x40A0, 0x40A0, 0x40A0, 0x40A0, 0x40A0, 0x40A0, 0x40A0,
  0x40A0, 0x40A0, 0x38A0, 0x38A0, 0x38A0, 0x38A0, 0x38A0, 0x38A0, 0x38A0, 0x38A0, 0x3880, 0x3880,
  0x3880, 0x3880, 0x3880, 0x3880, 0x3880, 0x3880, 0x3880, 0x3880, 0x3880, 0x3880, 0x3880, 0x3880,
  0x3880, 0x3880, 0x3060, 0x3060, 0x3060, 0x3060, 0x3060, 0x3060, 0x3060, 0x3060, 0x3060, 0x3060,
  0x3060, 0x3060, 0x3060, 0x3060, 0x3060, 0x2860, 0x2860, 0x2860, 0x2840, 0x2840, 0x2860, 0x2840,
  0x2840, 0x2840, 0x2840, 0x2840, 0x2840, 0x2840, 0x2840, 0x2840, 0x2840, 0x2840, 0x2840, 0x2840,
  0x2840, 0x2840, 0x2840, 0x2040, 0x2040, 0x2040, 0x2040, 0x2040, 0x2040, 0x2040, 0x2040, 0x2040,
  0x1820, 0x1820, 0x1820, 0x1840, 0x1840, 0x1840, 0x1840, 0x1840, 0x1840, 0x1840, 0x1840, 0x1840,
  0x2040, 0x2040, 0x2040, 0x2040, 0x2040, 0x2040, 0x2040, 0x2040, 0x2040, 0x2040, 0x2040, 0x2040,
  0x2040, 0x2040, 0x2040, 0x2040, 0x2040, 0x2040, 0x2840, 0x2840, 0x2840, 0x2840, 0x2840, 0x2840,
  0x2840, 0x2860, 0x2860, 0x2860, 0x2860, 0x2860, 0x2860, 0x2860, 0x2860, 0x2860, 0x2860, 0x3060,
  0x3060, 0x3060, 0x3060, 0x3060, 0x3060, 0x3060, 0x3060, 0x3060, 0x3060, 0x3060, 0x3060, 0x3060,
  0x3060, 0x3060, 0x3060, 0x3060, 0x3080, 0x3060, 0x3860, 0x3860, 0x3880, 0x3880, 0x3880, 0x3880,
  0x3880, 0x3880, 0x3880, 0x3880, 0x3880, 0x3880, 0x3880, 0x3880, 0x3880, 0x3880, 0x3880, 0x3880,
  0x3880, 0x3880, 0x3880, 0x3880, 0x3880, 0x3880, 0x38A0, 0x38A0, 0x38A0, 0x38A0, 0x38A0, 0x40A0,
  0x4080, 0x40A0, 0x40A0, 0x40A0, 0x40A0, 0x40A0, 0x40A0, 0x40A0, 0x40A0, 0x40A0, 0x40A0, 0x40A0,
  0x40A0, 0x40A0, 0x40A0, 0x40A0, 0x40A0, 0x40A0, 0x40A0, 0x40A0, 0x40A0, 0x40A0, 0x40A0, 0x40A0,
  0x40C0, 0x40A0, 0x40A0, 0x40A0, 0x40A0, 0x40A0, 0x40A0, 0x40A0, 0x40A0, 0x40A0, 0x40A0, 0x40A0,
  0x40C0, 0x40C0, 0x40C0, 0x40A0, 0x40A0, 0x40A0, 0x40A0, 0x40A0, 0x40A0, 0x40C0, 0x40A0, 0x40A0,
  0x40A0, 0x40A0, 0x40A0, 0x40A0, 0x40A0, 0x40A0, 0x40C0, 0x40A0, 0x40A0, 0x40A0, 0x40A0, 0x40A0,
  0x40A0, 0x40A0, 0x40A0, 0x40A0, 0x40A0, 0x40A0, 0x40A0, 0x40A0, 0x40A0, 0x40A0, 0x40A0, 0x38A0,
  0x38A0, 0x38A0, 0x38A0, 0x38A0, 0x38A0, 0x38A0, 0x38A0, 0x3880, 0x38A0, 0x38A0, 0x3880, 0x3880,
  0x3880, 0x3880, 0x3880, 0x3880, 0x3880, 0x3880, 0x3880, 0x3880, 0x3880, 0x3880, 0x3880, 0x3080,
  0x3080, 0x3080, 0x3060, 0x3060, 0x3060, 0x3060, 0x3060, 0x3060, 0x3060, 0x3060, 0x3060, 0x3060,
  0x3060, 0x3060, 0x3060, 0x3060, 0x3060, 0x2860, 0x2860, 0x2860, 0x2840, 0x2840, 0x2840, 0x2840,
  0x2840, 0x2840, 0x2840, 0x2840, 0x2840, 0x2840, 0x2840, 0x2840, 0x2840, 0x2840, 0x2840, 0x2840,
  0x2840, 0x2840, 0x2040, 0x2040, 0x2040, 0x2040, 0x2040, 0x2040, 0x2040, 0x2040, 0x2040, 0x2040,
  0x1820, 0x1820, 0x1820, 0x1840, 0x1840, 0x1840, 0x1840, 0x1840, 0x1840, 0x1840, 0x1840, 0x1840,
  0x2040, 0x2040, 0x2040, 0x2040, 0x2040, 0x2040, 0x2040, 0x2040, 0x2040, 0x2040, 0x2040, 0x2040,
  0x2040, 0x2040, 0x2040, 0x2040, 0x2040, 0x2040, 0x2840, 0x2840, 0x2840, 0x2840, 0x2840, 0x2840,
  0x2840, 0x2840, 0x2860, 0x2860, 0x2860, 0x2860, 0x2860, 0x2860, 0x2860, 0x2860, 0x2860, 0x3060,
  0x3060, 0x3060, 0x3060, 0x3060, 0x3060, 0x3060, 0x3060, 0x3060, 0x3060, 0x3060, 0x3060, 0x3060,
  0x3060, 0x3060, 0x3060, 0x3060, 0x3060, 0x3060, 0x3060, 0x3060, 0x3880, 0x3860, 0x3880, 0x3880,
  0x3880, 0x3880, 0x3880, 0x3880, 0x3880, 0x3880, 0x3880, 0x3880, 0x3880, 0x3880, 0x3880, 0x3880,
  0x3880, 0x3880, 0x3880, 0x3880, 0x3880, 0x3880, 0x3880, 0x3880, 0x38A0, 0x38A0, 0x3880, 0x38A0,
  0x40A0, 0x40A0, 0x40A0, 0x40A0, 0x40A0, 0x40A0, 0x40A0, 0x40A0, 0x40A0, 0x40A0, 0x40A0, 0x40A0,
  0x40A0, 0x40A0, 0x40A0, 0x40A0, 0x40A0, 0x40A0, 0x40A0, 0x40A0, 0x40A0, 0x40A0, 0x40A0, 0x40A0,
  0x40A0, 0x40A0, 0x40A0, 0x40A0, 0x40A0, 0x40A0, 0x40A0, 0x40A0, 0x40A0, 0x40A0, 0x40A0, 0x40A0,
  0x40C0, 0x40C0, 0x40C0, 0x40A0, 0x40A0, 0x40A0, 0x40A0, 0x40A0, 0x40A0, 0x40A0, 0x40C0, 0x40A0,
  0x40A0, 0x40A0, 0x40A0, 0x40A0, 0x40A0, 0x40A0, 0x40A0, 0x40A0, 0x40A0, 0x40A0, 0x40A0, 0x40A0,
  0x40A0, 0x40A0, 0x40A0, 0x40A0, 0x40A0, 0x40A0, 0x40A0, 0x40A0, 0x40A0, 0x40A0, 0x40A0, 0x38A0,
  0x38A0, 0x38A0, 0x38A0, 0x38A0, 0x40A0, 0x38A0, 0x38A0, 0x38A0, 0x38A0, 0x3880, 0x3880, 0x3880,
  0x3880, 0x3880, 0x3880, 0x3880, 0x3880, 0x3880, 0x3880, 0x3880, 0x3880, 0x3080, 0x3080, 0x3080,
  0x3080, 0x3080, 0x3060, 0x3060, 0x3060, 0x3060, 0x3060, 0x3060, 0x3060, 0x3060, 0x3060, 0x3060,
  0x3060, 0x3060, 0x3060, 0x3060, 0x2860, 0x2860, 0x2860, 0x2860, 0x2840, 0x2840, 0x2840, 0x2840,
  0x2840, 0x2840, 0x2840, 0x2840, 0x2840, 0x2840, 0x2840, 0x2840, 0x2840, 0x2840, 0x2840, 0x2840,
  0x2840, 0x2040, 0x2040, 0x2040, 0x2040, 0x2040, 0x2040, 0x2040, 0x2040, 0x2040, 0x2040, 0x2040,
  0x1820, 0x1820, 0x1820, 0x1840, 0x1840, 0x1840, 0x1840, 0x1840, 0x1840, 0x1840, 0x1840, 0x1840,
  0x2040, 0x2040, 0x2040, 0x2040, 0x2040, 0x2040, 0x2040, 0x2040, 0x2040, 0x2040, 0x2040, 0x2040,
  0x2040, 0x2040, 0x2040, 0x2040, 0x2040, 0x2040, 0x2040, 0x2840, 0x2840, 0x2840, 0x2840, 0x2840,
  0x2840, 0x2860, 0x2840, 0x2840, 0x2860, 0x2860, 0x2860, 0x2860, 0x2860, 0x2860, 0x2860, 0x2860,
  0x3060, 0x3060, 0x3060, 0x3060, 0x3060, 0x3060, 0x3060, 0x3060, 0x3060, 0x3060, 0x3060, 0x3060,
  0x3060, 0x3060, 0x3060, 0x3060, 0x3060, 0x3060, 0x3060, 0x3060, 0x3060, 0x3860, 0x3860, 0x3880,
  0x3880, 0x3880, 0x3880, 0x3880, 0x3880, 0x3880, 0x3880, 0x3880, 0x3880, 0x3880, 0x3880, 0x3880,
  0x3880, 0x3880, 0x3880, 0x3880, 0x3880, 0x3880, 0x3880, 0x3880, 0x38A0, 0x38A0, 0x3880, 0x38A0,
  0x40A0, 0x40A0, 0x40A0, 0x40A0, 0x40A0, 0x40A0, 0x40A0, 0x40A0, 0x40A0, 0x40A0, 0x40A0, 0x40A0,
  0x40A0, 0x40A0, 0x40A0, 0x40A0, 0x40A0, 0x40A0, 0x40A0, 0x40A0, 0x40A0, 0x40A0, 0x40A0, 0x40A0,
  0x40A0, 0x40A0, 0x40A0, 0x40A0, 0x40A0, 0x40A0, 0x40A0, 0x40A0, 0x40A0, 0x40A0, 0x40A0, 0x40A0,
  0x40A0, 0x40A0, 0x40A0, 0x40A0, 0x40A0, 0x40A0, 0x40A0, 0x40A0, 0x40A0, 0x40A0, 0x40A0, 0x40A0,
  0x40A0, 0x40A0, 0x40A0, 0x40A0, 0x40A0, 0x40A0, 0x40A0, 0x40A0, 0x40A0, 0x40A0, 0x40A0, 0x40A0,
  0x40A0, 0x40A0, 0x40A0, 0x40A0, 0x40A0, 0x40A0, 0x40A0, 0x40A0, 0x40A0, 0x40A0, 0x38A0, 0x38A0,
  0x38A0, 0x38A0, 0x38A0, 0x38A0, 0x38A0, 0x38A0, 0x38A0, 0x38A0, 0x38A0, 0x3880, 0x3880, 0x3880,
  0x3880, 0x3880, 0x3880, 0x3880, 0x3880, 0x3880, 0x3880, 0x3080, 0x3060, 0x3080, 0x3080, 0x3080,
  0x3060, 0x3060, 0x3060, 0x3060, 0x3060, 0x3060, 0x3060, 0x3060, 0x3060, 0x3060, 0x3060, 0x3060,
  0x3060, 0x3060, 0x2860, 0x2860, 0x2860, 0x2860, 0x2860, 0x2840, 0x2840, 0x2840, 0x2840, 0x2840,
  0x2840, 0x2840, 0x2840, 0x2840, 0x2840, 0x2840, 0x2840, 0x2840, 0x2840, 0x2840, 0x2840, 0x2840,
  0x2840, 0x2040, 0x2040, 0x2040, 0x2040, 0x2040, 0x2040, 0x2040, 0x2040, 0x2040, 0x2040, 0x2040,
  0x1820, 0x1820, 0x1820, 0x1840, 0x1820, 0x1840, 0x1840, 0x1840, 0x1840, 0x1840, 0x1840, 0x1840,
  0x1840, 0x1840, 0x2040, 0x2040, 0x2040, 0x2040, 0x2040, 0x2040, 0x2040, 0x2040, 0x2040, 0x2040,
  0x2040, 0x2040, 0x2040, 0x2040, 0x2040, 0x2040, 0x2040, 0x2840, 0x2840, 0x2840, 0x2840, 0x2840,
  0x2840, 0x2840, 0x2840, 0x2840, 0x2860, 0x2840, 0x2860, 0x2860, 0x2860, 0x2860, 0x2860, 0x2860,
  0x2860, 0x3060, 0x3060, 0x3060, 0x3060, 0x3060, 0x3060, 0x3060, 0x3060, 0x3060, 0x3060, 0x3060,
  0x3060, 0x3060, 0x3060, 0x3060, 0x3060, 0x3060, 0x3060, 0x3060, 0x3060, 0x3860, 0x3860, 0x3860,
  0x3880, 0x3880, 0x3880, 0x3880, 0x3880, 0x3880, 0x3880, 0x3880, 0x3880, 0x3880, 0x3880, 0x3880,
  0x3880, 0x3880, 0x3880, 0x3880, 0x3880, 0x3880, 0x3880, 0x38A0, 0x3880, 0x3880, 0x3880, 0x3880,
  0x38A0, 0x40A0, 0x40A0, 0x40A0, 0x40A0, 0x40A0, 0x40A0, 0x40A0, 0x40A0, 0x40A0, 0x40A0, 0x40A0,
  0x40A0, 0x40A0, 0x40A0, 0x40A0, 0x40A0, 0x40A0, 0x40A0, 0x40A0, 0x40A0, 0x40A0, 0x40A0, 0x40A0,
  0x40A0, 0x40A0, 0x40A0, 0x40A0, 0x40A0, 0x40A0, 0x40A0, 0x40A0, 0x40A0, 0x40A0, 0x40A0, 0x40A0,
  0x40A0, 0x40A0, 0x40A0, 0x40A0, 0x40A0, 0x40A0, 0x40A0, 0x40A0, 0x40A0, 0x40A0, 0x40A0, 0x40A0,
  0x40A0, 0x40A0, 0x40A0, 0x40A0, 0x40A0, 0x40A0, 0x40A0, 0x40A0, 0x40A0, 0x40A0, 0x40A0, 0x40A0,
  0x40A0, 0x40A0, 0x40A0, 0x40A0, 0x40A0, 0x40A0, 0x40A0, 0x40A0, 0x40A0, 0x40A0, 0x38A0, 0x38A0,
  0x38A0, 0x38A0, 0x38A0, 0x38A0, 0x3880, 0x3880, 0x3880, 0x3880, 0x3880, 0x3880, 0x3880, 0x3880,
  0x3880, 0x3880, 0x3880, 0x3880, 0x3880, 0x3880, 0x3060, 0x3060, 0x3060, 0x3060, 0x3060, 0x3060,
  0x3060, 0x3060, 0x3060, 0x3060, 0x3060, 0x3060, 0x3060, 0x3060, 0x3060, 0x3060, 0x3060, 0x3060,
  0x3060, 0x2860, 0x2860, 0x2860, 0x2860, 0x2860, 0x2860, 0x2840, 0x2840, 0x2840, 0x2840, 0x2840,
  0x2840, 0x2840, 0x2840, 0x2840, 0x2840, 0x2840, 0x2840, 0x2840, 0x2840, 0x2840, 0x2840, 0x2040,
  0x2040, 0x2040, 0x2040, 0x2040, 0x2040, 0x2040, 0x2040, 0x2040, 0x2040, 0x2040, 0x2040, 0x2040,
  0x1820, 0x1820, 0x1820, 0x1840, 0x1840, 0x1820, 0x1840, 0x1840, 0x1840, 0x1840, 0x1840, 0x1840,
  0x1840, 0x1840, 0x2040, 0x2040, 0x2040, 0x2040, 0x2040, 0x2040, 0x2040, 0x2040, 0x2040, 0x2040,
  0x2040, 0x2040, 0x2040, 0x2040, 0x2040, 0x2040, 0x2040, 0x2040, 0x2040, 0x2840, 0x2840, 0x2840,
  0x2840, 0x2840, 0x2840, 0x2840, 0x2840, 0x2840, 0x2860, 0x2840, 0x2860, 0x2860, 0x2860, 0x2860,
  0x2860, 0x3060, 0x3060, 0x3060, 0x3060, 0x3060, 0x3060, 0x3060, 0x3060, 0x3060, 0x3060, 0x3060,
  0x3060, 0x3060, 0x3060, 0x3060, 0x3060, 0x3060, 0x3060, 0x3060, 0x3060, 0x3060, 0x3060, 0x3860,
  0x3880, 0x3880, 0x3880, 0x3880, 0x3880, 0x3880, 0x3880, 0x3880, 0x3880, 0x3880, 0x3880, 0x3880,
  0x3880, 0x3880, 0x3880, 0x3880, 0x3880, 0x3880, 0x3880, 0x3880, 0x3880, 0x3880, 0x3880, 0x3880,
  0x3880, 0x38A0, 0x38A0, 0x38A0, 0x40A0, 0x40A0, 0x40A0, 0x40A0, 0x40A0, 0x40A0, 0x40A0, 0x40A0,
  0x40A0, 0x40A0, 0x40A0, 0x40A0, 0x40A0, 0x40A0, 0x40A0, 0x40A0, 0x40A0, 0x40A0, 0x40A0, 0x40A0,
  0x40A0, 0x40A0, 0x40A0, 0x40A0, 0x40A0, 0x40A0, 0x40A0, 0x40A0, 0x40A0, 0x40A0, 0x40C0, 0x40A0,
  0x40A0, 0x40A0, 0x40A0, 0x40A0, 0x40A0, 0x40A0, 0x40A0, 0x40A0, 0x40A0, 0x40A0, 0x40A0, 0x40A0,
  0x40A0, 0x40A0, 0x40A0, 0x40A0, 0x40A0, 0x40A0, 0x40A0, 0x40A0, 0x40A0, 0x40A0, 0x40A0, 0x40A0,
  0x40A0, 0x40A0, 0x40A0, 0x40A0, 0x40A0, 0x40A0, 0x40A0, 0x40A0, 0x40A0, 0x38A0, 0x38A0, 0x38A0,
  0x38A0, 0x3880, 0x3880, 0x3880, 0x38A0, 0x3880, 0x3880, 0x3880, 0x3880, 0x3880, 0x3880, 0x3880,
  0x3880, 0x3880, 0x3880, 0x3880, 0x3880, 0x3880, 0x3060, 0x3060, 0x3060, 0x3060, 0x3060, 0x3060,
  0x3060, 0x3060, 0x3060, 0x3060, 0x3060, 0x3060, 0x3060, 0x3060, 0x3060, 0x3060, 0x3060, 0x3060,
  0x2860, 0x2860, 0x2860, 0x2860, 0x2860, 0x2860, 0x2860, 0x2840, 0x2840, 0x2840, 0x2840, 0x2840,
  0x2840, 0x2840, 0x2840, 0x2840, 0x2840, 0x2840, 0x2840, 0x2840, 0x2840, 0x2040, 0x2840, 0x2040,
  0x2040, 0x2040, 0x2040, 0x2040, 0x2040, 0x2040, 0x2040, 0x2040, 0x2040, 0x2040, 0x2040, 0x2020,
  0x1820, 0x1820, 0x1820, 0x1820, 0x1840, 0x1840, 0x1840, 0x1820, 0x1840, 0x1840, 0x1840, 0x1840,
  0x1840, 0x1840, 0x1840, 0x1840, 0x2040, 0x2040, 0x2040, 0x2040, 0x2040, 0x2040, 0x2040, 0x2040,
  0x2040, 0x2040, 0x2040, 0x2040, 0x2040, 0x2040, 0x2040, 0x2040, 0x2040, 0x2840, 0x2840, 0x2840,
  0x2840, 0x2840, 0x2840, 0x2860, 0x2840, 0x2840, 0x2860, 0x2860, 0x2860, 0x2860, 0x2860, 0x2860,
  0x2860, 0x2860, 0x2860, 0x3060, 0x3060, 0x3060, 0x3060, 0x3060, 0x3060, 0x3060, 0x3060, 0x3060,
  0x3060, 0x3060, 0x3060, 0x3060, 0x3060, 0x3060, 0x3060, 0x3060, 0x3060, 0x3060, 0x3060, 0x3860,
  0x3880, 0x3880, 0x3880, 0x3880, 0x3880, 0x3880, 0x3880, 0x3880, 0x3880, 0x3880, 0x3880, 0x3880,
  0x3880, 0x3880, 0x3880, 0x3880, 0x3880, 0x3880, 0x3880, 0x3880, 0x3880, 0x3880, 0x3880, 0x3880,
  0x3880, 0x38A0, 0x38A0, 0x38A0, 0x40A0, 0x40A0, 0x40A0, 0x40A0, 0x40A0, 0x40A0, 0x40A0, 0x40A0,
  0x40A0, 0x40A0, 0x40A0, 0x40A0, 0x40A0, 0x40A0, 0x40A0, 0x40A0, 0x40A0, 0x40A0, 0x40A0, 0x40A0,
  0x40A0, 0x40A0, 0x40A0, 0x40A0, 0x40A0, 0x40A0, 0x40A0, 0x40A0, 0x40A0, 0x40A0, 0x40A0, 0x40A0,
  0x40A0, 0x40A0, 0x40A0, 0x40A0, 0x40A0, 0x40A0, 0x40A0, 0x40A0, 0x40A0, 0x40A0, 0x40A0, 0x40A0,
  0x40A0, 0x40A0, 0x40A0, 0x40A0, 0x40A0, 0x40A0, 0x40A0, 0x40A0, 0x40A0, 0x40A0, 0x40A0, 0x40A0,
  0x40A0, 0x40A0, 0x40A0, 0x40A0, 0x40A0, 0x38A0, 0x40A0, 0x40A0, 0x38A0, 0x38A0, 0x38A0, 0x38A0,
  0x38A0, 0x3880, 0x3880, 0x38A0, 0x38A0, 0x3880, 0x3880, 0x3880, 0x3880, 0x3880, 0x3880, 0x3880,
  0x3880, 0x3880, 0x3880, 0x3080, 0x3080, 0x3080, 0x3060, 0x3060, 0x3060, 0x3060, 0x3060, 0x3060,
  0x3060, 0x3060, 0x3060, 0x3060, 0x3060, 0x3060, 0x3060, 0x3060, 0x3060, 0x3060, 0x3060, 0x3060,
  0x2860, 0x2860, 0x2860, 0x2860, 0x2860, 0x2860, 0x2860, 0x2840, 0x2840, 0x2840, 0x2840, 0x2840,
  0x2840, 0x2840, 0x2840, 0x2840, 0x2840, 0x2840, 0x2840, 0x2840, 0x2840, 0x2040, 0x2840, 0x2040,
  0x2040, 0x2040, 0x2040, 0x2040, 0x2040, 0x2040, 0x2040, 0x2040, 0x2040, 0x2040, 0x2040, 0x2040,
  0x1820, 0x1820, 0x1820, 0x1820, 0x1840, 0x1840, 0x1840, 0x1840, 0x1820, 0x1840, 0x1840, 0x1840,
  0x1820, 0x1840, 0x1840, 0x1840, 0x2040, 0x2040, 0x2040, 0x2040, 0x2040, 0x2040, 0x2040, 0x2040,
  0x2040, 0x2040, 0x2040, 0x2040, 0x2040, 0x2040, 0x2040, 0x2040, 0x2040, 0x2040, 0x2840, 0x2840,
  0x2840, 0x2840, 0x2840, 0x2840, 0x2840, 0x2840, 0x2860, 0x2840, 0x2860, 0x2860, 0x2860, 0x2860,
  0x2860, 0x2860, 0x2860, 0x2860, 0x3060, 0x3060, 0x3060, 0x3060, 0x3060, 0x3060, 0x3060, 0x3060,
  0x3060, 0x3060, 0x3060, 0x3060, 0x3060, 0x3060, 0x3060, 0x3060, 0x3060, 0x3060, 0x3060, 0x3060,
  0x3880, 0x3880, 0x3880, 0x3880, 0x3880, 0x3880, 0x3880, 0x3880, 0x3880, 0x3880, 0x3880, 0x3880,
  0x3880, 0x3880, 0x3880, 0x3880, 0x3880, 0x3880, 0x3880, 0x3880, 0x3880, 0x3880, 0x3880, 0x3880,
  0x3880, 0x38A0, 0x38A0, 0x38A0, 0x38A0, 0x40A0, 0x40A0, 0x40A0, 0x40A0, 0x40A0, 0x38A0, 0x40A0,
  0x40A0, 0x40A0, 0x38A0, 0x40A0, 0x40A0, 0x40A0, 0x40A0, 0x40A0, 0x40A0, 0x40A0, 0x40A0, 0x40A0,
  0x40A0, 0x40A0, 0x40A0, 0x40A0, 0x40A0, 0x40A0, 0x40A0, 0x40A0, 0x40A0, 0x40A0, 0x40A0, 0x40A0,
  0x40A0, 0x40A0, 0x40A0, 0x40A0, 0x40A0, 0x40A0, 0x40A0, 0x40A0, 0x40A0, 0x40A0, 0x40A0, 0x40A0,
  0x40A0, 0x40A0, 0x40A0, 0x40A0, 0x40A0, 0x40A0, 0x40A0, 0x40A0, 0x40A0, 0x40A0, 0x40A0, 0x40A0,
  0x40A0, 0x40A0, 0x40A0, 0x40A0, 0x40A0, 0x38A0, 0x38A0, 0x40A0, 0x38A0, 0x38A0, 0x38A0, 0x38A0,
  0x38A0, 0x3880, 0x3880, 0x3880, 0x3880, 0x3880, 0x3880, 0x3880, 0x3880, 0x3880, 0x3880, 0x3880,
  0x3880, 0x3880, 0x3880, 0x3080, 0x3080, 0x3080, 0x3080, 0x3060, 0x3060, 0x3060, 0x3060, 0x3060,
  0x3060, 0x3060, 0x3060, 0x3060, 0x3060, 0x3060, 0x3060, 0x3060, 0x3060, 0x3060, 0x2860, 0x2860,
  0x2860, 0x2860, 0x2860, 0x2860, 0x2860, 0x2860, 0x2840, 0x2840, 0x2840, 0x2840, 0x2840, 0x2840,
  0x2840, 0x2840, 0x2840, 0x2840, 0x2840, 0x2840, 0x2840, 0x2040, 0x2040, 0x2040, 0x2040, 0x2040,
  0x2040, 0x2040, 0x2040, 0x2040, 0x2040, 0x2040, 0x2040, 0x2040, 0x2040, 0x2040, 0x2040, 0x2040,
  0x1820, 0x1820, 0x1820, 0x1820, 0x1820, 0x1820, 0x1820, 0x1840, 0x1820, 0x1820, 0x1820, 0x1820,
  0x1820, 0x1840, 0x1840, 0x1840, 0x2040, 0x2040, 0x2040, 0x2040, 0x2040, 0x2040, 0x2040, 0x2040,
  0x2040, 0x2040, 0x2040, 0x2040, 0x2040, 0x2040, 0x2040, 0x2040, 0x2040, 0x2040, 0x2840, 0x2840,
  0x2840, 0x2840, 0x2860, 0x2840, 0x2840, 0x2860, 0x2840, 0x2840, 0x2860, 0x2860, 0x2860, 0x2860,
  0x2860, 0x2860, 0x2860, 0x2860, 0x2860, 0x2860, 0x3060, 0x3060, 0x3060, 0x3060, 0x3060, 0x3060,
  0x3060, 0x3060, 0x3060, 0x3060, 0x3060, 0x3060, 0x3060, 0x3060, 0x3060, 0x3060, 0x3060, 0x3060,
  0x3060, 0x3060, 0x3880, 0x3880, 0x3880, 0x3880, 0x3880, 0x3880, 0x3880, 0x3880, 0x3880, 0x3880,
  0x3880, 0x3880, 0x3880, 0x3880, 0x3880, 0x3880, 0x3880, 0x3880, 0x3880, 0x3880, 0x3880, 0x3880,
  0x3880, 0x3880, 0x3880, 0x38A0, 0x38A0, 0x38A0, 0x38A0, 0x40A0, 0x40A0, 0x40A0, 0x38A0, 0x38A0,
  0x38A0, 0x40A0, 0x38A0, 0x38A0, 0x38A0, 0x40A0, 0x40A0, 0x38A0, 0x38A0, 0x38A0, 0x40A0, 0x40A0,
  0x40A0, 0x38A0, 0x40A0, 0x40A0, 0x40A0, 0x40A0, 0x40A0, 0x40A0, 0x40A0, 0x40A0, 0x40A0, 0x40A0,
  0x40A0, 0x40A0, 0x40A0, 0x40A0, 0x40A0, 0x40A0, 0x40A0, 0x40A0, 0x40A0, 0x40A0, 0x40A0, 0x40A0,
  0x40A0, 0x40A0, 0x40A0, 0x40A0, 0x40A0, 0x40A0, 0x40A0, 0x40A0, 0x40A0, 0x40A0, 0x40A0, 0x40A0,
  0x40A0, 0x40A0, 0x40A0, 0x40A0, 0x38A0, 0x38A0, 0x38A0, 0x38A0, 0x38A0, 0x38A0, 0x38A0, 0x38A0,
  0x3880, 0x3880, 0x3880, 0x3880, 0x3880, 0x3880, 0x3880, 0x3880, 0x3880, 0x3880, 0x3880, 0x3880,
  0x3880, 0x3880, 0x3880, 0x3880, 0x3080, 0x3080, 0x3080, 0x3060, 0x3060, 0x3060, 0x3060, 0x3060,
  0x3060, 0x3060, 0x3060, 0x3060, 0x3060, 0x3060, 0x3060, 0x3060, 0x2860, 0x2860, 0x2860, 0x2860,
  0x2860, 0x2860, 0x2860, 0x2860, 0x2860, 0x2840, 0x2840, 0x2840, 0x2840, 0x2840, 0x2840, 0x2840,
  0x2840, 0x2840, 0x2840, 0x2840, 0x2840, 0x2840, 0x2040, 0x2040, 0x2040, 0x2040, 0x2040, 0x2040,
  0x2040, 0x2040, 0x2040, 0x2040, 0x2040, 0x2040, 0x2040, 0x2040, 0x2040, 0x2040, 0x2040, 0x2040,
  0x1820, 0x1820, 0x1820, 0x1820, 0x1820, 0x1820, 0x1820, 0x1820, 0x1840, 0x1840, 0x1840, 0x1840,
  0x1840, 0x1840, 0x1840, 0x1840, 0x2040, 0x2040, 0x2040, 0x2040, 0x2040, 0x2040, 0x2040, 0x2040,
  0x2040, 0x2040, 0x2040, 0x2040, 0x2040, 0x2040, 0x2040, 0x2040, 0x2040, 0x2040, 0x2040, 0x2040,
  0x2840, 0x2840, 0x2840, 0x2840, 0x2840, 0x2840, 0x2860, 0x2860, 0x2860, 0x2860, 0x2860, 0x2860,
  0x2860, 0x2860, 0x2860, 0x2860, 0x2860, 0x2860, 0x3060, 0x3060, 0x3060, 0x3060, 0x3060, 0x3060,
  0x3060, 0x3060, 0x3060, 0x3060, 0x3060, 0x3060, 0x3060, 0x3060, 0x3060, 0x3060, 0x3060, 0x3060,
  0x3060, 0x3060, 0x3080, 0x3080, 0x3880, 0x3880, 0x3880, 0x3880, 0x3880, 0x3880, 0x3880, 0x3880,
  0x3880, 0x3880, 0x3880, 0x3880, 0x3880, 0x3880, 0x3880, 0x3880, 0x3880, 0x3880, 0x3880, 0x3880,
  0x3880, 0x3880, 0x3880, 0x38A0, 0x38A0, 0x38A0, 0x38A0, 0x38A0, 0x40A0, 0x40A0, 0x38A0, 0x38A0,
  0x38A0, 0x38A0, 0x38A0, 0x38A0, 0x38A0, 0x38A0, 0x40A0, 0x38A0, 0x38A0, 0x38A0, 0x38A0, 0x38A0,
  0x38A0, 0x38A0, 0x40A0, 0x38A0, 0x40A0, 0x38A0, 0x38A0, 0x38A0, 0x40A0, 0x40A0, 0x40A0, 0x40A0,
  0x40A0, 0x40A0, 0x40A0, 0x40A0, 0x40A0, 0x40A0, 0x40A0, 0x40A0, 0x40A0, 0x40A0, 0x40A0, 0x40A0,
  0x40A0, 0x40A0, 0x40A0, 0x40A0, 0x40A0, 0x40A0, 0x40A0, 0x40A0, 0x40A0, 0x40A0, 0x40A0, 0x40A0,
  0x40A0, 0x40A0, 0x40A0, 0x38A0, 0x38A0, 0x38A0, 0x38A0, 0x38A0, 0x3880, 0x38A0, 0x38A0, 0x38A0,
  0x38A0, 0x3880, 0x3880, 0x3880, 0x3880, 0x3880, 0x3880, 0x3880, 0x3880, 0x3880, 0x3880, 0x3880,
  0x3880, 0x3080, 0x3880, 0x3880, 0x3080, 0x3080, 0x3060, 0x3060, 0x3060, 0x3060, 0x3060, 0x3060,
  0x3060, 0x3060, 0x3060, 0x3060, 0x3060, 0x3060, 0x2860, 0x2860, 0x2860, 0x2860, 0x2860, 0x2860,
  0x2860, 0x2860, 0x2860, 0x2860, 0x2840, 0x2840, 0x2840, 0x2840, 0x2840, 0x2840, 0x2840, 0x2840,
  0x2840, 0x2840, 0x2840, 0x2840, 0x2840, 0x2040, 0x2040, 0x2040, 0x2040, 0x2040, 0x2040, 0x2040,
  0x2040, 0x2040, 0x2040, 0x2040, 0x2040, 0x2040, 0x2040, 0x2040, 0x2040, 0x2040, 0x2040, 0x2020,
  0x1820, 0x1820, 0x1820, 0x1820, 0x1820, 0x1820, 0x1820, 0x1820, 0x1840, 0x1820, 0x1840, 0x1840,
  0x1840, 0x1840, 0x1840, 0x1840, 0x1840, 0x2040, 0x2040, 0x2040, 0x2040, 0x2040, 0x2040, 0x2040,
  0x2040, 0x2040, 0x2040, 0x2040, 0x2040, 0x2040, 0x2040, 0x2040, 0x2040, 0x2040, 0x2040, 0x2040,
  0x2840, 0x2840, 0x2840, 0x2840, 0x2840, 0x2840, 0x2860, 0x2860, 0x2860, 0x2860, 0x2860, 0x2860,
  0x2860, 0x2860, 0x2860, 0x2860, 0x2860, 0x2860, 0x2860, 0x3060, 0x3060, 0x3060, 0x3060, 0x3060,
  0x3060, 0x3060, 0x3060, 0x3060, 0x3060, 0x3060, 0x3060, 0x3060, 0x3060, 0x3060, 0x3060, 0x3060,
  0x3060, 0x3060, 0x3060, 0x3080, 0x3080, 0x3880, 0x3880, 0x3880, 0x3880, 0x3880, 0x3880, 0x3880,
  0x3880, 0x3880, 0x3880, 0x3880, 0x3880, 0x3880, 0x3880, 0x3880, 0x3880, 0x3880, 0x3880, 0x3880,
  0x3880, 0x3880, 0x3880, 0x38A0, 0x38A0, 0x38A0, 0x38A0, 0x38A0, 0x38A0, 0x38A0, 0x38A0, 0x38A0,
  0x38A0, 0x38A0, 0x38A0, 0x38A0, 0x38A0, 0x38A0, 0x38A0, 0x38A0, 0x38A0, 0x38A0, 0x38A0, 0x38A0,
  0x38A0, 0x38A0, 0x38A0, 0x38A0, 0x38A0, 0x38A0, 0x38A0, 0x38A0, 0x38A0, 0x40A0, 0x40A0, 0x40A0,
  0x40A0, 0x40A0, 0x40A0, 0x40A0, 0x40A0, 0x40A0, 0x40A0, 0x40A0, 0x40A0, 0x40A0, 0x40A0, 0x40A0,
  0x40A0, 0x40A0, 0x40A0, 0x40A0, 0x40A0, 0x40A0, 0x38A0, 0x38A0, 0x38A0, 0x38A0, 0x38A0, 0x38A0,
  0x38A0, 0x38A0, 0x38A0, 0x38A0, 0x38A0, 0x38A0, 0x38A0, 0x3880, 0x38A0, 0x38A0, 0x3880, 0x3880,
  0x3880, 0x3880, 0x3880, 0x3880, 0x3880, 0x3880, 0x3880, 0x3880, 0x3880, 0x3880, 0x3880, 0x3880,
  0x3080, 0x3080, 0x3080, 0x3080, 0x3060, 0x3080, 0x3060, 0x3060, 0x3060, 0x3060, 0x3060, 0x3060,
  0x3060, 0x3060, 0x3060, 0x3060, 0x3060, 0x2860, 0x2860, 0x2860, 0x2860, 0x2840, 0x2840, 0x2860,
  0x2860, 0x2860, 0x2860, 0x2860, 0x2840, 0x2840, 0x2840, 0x2840, 0x2840, 0x2840, 0x2840, 0x2840,
  0x2840, 0x2840, 0x2840, 0x2840, 0x2040, 0x2040, 0x2040, 0x2040, 0x2040, 0x2040, 0x2040, 0x2040,
  0x2040, 0x2040, 0x2040, 0x2040, 0x2040, 0x2040, 0x2040, 0x2040, 0x2040, 0x2040, 0x2040, 0x2040,
  0x1820, 0x1820, 0x1820, 0x1820, 0x1820, 0x1820, 0x1820, 0x1820, 0x1840, 0x1820, 0x1840, 0x1840,
  0x1840, 0x1840, 0x1840, 0x1840, 0x1840, 0x1840, 0x1840, 0x2040, 0x2040, 0x2040, 0x2040, 0x2040,
  0x2040, 0x2040, 0x2040, 0x2040, 0x2040, 0x2040, 0x2040, 0x2040, 0x2040, 0x2040, 0x2040, 0x2040,
  0x2040, 0x2040, 0x2840, 0x2840, 0x2840, 0x2840, 0x2840, 0x2860, 0x2860, 0x2860, 0x2860, 0x2860,
  0x2860, 0x2860, 0x2860, 0x2860, 0x2860, 0x2860, 0x2860, 0x2860, 0x3060, 0x3060, 0x3060, 0x3060,
  0x3060, 0x3060, 0x3060, 0x3060, 0x3060, 0x3060, 0x3060, 0x3060, 0x3060, 0x3060, 0x3060, 0x3060,
  0x3060, 0x3060, 0x3060, 0x3080, 0x3080, 0x3880, 0x3880, 0x3880, 0x3880, 0x3880, 0x3880, 0x3880,
  0x3880, 0x3880, 0x3880, 0x3880, 0x3880, 0x3880, 0x3880, 0x3880, 0x3880, 0x3880, 0x3880, 0x3880,
  0x3880, 0x3880, 0x3880, 0x38A0, 0x38A0, 0x38A0, 0x38A0, 0x38A0, 0x38A0, 0x3880, 0x3880, 0x38A0,
  0x38A0, 0x38A0, 0x38A0, 0x38A0, 0x38A0, 0x38A0, 0x38A0, 0x38A0, 0x38A0, 0x38A0, 0x38A0, 0x38A0,
  0x38A0, 0x38A0, 0x38A0, 0x38A0, 0x38A0, 0x38A0, 0x38A0, 0x38A0, 0x38A0, 0x38A0, 0x38A0, 0x38A0,
  0x38A0, 0x38A0, 0x40A0, 0x40A0, 0x40A0, 0x40A0, 0x40A0, 0x40A0, 0x40A0, 0x40A0, 0x38A0, 0x38A0,
  0x38A0, 0x38A0, 0x38A0, 0x38A0, 0x38A0, 0x38A0, 0x38A0, 0x38A0, 0x38A0, 0x38A0, 0x38A0, 0x38A0,
  0x38A0, 0x38A0, 0x38A0, 0x3880, 0x3880, 0x38A0, 0x38A0, 0x3880, 0x3880, 0x3880, 0x3880, 0x3880,
  0x3880, 0x3880, 0x3880, 0x3880, 0x3880, 0x3880, 0x3880, 0x3880, 0x3880, 0x3880, 0x3880, 0x3080,
  0x3080, 0x3080, 0x3080, 0x3080, 0x3060, 0x3080, 0x3060, 0x3060, 0x3060, 0x3060, 0x3060, 0x3060,
  0x3060, 0x3060, 0x3060, 0x2860, 0x2860, 0x2860, 0x2860, 0x2860, 0x2860, 0x2840, 0x2840, 0x2840,
  0x2840, 0x2860, 0x2860, 0x2840, 0x2840, 0x2840, 0x2840, 0x2840, 0x2840, 0x2840, 0x2840, 0x2840,
  0x2840, 0x2840, 0x2840, 0x2040, 0x2040, 0x2040, 0x2040, 0x2040, 0x2040, 0x2040, 0x2040, 0x2040,
  0x2040, 0x2040, 0x2040, 0x2040, 0x2040, 0x2040, 0x2040, 0x2020, 0x2040, 0x2040, 0x2040, 0x2020,
  0x1820, 0x1820, 0x1820, 0x1820, 0x1820, 0x1820, 0x1820, 0x1820, 0x1820, 0x1840, 0x1840, 0x1840,
  0x1840, 0x1840, 0x1840, 0x1840, 0x1840, 0x1840, 0x1840, 0x1840, 0x2040, 0x2040, 0x2040, 0x2040,
  0x2040, 0x2040, 0x2040, 0x2040, 0x2040, 0x2040, 0x2040, 0x2040, 0x2040, 0x2040, 0x2040, 0x2040,
  0x2040, 0x2040, 0x2040, 0x2840, 0x2840, 0x2840, 0x2840, 0x2840, 0x2860, 0x2860, 0x2840, 0x2860,
  0x2860, 0x2860, 0x2860, 0x2860, 0x2860, 0x2860, 0x2860, 0x2860, 0x2860, 0x2860, 0x3060, 0x3060,
  0x3060, 0x3060, 0x3060, 0x3060, 0x3060, 0x3060, 0x3060, 0x3060, 0x3060, 0x3060, 0x3060, 0x3060,
  0x3060, 0x3060, 0x3060, 0x3080, 0x3080, 0x3080, 0x3080, 0x3080, 0x3080, 0x3080, 0x3880, 0x3880,
  0x3880, 0x3880, 0x3880, 0x3880, 0x3880, 0x3880, 0x3880, 0x3880, 0x3880, 0x3880, 0x3880, 0x3880,
  0x3880, 0x3880, 0x3880, 0x3880, 0x3880, 0x38A0, 0x38A0, 0x38A0, 0x38A0, 0x3880, 0x3880, 0x3880,
  0x3880, 0x38A0, 0x3880, 0x3880, 0x38A0, 0x38A0, 0x38A0, 0x38A0, 0x38A0, 0x38A0, 0x38A0, 0x38A0,
  0x38A0, 0x38A0, 0x38A0, 0x38A0, 0x38A0, 0x38A0, 0x38A0, 0x38A0, 0x38A0, 0x38A0, 0x38A0, 0x38A0,
  0x38A0, 0x38A0, 0x38A0, 0x38A0, 0x40A0, 0x40A0, 0x38A0, 0x38A0, 0x38A0, 0x38A0, 0x38A0, 0x38A0,
  0x38A0, 0x38A0, 0x38A0, 0x38A0, 0x38A0, 0x38A0, 0x38A0, 0x38A0, 0x38A0, 0x3880, 0x38A0, 0x38A0,
  0x38A0, 0x3880, 0x3880, 0x3880, 0x3880, 0x3880, 0x3880, 0x3880, 0x3880, 0x3880, 0x3880, 0x3880,
  0x3880, 0x3880, 0x3880, 0x3880, 0x3880, 0x3880, 0x3880, 0x3880, 0x3880, 0x3080, 0x3080, 0x3080,
  0x3080, 0x3080, 0x3080, 0x3080, 0x3080, 0x3060, 0x3060, 0x3060, 0x3060, 0x3060, 0x3060, 0x3060,
  0x3060, 0x3060, 0x2860, 0x2860, 0x2860, 0x2860, 0x2860, 0x2860, 0x2860, 0x2840, 0x2840, 0x2840,
  0x2840, 0x2840, 0x2860, 0x2840, 0x2840, 0x2840, 0x2840, 0x2840, 0x2840, 0x2840, 0x2840, 0x2840,
  0x2840, 0x2840, 0x2040, 0x2040, 0x2040, 0x2040, 0x2040, 0x2040, 0x2040, 0x2040, 0x2040, 0x2040,
  0x2040, 0x2040, 0x2040, 0x2040, 0x2040, 0x2040, 0x2040, 0x2040, 0x2040, 0x2020, 0x2020, 0x2020,
  0x1820, 0x1820, 0x1820, 0x1820, 0x1820, 0x1820, 0x1820, 0x1820, 0x1820, 0x1840, 0x1840, 0x1840,
  0x1840, 0x1840, 0x1840, 0x1840, 0x1840, 0x1840, 0x1840, 0x1840, 0x1840, 0x2040, 0x2040, 0x2040,
  0x2040, 0x2040, 0x2040, 0x2040, 0x2040, 0x2040, 0x2040, 0x2040, 0x2040, 0x2040, 0x2040, 0x2040,
  0x2040, 0x2040, 0x2040, 0x2040, 0x2840, 0x2840, 0x2840, 0x2840, 0x2840, 0x2840, 0x2840, 0x2840,
  0x2860, 0x2860, 0x2860, 0x2860, 0x2860, 0x2860, 0x2860, 0x2860, 0x2860, 0x2860, 0x2860, 0x2860,
  0x2860, 0x3060, 0x3060, 0x3060, 0x3060, 0x3060, 0x3060, 0x3060, 0x3060, 0x3060, 0x3060, 0x3060,
  0x3060, 0x3060, 0x3060, 0x3080, 0x3060, 0x3080, 0x3080, 0x3080, 0x3080, 0x3080, 0x3080, 0x3880,
  0x3880, 0x3880, 0x3880, 0x3880, 0x3880, 0x3880, 0x3880, 0x3880, 0x3880, 0x3880, 0x3880, 0x3880,
  0x3880, 0x3880, 0x3880, 0x3880, 0x3880, 0x3880, 0x3880, 0x3880, 0x3880, 0x3880, 0x3880, 0x38A0,
  0x3880, 0x3880, 0x3880, 0x3880, 0x3880, 0x38A0, 0x38A0, 0x38A0, 0x38A0, 0x38A0, 0x38A0, 0x38A0,
  0x38A0, 0x38A0, 0x38A0, 0x38A0, 0x38A0, 0x38A0, 0x38A0, 0x38A0, 0x38A0, 0x38A0, 0x38A0, 0x38A0,
  0x38A0, 0x38A0, 0x38A0, 0x38A0, 0x38A0, 0x38A0, 0x38A0, 0x38A0, 0x38A0, 0x38A0, 0x38A0, 0x38A0,
  0x38A0, 0x38A0, 0x38A0, 0x38A0, 0x38A0, 0x38A0, 0x38A0, 0x38A0, 0x38A0, 0x38A0, 0x38A0, 0x38A0,
  0x38A0, 0x3880, 0x3880, 0x3880, 0x3880, 0x3880, 0x3880, 0x3880, 0x3880, 0x3880, 0x3880, 0x3880,
  0x3880, 0x3880, 0x3880, 0x3880, 0x3880, 0x3880, 0x3880, 0x3880, 0x3080, 0x3080, 0x3080, 0x3080,
  0x3080, 0x3080, 0x3060, 0x3060, 0x3060, 0x3060, 0x3060, 0x3060, 0x3060, 0x3060, 0x3060, 0x3060,
  0x3060, 0x2860, 0x2860, 0x2860, 0x2860, 0x2860, 0x2860, 0x2860, 0x2860, 0x2860, 0x2860, 0x2840,
  0x2860, 0x2840, 0x2840, 0x2840, 0x2840, 0x2840, 0x2840, 0x2840, 0x2840, 0x2840, 0x2840, 0x2040,
  0x2040, 0x2040, 0x2040, 0x2040, 0x2040, 0x2040, 0x2040, 0x2040, 0x2040, 0x2040, 0x2040, 0x2040,
  0x2040, 0x2040, 0x2040, 0x2040, 0x2040, 0x2040, 0x2040, 0x2040, 0x1840, 0x1840, 0x1820, 0x1820,
  0x1820, 0x1820, 0x1820, 0x1820, 0x1820, 0x1820, 0x1820, 0x1820, 0x1820, 0x1820, 0x1820, 0x1840,
  0x1840, 0x1840, 0x1840, 0x1840, 0x1840, 0x1840, 0x1840, 0x1840, 0x1840, 0x2040, 0x2040, 0x2040,
  0x2040, 0x2040, 0x2040, 0x2040, 0x2040, 0x2040, 0x2040, 0x2040, 0x2040, 0x2040, 0x2040, 0x2040,
  0x2040, 0x2040, 0x2040, 0x2040, 0x2840, 0x2840, 0x2840, 0x2840, 0x2840, 0x2840, 0x2860, 0x2860,
  0x2860, 0x2860, 0x2860, 0x2860, 0x2860, 0x2860, 0x2860, 0x2860, 0x2860, 0x2860, 0x2860, 0x2860,
  0x2860, 0x3060, 0x2860, 0x3060, 0x3060, 0x3060, 0x3060, 0x3060, 0x3060, 0x3060, 0x3060, 0x3060,
  0x3060, 0x3060, 0x3060, 0x3060, 0x3080, 0x3080, 0x3060, 0x3080, 0x3080, 0x3080, 0x3080, 0x3080,
  0x3080, 0x3080, 0x3080, 0x3880, 0x3880, 0x3880, 0x3880, 0x3880, 0x3880, 0x3880, 0x3880, 0x3880,
  0x3880, 0x3880, 0x3880, 0x3880, 0x3880, 0x3880, 0x3880, 0x3880, 0x3880, 0x3880, 0x3880, 0x38A0,
  0x3880, 0x38A0, 0x38A0, 0x3880, 0x3880, 0x3880, 0x38A0, 0x38A0, 0x38A0, 0x38A0, 0x38A0, 0x38A0,
  0x38A0, 0x38A0, 0x38A0, 0x38A0, 0x38A0, 0x38A0, 0x38A0, 0x38A0, 0x38A0, 0x38A0, 0x38A0, 0x38A0,
  0x38A0, 0x38A0, 0x38A0, 0x38A0, 0x38A0, 0x38A0, 0x38A0, 0x38A0, 0x38A0, 0x38A0, 0x38A0, 0x38A0,
  0x38A0, 0x38A0, 0x3880, 0x38A0, 0x38A0, 0x38A0, 0x38A0, 0x38A0, 0x38A0, 0x3880, 0x3880, 0x3880,
  0x3880, 0x3880, 0x3880, 0x3880, 0x3880, 0x3880, 0x3880, 0x3880, 0x3880, 0x3880, 0x3880, 0x3880,
  0x3880, 0x3880, 0x3880, 0x3880, 0x3880, 0x3880, 0x3880, 0x3080, 0x3080, 0x3080, 0x3080, 0x3080,
  0x3080, 0x3080, 0x3060, 0x3060, 0x3060, 0x3060, 0x3060, 0x3060, 0x3060, 0x3060, 0x3060, 0x2860,
  0x2860, 0x2860, 0x2860, 0x2860, 0x2860, 0x2860, 0x2860, 0x2860, 0x2840, 0x2860, 0x2860, 0x2840,
  0x2840, 0x2840, 0x2840, 0x2840, 0x2840, 0x2840, 0x2840, 0x2840, 0x2840, 0x2840, 0x2840, 0x2040,
  0x2040, 0x2040, 0x2040, 0x2040, 0x2040, 0x2040, 0x2040, 0x2040, 0x2040, 0x2040, 0x2040, 0x2040,
  0x2040, 0x2040, 0x2040, 0x2040, 0x2040, 0x2020, 0x2040, 0x1840, 0x1840, 0x1840, 0x1820, 0x1820,
  0x1820, 0x1820, 0x1820, 0x1820, 0x1820, 0x1820, 0x1820, 0x1820, 0x1820, 0x1820, 0x1820, 0x1820,
  0x1820, 0x1840, 0x1820, 0x1840, 0x1840, 0x1840, 0x1820, 0x1820, 0x1840, 0x1840, 0x2040, 0x2040,
  0x2040, 0x2040, 0x2040, 0x2040, 0x2040, 0x2040, 0x2040, 0x2040, 0x2040, 0x2040, 0x2040, 0x2040,
  0x2040, 0x2040, 0x2040, 0x2040, 0x2040, 0x2840, 0x2840, 0x2840, 0x2860, 0x2840, 0x2840, 0x2860,
  0x2860, 0x2860, 0x2860, 0x2860, 0x2860, 0x2860, 0x2860, 0x2860, 0x2860, 0x2860, 0x2860, 0x2860,
  0x2860, 0x2860, 0x2860, 0x3060, 0x3060, 0x3060, 0x3060, 0x3060, 0x3060, 0x3060, 0x3060, 0x3060,
  0x3060, 0x3060, 0x3060, 0x3060, 0x3060, 0x3060, 0x3060, 0x3080, 0x3080, 0x3080, 0x3080, 0x3080,
  0x3080, 0x3080, 0x3080, 0x3080, 0x3080, 0x3080, 0x3880, 0x3880, 0x3880, 0x3880, 0x3880, 0x3880,
  0x3880, 0x3880, 0x3880, 0x3880, 0x3880, 0x3880, 0x3880, 0x3880, 0x3880, 0x3880, 0x3880, 0x3880,
  0x38A0, 0x3880, 0x3880, 0x3880, 0x3880, 0x3880, 0x38A0, 0x3880, 0x3880, 0x38A0, 0x38A0, 0x38A0,
  0x38A0, 0x38A0, 0x38A0, 0x3880, 0x3880, 0x38A0, 0x3880, 0x38A0, 0x38A0, 0x3880, 0x3880, 0x3880,
  0x3880, 0x38A0, 0x38A0, 0x38A0, 0x38A0, 0x38A0, 0x38A0, 0x38A0, 0x38A0, 0x38A0, 0x38A0, 0x38A0,
  0x38A0, 0x38A0, 0x38A0, 0x3880, 0x3880, 0x3880, 0x38A0, 0x38A0, 0x38A0, 0x3880, 0x3880, 0x3880,
  0x3880, 0x3880, 0x3880, 0x3880, 0x3880, 0x3880, 0x3880, 0x3880, 0x3880, 0x3880, 0x3880, 0x3880,
  0x3880, 0x3880, 0x3880, 0x3880, 0x3080, 0x3080, 0x3080, 0x3080, 0x3080, 0x3080, 0x3080, 0x3080,
  0x3060, 0x3060, 0x3060, 0x3060, 0x3060, 0x3060, 0x3060, 0x3060, 0x3060, 0x2860, 0x2860, 0x2860,
  0x2860, 0x2860, 0x2860, 0x2860, 0x2860, 0x2860, 0x2860, 0x2860, 0x2860, 0x2840, 0x2840, 0x2840,
  0x2840, 0x2840, 0x2840, 0x2840, 0x2840, 0x2840, 0x2840, 0x2840, 0x2040, 0x2040, 0x2040, 0x2040,
  0x2040, 0x2040, 0x2040, 0x2040, 0x2040, 0x2040, 0x2040, 0x2040, 0x2040, 0x2040, 0x2040, 0x2040,
  0x2040, 0x2040, 0x2040, 0x2040, 0x2040, 0x2020, 0x1840, 0x1820, 0x1840, 0x1820, 0x1840, 0x1820,
  0x1020, 0x1820, 0x1820, 0x1820, 0x1820, 0x1820, 0x1820, 0x1820, 0x1820, 0x1820, 0x1820, 0x1820,
  0x1820, 0x1820, 0x1840, 0x1820, 0x1840, 0x1840, 0x1840, 0x1840, 0x1840, 0x1840, 0x1840, 0x2040,
  0x2040, 0x2040, 0x2040, 0x2040, 0x2040, 0x2040, 0x2040, 0x2040, 0x2040, 0x2040, 0x2040, 0x2040,
  0x2040, 0x2040, 0x2040, 0x2040, 0x2040, 0x2040, 0x2840, 0x2840, 0x2840, 0x2860, 0x2840, 0x2840,
  0x2860, 0x2860, 0x2860, 0x2860, 0x2860, 0x2860, 0x2860, 0x2860, 0x2860, 0x2860, 0x2860, 0x2860,
  0x2860, 0x2860, 0x2860, 0x2860, 0x3060, 0x3060, 0x3060, 0x3060, 0x3060, 0x3060, 0x3060, 0x3060,
  0x3060, 0x3060, 0x3060, 0x3060, 0x3060, 0x3060, 0x3060, 0x3060, 0x3060, 0x3080, 0x3080, 0x3080,
  0x3080, 0x3080, 0x3080, 0x3080, 0x3080, 0x3080, 0x3080, 0x3080, 0x3080, 0x3080, 0x3880, 0x3880,
  0x3880, 0x3880, 0x3880, 0x3880, 0x3880, 0x3880, 0x3880, 0x3880, 0x3880, 0x3880, 0x3880, 0x3880,
  0x3880, 0x3880, 0x3880, 0x3880, 0x3880, 0x3880, 0x3880, 0x3880, 0x3880, 0x3880, 0x38A0, 0x38A0,
  0x38A0, 0x3880, 0x3880, 0x3880, 0x3880, 0x3880, 0x3880, 0x3880, 0x38A0, 0x3880, 0x3880, 0x3880,
  0x3880, 0x3880, 0x3880, 0x38A0, 0x38A0, 0x38A0, 0x38A0, 0x38A0, 0x38A0, 0x38A0, 0x38A0, 0x38A0,
  0x38A0, 0x38A0, 0x3880, 0x3880, 0x3880, 0x3880, 0x3880, 0x3880, 0x3880, 0x3880, 0x3880, 0x3880,
  0x3880, 0x3880, 0x3880, 0x3880, 0x3880, 0x3880, 0x3880, 0x3880, 0x3880, 0x3880, 0x3880, 0x3880,
  0x3080, 0x3080, 0x3080, 0x3080, 0x3080, 0x3080, 0x3080, 0x3080, 0x3080, 0x3080, 0x3060, 0x3060,
  0x3060, 0x3060, 0x3060, 0x3060, 0x3060, 0x3060, 0x2860, 0x2860, 0x2860, 0x2860, 0x2860, 0x2860,
  0x2860, 0x2860, 0x2860, 0x2860, 0x2860, 0x2860, 0x2860, 0x2840, 0x2840, 0x2840, 0x2840, 0x2840,
  0x2840, 0x2840, 0x2840, 0x2840, 0x2840, 0x2840, 0x2040, 0x2040, 0x2040, 0x2040, 0x2040, 0x2040,
  0x2040, 0x2040, 0x2040, 0x2040, 0x2040, 0x2040, 0x2040, 0x2040, 0x2020, 0x2040, 0x2040, 0x2040,
  0x2040, 0x2040, 0x2020, 0x2040, 0x2020, 0x1820, 0x1820, 0x1820, 0x1840, 0x1820, 0x1820, 0x1820,
  0x1020, 0x1020, 0x1020, 0x1020, 0x1820, 0x1820, 0x1820, 0x1820, 0x1820, 0x1820, 0x1820, 0x1820,
  0x1820, 0x1820, 0x1840, 0x1840, 0x1820, 0x1840, 0x1820, 0x1840, 0x1840, 0x1840, 0x1840, 0x1840,
  0x2040, 0x2040, 0x2040, 0x2040, 0x2040, 0x2040, 0x2040, 0x2040, 0x2040, 0x2040, 0x2040, 0x2040,
  0x2040, 0x2040, 0x2040, 0x2040, 0x2040, 0x2040, 0x2040, 0x2040, 0x2840, 0x2840, 0x2840, 0x2840,
  0x2840, 0x2860, 0x2860, 0x2860, 0x2860, 0x2860, 0x2860, 0x2860, 0x2860, 0x2860, 0x2860, 0x2860,
  0x2860, 0x2860, 0x2860, 0x2860, 0x2860, 0x2860, 0x3060, 0x3060, 0x3060, 0x3060, 0x3060, 0x3060,
  0x3060, 0x3060, 0x3060, 0x3060, 0x3060, 0x3060, 0x3060, 0x3080, 0x3060, 0x3080, 0x3060, 0x3060,
  0x3060, 0x3060, 0x3080, 0x3080, 0x3080, 0x3080, 0x3080, 0x3080, 0x3080, 0x3080, 0x3080, 0x3080,
  0x3880, 0x3880, 0x3880, 0x3880, 0x3880, 0x3880, 0x3880, 0x3880, 0x3880, 0x3880, 0x3880, 0x3880,
  0x3880, 0x3880, 0x3880, 0x3880, 0x3880, 0x3880, 0x3880, 0x3880, 0x3880, 0x3880, 0x3880, 0x3880,
  0x3880, 0x3880, 0x3880, 0x3880, 0x3880, 0x3880, 0x3880, 0x3880, 0x38A0, 0x3880, 0x3880, 0x3880,
  0x3880, 0x3880, 0x3880, 0x3880, 0x3880, 0x3880, 0x3880, 0x38A0, 0x38A0, 0x38A0, 0x38A0, 0x38A0,
  0x3880, 0x3880, 0x3880, 0x3880, 0x3880, 0x3880, 0x3880, 0x3880, 0x3880, 0x3880, 0x3880, 0x3880,
  0x3880, 0x3880, 0x3880, 0x3880, 0x3880, 0x3880, 0x3880, 0x3880, 0x3880, 0x3880, 0x3880, 0x3080,
  0x3080, 0x3080, 0x3080, 0x3080, 0x3080, 0x3080, 0x3080, 0x3080, 0x3060, 0x3080, 0x3060, 0x3060,
  0x3060, 0x3060, 0x3060, 0x3060, 0x3060, 0x3060, 0x2860, 0x2860, 0x2860, 0x2860, 0x2860, 0x2860,
  0x2860, 0x2860, 0x2860, 0x2860, 0x2860, 0x2860, 0x2840, 0x2840, 0x2840, 0x2840, 0x2840, 0x2840,
  0x2840, 0x2840, 0x2840, 0x2840, 0x2840, 0x2040, 0x2040, 0x2040, 0x2040, 0x2040, 0x2040, 0x2040,
  0x2040, 0x2040, 0x2040, 0x2040, 0x2040, 0x2040, 0x2040, 0x2040, 0x2040, 0x2040, 0x2040, 0x2040,
  0x2040, 0x2020, 0x2020, 0x1820, 0x1820, 0x1820, 0x1820, 0x1820, 0x1820, 0x1820, 0x1820, 0x1820,
  0x1020, 0x1020, 0x1020, 0x1020, 0x1820, 0x1820, 0x1820, 0x1820, 0x1820, 0x1820, 0x1820, 0x1820,
  0x1820, 0x1820, 0x1820, 0x1820, 0x1840, 0x1840, 0x1840, 0x1820, 0x1840, 0x1840, 0x1840, 0x1840,
  0x1840, 0x1840, 0x2040, 0x2040, 0x2040, 0x2040, 0x2040, 0x2040, 0x2040, 0x2040, 0x2040, 0x2040,
  0x2040, 0x2040, 0x2040, 0x2040, 0x2040, 0x2040, 0x2040, 0x2040, 0x2040, 0x2840, 0x2840, 0x2840,
  0x2840, 0x2860, 0x2860, 0x2860, 0x2860, 0x2860, 0x2860, 0x2860, 0x2860, 0x2860, 0x2860, 0x2860,
  0x2860, 0x2860, 0x2860, 0x2860, 0x2860, 0x2860, 0x2860, 0x3060, 0x3060, 0x3060, 0x3060, 0x3060,
  0x3060, 0x3060, 0x3060, 0x3060, 0x3060, 0x3060, 0x3060, 0x3060, 0x3060, 0x3060, 0x3060, 0x3060,
  0x3060, 0x3060, 0x3080, 0x3080, 0x3080, 0x3080, 0x3080, 0x3080, 0x3080, 0x3080, 0x3080, 0x3080,
  0x3080, 0x3080, 0x3080, 0x3080, 0x3880, 0x3880, 0x3880, 0x3880, 0x3880, 0x3880, 0x3880, 0x3880,
  0x3880, 0x3880, 0x3880, 0x3880, 0x3880, 0x3880, 0x3880, 0x3880, 0x3880, 0x3880, 0x3880, 0x3880,
  0x3880, 0x3880, 0x3880, 0x3880, 0x3880, 0x3880, 0x3880, 0x3880, 0x3880, 0x3880, 0x3880, 0x3880,
  0x3880, 0x3880, 0x3880, 0x3880, 0x3880, 0x3880, 0x3880, 0x38A0, 0x3880, 0x3880, 0x3880, 0x3880,
  0x3880, 0x3880, 0x3880, 0x3880, 0x3880, 0x3880, 0x3880, 0x3880, 0x3880, 0x3880, 0x3880, 0x3880,
  0x3880, 0x3880, 0x3880, 0x3880, 0x3080, 0x3080, 0x3880, 0x3880, 0x3880, 0x3880, 0x3080, 0x3080,
  0x3080, 0x3080, 0x3080, 0x3080, 0x3060, 0x3080, 0x3080, 0x3060, 0x3060, 0x3060, 0x3060, 0x3060,
  0x3060, 0x3060, 0x3060, 0x3060, 0x3060, 0x2860, 0x2860, 0x2860, 0x2860, 0x2860, 0x2860, 0x2860,
  0x2860, 0x2860, 0x2860, 0x2860, 0x2860, 0x2860, 0x2840, 0x2840, 0x2840, 0x2840, 0x2840, 0x2840,
  0x2840, 0x2840, 0x2840, 0x2040, 0x2040, 0x2040, 0x2040, 0x2040, 0x2040, 0x2040, 0x2040, 0x2040,
  0x2040, 0x2040, 0x2040, 0x2040, 0x2040, 0x2040, 0x2040, 0x2040, 0x2040, 0x2040, 0x2040, 0x2020,
  0x2040, 0x2020, 0x1820, 0x1820, 0x1820, 0x1820, 0x1820, 0x1820, 0x1820, 0x1820, 0x1820, 0x1820,
  0x1020, 0x1020, 0x1020, 0x1020, 0x1020, 0x1820, 0x1820, 0x1820, 0x1820, 0x1820, 0x1820, 0x1820,
  0x1820, 0x1820, 0x1820, 0x1820, 0x1840, 0x1840, 0x1840, 0x1840, 0x1820, 0x1840, 0x1840, 0x1840,
  0x1840, 0x1840, 0x1840, 0x1840, 0x1840, 0x2040, 0x2040, 0x2040, 0x2040, 0x2040, 0x2040, 0x2040,
  0x2040, 0x2040, 0x2040, 0x2040, 0x2040, 0x2040, 0x2040, 0x2040, 0x2040, 0x2040, 0x2040, 0x2040,
  0x2860, 0x2860, 0x2860, 0x2860, 0x2860, 0x2860, 0x2860, 0x2860, 0x2860, 0x2860, 0x2860, 0x2860,
  0x2860, 0x2860, 0x2860, 0x2860, 0x2860, 0x2860, 0x2860, 0x2860, 0x2860, 0x2860, 0x3060, 0x3060,
  0x3060, 0x3060, 0x3060, 0x3060, 0x3060, 0x3060, 0x3060, 0x3060, 0x3060, 0x3060, 0x3060, 0x3060,
  0x3060, 0x3060, 0x3080, 0x3080, 0x3080, 0x3080, 0x3080, 0x3080, 0x3080, 0x3080, 0x3080, 0x3080,
  0x3080, 0x3080, 0x3080, 0x3080, 0x3080, 0x3080, 0x3080, 0x3080, 0x3080, 0x3080, 0x3080, 0x3080,
  0x3880, 0x3880, 0x3880, 0x3880, 0x3880, 0x3880, 0x3880, 0x3880, 0x3880, 0x3880, 0x3880, 0x3880,
  0x3880, 0x3880, 0x3880, 0x3880, 0x3880, 0x3880, 0x3880, 0x3880, 0x3880, 0x3880, 0x3880, 0x3880,
  0x3880, 0x3880, 0x3880, 0x3880, 0x3880, 0x3880, 0x3880, 0x3880, 0x3880, 0x3880, 0x3880, 0x3880,
  0x3880, 0x3880, 0x3880, 0x3880, 0x3880, 0x3880, 0x3880, 0x3880, 0x3880, 0x3880, 0x3880, 0x3880,
  0x3880, 0x3880, 0x3880, 0x3080, 0x3080, 0x3080, 0x3880, 0x3080, 0x3080, 0x3080, 0x3080, 0x3080,
  0x3080, 0x3080, 0x3080, 0x3080, 0x3080, 0x3080, 0x3060, 0x3060, 0x3060, 0x3060, 0x3060, 0x3060,
  0x3060, 0x3060, 0x3060, 0x3060, 0x2860, 0x2860, 0x2860, 0x2860, 0x2860, 0x2860, 0x2860, 0x2860,
  0x2860, 0x2840, 0x2840, 0x2860, 0x2840, 0x2860, 0x2840, 0x2840, 0x2840, 0x2840, 0x2840, 0x2840,
  0x2840, 0x2840, 0x2840, 0x2040, 0x2040, 0x2040, 0x2040, 0x2040, 0x2040, 0x2040, 0x2040, 0x2040,
  0x2040, 0x2040, 0x2040, 0x2040, 0x2040, 0x2040, 0x2040, 0x2040, 0x2020, 0x2040, 0x2040, 0x2040,
  0x2040, 0x1820, 0x1820, 0x1820, 0x1820, 0x1820, 0x1820, 0x1820, 0x1820, 0x1820, 0x1820, 0x1820,
  0x1020, 0x1020, 0x1020, 0x1020, 0x1020, 0x1020, 0x1020, 0x1020, 0x1820, 0x1820, 0x1820, 0x1820,
  0x1820, 0x1820, 0x1820, 0x1840, 0x1820, 0x1840, 0x1840, 0x1840, 0x1840, 0x1840, 0x1840, 0x1840,
  0x1840, 0x1840, 0x1840, 0x1840, 0x1840, 0x1840, 0x2040, 0x2040, 0x2040, 0x2040, 0x2040, 0x2040,
  0x2040, 0x2040, 0x2040, 0x2040, 0x2040, 0x2040, 0x2040, 0x2040, 0x2040, 0x2040, 0x2040, 0x2040,
  0x2860, 0x2860, 0x2860, 0x2860, 0x2860, 0x2860, 0x2860, 0x2860, 0x2860, 0x2860, 0x2860, 0x2860,
  0x2860, 0x2860, 0x2860, 0x2860, 0x2860, 0x2860, 0x2860, 0x2860, 0x2860, 0x2860, 0x2860, 0x3060,
  0x3060, 0x3060, 0x2860, 0x2860, 0x2860, 0x3060, 0x3060, 0x3060, 0x3060, 0x3060, 0x3060, 0x3060,
  0x3060, 0x3060, 0x3060, 0x3060, 0x3060, 0x3080, 0x3080, 0x3080, 0x3080, 0x3080, 0x3080, 0x3080,
  0x3080, 0x3080, 0x3080, 0x3080, 0x3080, 0x3080, 0x3080, 0x3080, 0x3080, 0x3080, 0x3080, 0x3080,
  0x3080, 0x3080, 0x3880, 0x3880, 0x3880, 0x3880, 0x3880, 0x3880, 0x3880, 0x3880, 0x3880, 0x3880,
  0x3880, 0x3880, 0x3880, 0x3880, 0x3880, 0x3880, 0x3880, 0x3880, 0x3880, 0x3880, 0x3880, 0x3880,
  0x3880, 0x3880, 0x3880, 0x3880, 0x3880, 0x3880, 0x3880, 0x3880, 0x3880, 0x3880, 0x3880, 0x3880,
  0x3880, 0x3880, 0x3880, 0x3880, 0x3880, 0x3880, 0x3880, 0x3880, 0x3880, 0x3880, 0x3880, 0x3080,
  0x3080, 0x3080, 0x3080, 0x3080, 0x3080, 0x3080, 0x3080, 0x3080, 0x3080, 0x3080, 0x3080, 0x3080,
  0x3080, 0x3080, 0x3080, 0x3080, 0x3060, 0x3060, 0x3060, 0x3060, 0x3060, 0x3060, 0x3060, 0x3060,
  0x2860, 0x2860, 0x2860, 0x2860, 0x2860, 0x2860, 0x2860, 0x2860, 0x2860, 0x2860, 0x2860, 0x2860,
  0x2860, 0x2860, 0x2840, 0x2860, 0x2840, 0x2840, 0x2840, 0x2840, 0x2840, 0x2840, 0x2840, 0x2840,
  0x2040, 0x2040, 0x2040, 0x2040, 0x2040, 0x2040, 0x2040, 0x2040, 0x2040, 0x2040, 0x2040, 0x2040,
  0x2040, 0x2040, 0x2040, 0x2040, 0x2040, 0x2040, 0x2040, 0x2040, 0x2040, 0x2040, 0x2040, 0x1840,
  0x1840, 0x1820, 0x1820, 0x1820, 0x1820, 0x1820, 0x1820, 0x1820, 0x1820, 0x1820, 0x1820, 0x1820,
  0x1020, 0x1020, 0x1020, 0x1020, 0x1020, 0x1020, 0x1020, 0x1020, 0x1820, 0x1820, 0x1820, 0x1820,
  0x1820, 0x1820, 0x1820, 0x1820, 0x1820, 0x1820, 0x1820, 0x1840, 0x1840, 0x1840, 0x1840, 0x1840,
  0x1840, 0x1840, 0x1840, 0x1840, 0x1840, 0x1840, 0x1840, 0x2040, 0x2040, 0x2040, 0x2040, 0x2040,
  0x2040, 0x2040, 0x2040, 0x2040, 0x2040, 0x2040, 0x2040, 0x2040, 0x2040, 0x2040, 0x2040, 0x2040,
  0x2040, 0x2840, 0x2860, 0x2860, 0x2860, 0x2860, 0x2860, 0x2860, 0x2860, 0x2860, 0x2860, 0x2860,
  0x2860, 0x2860, 0x2860, 0x2860, 0x2860, 0x2860, 0x2860, 0x2860, 0x2860, 0x2860, 0x2860, 0x2860,
  0x2860, 0x2860, 0x2860, 0x2860, 0x2860, 0x2860, 0x2860, 0x2860, 0x3060, 0x3060, 0x3060, 0x3060,
  0x3060, 0x3060, 0x3060, 0x3060, 0x3060, 0x3060, 0x3080, 0x3060, 0x3080, 0x3080, 0x3080, 0x3080,
  0x3080, 0x3080, 0x3080, 0x3080, 0x3080, 0x3080, 0x3080, 0x3080, 0x3080, 0x3080, 0x3080, 0x3080,
  0x3080, 0x3080, 0x3080, 0x3880, 0x3880, 0x3880, 0x3880, 0x3880, 0x3080, 0x3080, 0x3080, 0x3080,
  0x3080, 0x3880, 0x3080, 0x3080, 0x3880, 0x3880, 0x3880, 0x3880, 0x3880, 0x3880, 0x3880, 0x3880,
  0x3880, 0x3880, 0x3880, 0x3880, 0x3880, 0x3880, 0x3880, 0x3880, 0x3880, 0x3880, 0x3880, 0x3880,
  0x3880, 0x3880, 0x3880, 0x3880, 0x3880, 0x3080, 0x3080, 0x3080, 0x3080, 0x3080, 0x3080, 0x3080,
  0x3080, 0x3080, 0x3080, 0x3080, 0x3080, 0x3080, 0x3080, 0x3080, 0x3080, 0x3080, 0x3080, 0x3080,
  0x3080, 0x3080, 0x3080, 0x3060, 0x3060, 0x3060, 0x3060, 0x3060, 0x3060, 0x3060, 0x3060, 0x3060,
  0x2860, 0x2860, 0x2860, 0x2860, 0x2860, 0x2860, 0x2860, 0x2860, 0x2860, 0x2860, 0x2860, 0x2860,
  0x2860, 0x2860, 0x2840, 0x2840, 0x2840, 0x2840, 0x2840, 0x2840, 0x2840, 0x2840, 0x2040, 0x2040,
  0x2040, 0x2040, 0x2040, 0x2040, 0x2040, 0x2040, 0x2040, 0x2040, 0x2040, 0x2040, 0x2040, 0x2040,
  0x2040, 0x2040, 0x2040, 0x2040, 0x2040, 0x2040, 0x2040, 0x2040, 0x2040, 0x1840, 0x1840, 0x1840,
  0x1820, 0x1820, 0x1820, 0x1840, 0x1820, 0x1820, 0x1820, 0x1820, 0x1820, 0x1820, 0x1820, 0x1820,
  0x1020, 0x1020, 0x1020, 0x1020, 0x1020, 0x1020, 0x1020, 0x1020, 0x1020, 0x1020, 0x1020, 0x1820,
  0x1820, 0x1820, 0x1820, 0x1820, 0x1820, 0x1820, 0x1820, 0x1820, 0x1840, 0x1840, 0x1840, 0x1840,
  0x1840, 0x1840, 0x1840, 0x1840, 0x1840, 0x1840, 0x1840, 0x2040, 0x2040, 0x2040, 0x2040, 0x2040,
  0x2040, 0x2040, 0x2040, 0x2040, 0x2040, 0x2040, 0x2040, 0x2040, 0x2040, 0x2040, 0x2040, 0x2040,
  0x2040, 0x2860, 0x2860, 0x2860, 0x2860, 0x2860, 0x2860, 0x2860, 0x2860, 0x2860, 0x2860, 0x2860,
  0x2860, 0x2860, 0x2860, 0x2860, 0x2860, 0x2860, 0x2860, 0x2860, 0x2860, 0x2860, 0x2860, 0x2860,
  0x2860, 0x2860, 0x2860, 0x2860, 0x2860, 0x2860, 0x2860, 0x2860, 0x3060, 0x3060, 0x3060, 0x3060,
  0x3060, 0x3060, 0x3060, 0x3060, 0x3060, 0x3060, 0x3060, 0x3060, 0x3080, 0x3060, 0x3060, 0x3060,
  0x3060, 0x3080, 0x3080, 0x3060, 0x3080, 0x3080, 0x3080, 0x3080, 0x3080, 0x3080, 0x3080, 0x3080,
  0x3080, 0x3080, 0x3080, 0x3080, 0x3080, 0x3080, 0x3080, 0x3080, 0x3080, 0x3080, 0x3080, 0x3080,
  0x3080, 0x3080, 0x3080, 0x3080, 0x3080, 0x3080, 0x3080, 0x3080, 0x3080, 0x3080, 0x3080, 0x3080,
  0x3080, 0x3080, 0x3080, 0x3880, 0x3080, 0x3880, 0x3880, 0x3880, 0x3880, 0x3880, 0x3880, 0x3880,
  0x3880, 0x3880, 0x3880, 0x3080, 0x3080, 0x3080, 0x3080, 0x3080, 0x3080, 0x3080, 0x3080, 0x3080,
  0x3080, 0x3080, 0x3080, 0x3080, 0x3080, 0x3080, 0x3080, 0x3080, 0x3060, 0x3060, 0x3080, 0x3060,
  0x3080, 0x3060, 0x3060, 0x3060, 0x3060, 0x3060, 0x3060, 0x3060, 0x2860, 0x2860, 0x2860, 0x3060,
  0x2860, 0x2860, 0x2860, 0x2860, 0x2860, 0x2860, 0x2860, 0x2840, 0x2860, 0x2860, 0x2860, 0x2860,
  0x2860, 0x2840, 0x2840, 0x2840, 0x2840, 0x2840, 0x2840, 0x2840, 0x2040, 0x2040, 0x2040, 0x2040,
  0x2040, 0x2040, 0x2040, 0x2040, 0x2040, 0x2040, 0x2040, 0x2040, 0x2040, 0x2040, 0x2040, 0x2040,
  0x2040, 0x2040, 0x2040, 0x2040, 0x2040, 0x2020, 0x2040, 0x1840, 0x1820, 0x1820, 0x1820, 0x1820,
  0x1820, 0x1820, 0x1840, 0x1820, 0x1820, 0x1820, 0x1820, 0x1820, 0x1820, 0x1820, 0x1820, 0x1820,
  0x1020, 0x1020, 0x1020, 0x1020, 0x1020, 0x1020, 0x1020, 0x1020, 0x1020, 0x1020, 0x1020, 0x1820,
  0x1820, 0x1820, 0x1820, 0x1820, 0x1820, 0x1820, 0x1820, 0x1820, 0x1840, 0x1840, 0x1840, 0x1840,
  0x1840, 0x1840, 0x1840, 0x1840, 0x1840, 0x1840, 0x1840, 0x1840, 0x2040, 0x2040, 0x2040, 0x2040,
  0x2040, 0x2040, 0x2040, 0x2040, 0x2040, 0x2040, 0x2040, 0x2040, 0x2040, 0x2040, 0x2040, 0x2040,
  0x2040, 0x2040, 0x2040, 0x2860, 0x2860, 0x2840, 0x2860, 0x2860, 0x2860, 0x2860, 0x2860, 0x2860,
  0x2860, 0x2860, 0x2860, 0x2860, 0x2860, 0x2860, 0x2860, 0x2860, 0x2860, 0x2860, 0x2860, 0x2860,
  0x2860, 0x2860, 0x2860, 0x2860, 0x2860, 0x2860, 0x2860, 0x2860, 0x2860, 0x2860, 0x2860, 0x2860,
  0x2860, 0x3060, 0x3060, 0x3060, 0x3060, 0x3060, 0x3060, 0x3060, 0x3060, 0x3060, 0x3060, 0x3060,
  0x3080, 0x3080, 0x3080, 0x3080, 0x3060, 0x3080, 0x3080, 0x3080, 0x3080, 0x3080, 0x3080, 0x3080,
  0x3080, 0x3080, 0x3080, 0x3080, 0x3080, 0x3080, 0x3080, 0x3080, 0x3080, 0x3080, 0x3080, 0x3080,
  0x3080, 0x3080, 0x3080, 0x3080, 0x3080, 0x3080, 0x3080, 0x3080, 0x3080, 0x3080, 0x3080, 0x3080,
  0x3080, 0x3080, 0x3080, 0x3080, 0x3880, 0x3080, 0x3080, 0x3080, 0x3080, 0x3080, 0x3080, 0x3080,
  0x3080, 0x3080, 0x3080, 0x3080, 0x3080, 0x3080, 0x3080, 0x3080, 0x3080, 0x3080, 0x3080, 0x3080,
  0x3080, 0x3080, 0x3080, 0x3080, 0x3080, 0x3080, 0x3080, 0x3080, 0x3060, 0x3060, 0x3060, 0x3060,
  0x3060, 0x3060, 0x3060, 0x3060, 0x3060, 0x3060, 0x3060, 0x2860, 0x2860, 0x2860, 0x2860, 0x2860,
  0x2860, 0x2860, 0x2860, 0x2860, 0x2860, 0x2860, 0x2840, 0x2840, 0x2860, 0x2860, 0x2860, 0x2860,
  0x2860, 0x2860, 0x2840, 0x2840, 0x2040, 0x2040, 0x2040, 0x2040, 0x2040, 0x2040, 0x2040, 0x2040,
  0x2040, 0x2040, 0x2040, 0x2040, 0x2040, 0x2040, 0x2040, 0x2040, 0x2040, 0x2040, 0x2040, 0x2040,
  0x2040, 0x2040, 0x2040, 0x2040, 0x2040, 0x2040, 0x2040, 0x1840, 0x1840, 0x1820, 0x1820, 0x1840,
  0x1840, 0x1820, 0x1840, 0x1820, 0x1820, 0x1820, 0x1820, 0x1820, 0x1820, 0x1820, 0x1820, 0x1820,
  0x1020, 0x1020, 0x1020, 0x1020, 0x1020, 0x1020, 0x1020, 0x1020, 0x1020, 0x1020, 0x1020, 0x1020,
  0x1820, 0x1820, 0x1820, 0x1820, 0x1820, 0x1820, 0x1820, 0x1840, 0x1840, 0x1840, 0x1840, 0x1840,
  0x1840, 0x1840, 0x1840, 0x1840, 0x1840, 0x1840, 0x1840, 0x1840, 0x1840, 0x2040, 0x2040, 0x2040,
  0x2040, 0x2040, 0x2040, 0x2040, 0x2040, 0x2040, 0x2040, 0x2040, 0x2040, 0x2040, 0x2040, 0x2040,
  0x2040, 0x2040, 0x2040, 0x2060, 0x2040, 0x2860, 0x2840, 0x2040, 0x2860, 0x2860, 0x2840, 0x2860,
  0x2860, 0x2860, 0x2860, 0x2860, 0x2860, 0x2860, 0x2860, 0x2860, 0x2860, 0x2860, 0x2860, 0x2860,
  0x2860, 0x2860, 0x2860, 0x2860, 0x2860, 0x2860, 0x2860, 0x2860, 0x2860, 0x2860, 0x2860, 0x2860,
  0x2860, 0x2860, 0x2860, 0x2860, 0x2860, 0x2860, 0x3060, 0x3060, 0x3060, 0x3060, 0x3060, 0x3060,
  0x3060, 0x3080, 0x3060, 0x3060, 0x3060, 0x3060, 0x3060, 0x3080, 0x3080, 0x3080, 0x3080, 0x3080,
  0x3080, 0x3080, 0x3080, 0x3080, 0x3080, 0x3080, 0x3080, 0x3080, 0x3080, 0x3080, 0x3080, 0x3080,
  0x3080, 0x3080, 0x3080, 0x3080, 0x3080, 0x3080, 0x3080, 0x3080, 0x3080, 0x3080, 0x3080, 0x3080,
  0x3080, 0x3080, 0x3080, 0x3080, 0x3080, 0x3080, 0x3080, 0x3080, 0x3080, 0x3080, 0x3080, 0x3080,
  0x3080, 0x3080, 0x3080, 0x3080, 0x3080, 0x3080, 0x3080, 0x3080, 0x3080, 0x3080, 0x3080, 0x3080,
  0x3080, 0x3080, 0x3080, 0x3080, 0x3080, 0x3080, 0x3060, 0x3060, 0x3060, 0x3060, 0x3060, 0x3060,
  0x3060, 0x3060, 0x3060, 0x3060, 0x3060, 0x2860, 0x2860, 0x2860, 0x2860, 0x2860, 0x2860, 0x2860,
  0x2860, 0x2860, 0x2860, 0x2860, 0x2860, 0x2860, 0x2840, 0x2840, 0x2840, 0x2860, 0x2860, 0x2860,
  0x2860, 0x2860, 0x2840, 0x2040, 0x2040, 0x2040, 0x2040, 0x2040, 0x2040, 0x2040, 0x2040, 0x2040,
  0x2040, 0x2040, 0x2040, 0x2040, 0x2040, 0x2040, 0x2040, 0x2040, 0x2040, 0x2040, 0x2040, 0x2020,
  0x2040, 0x2040, 0x1840, 0x2040, 0x1820, 0x2040, 0x1840, 0x1820, 0x1820, 0x1820, 0x1820, 0x1820,
  0x1820, 0x1820, 0x1820, 0x1820, 0x1820, 0x1820, 0x1820, 0x1820, 0x1820, 0x1820, 0x1820, 0x1820,
  0x1020, 0x1020, 0x1020, 0x1020, 0x1020, 0x1020, 0x1020, 0x1020, 0x1020, 0x1020, 0x1020, 0x1020,
  0x1820, 0x1820, 0x1820, 0x1820, 0x1820, 0x1820, 0x1820, 0x1820, 0x1820, 0x1840, 0x1840, 0x1840,
  0x1840, 0x1840, 0x1840, 0x1840, 0x1840, 0x1840, 0x1840, 0x1840, 0x1840, 0x1840, 0x1840, 0x2040,
  0x2040, 0x2040, 0x2040, 0x2040, 0x2040, 0x2040, 0x2040, 0x2040, 0x2040, 0x2040, 0x2040, 0x2040,
  0x2040, 0x2040, 0x2040, 0x2040, 0x2040, 0x2040, 0x2040, 0x2040, 0x2860, 0x2840, 0x2840, 0x2840,
  0x2860, 0x2860, 0x2860, 0x2860, 0x2860, 0x2860, 0x2860, 0x2860, 0x2860, 0x2860, 0x2860, 0x2860,
  0x2860, 0x2860, 0x2860, 0x2860, 0x2860, 0x2860, 0x2860, 0x2860, 0x2860, 0x2860, 0x2860, 0x2860,
  0x2860, 0x2860, 0x2860, 0x2860, 0x2860, 0x2860, 0x2860, 0x2860, 0x3060, 0x3060, 0x3060, 0x3060,
  0x3060, 0x3060, 0x3060, 0x3060, 0x3060, 0x3060, 0x3060, 0x3080, 0x3080, 0x3080, 0x3080, 0x3080,
  0x3080, 0x3080, 0x3080, 0x3080, 0x3080, 0x3080, 0x3080, 0x3080, 0x3080, 0x3080, 0x3080, 0x3080,
  0x3080, 0x3080, 0x3080, 0x3080, 0x3080, 0x3080, 0x3080, 0x3080, 0x3080, 0x3080, 0x3080, 0x3080,
  0x3080, 0x3080, 0x3080, 0x3080, 0x3080, 0x3080, 0x3080, 0x3080, 0x3080, 0x3080, 0x3080, 0x3080,
  0x3080, 0x3080, 0x3080, 0x3080, 0x3080, 0x3080, 0x3080, 0x3080, 0x3060, 0x3080, 0x3080, 0x3060,
  0x3060, 0x3060, 0x3060, 0x3080, 0x3080, 0x3060, 0x3060, 0x3060, 0x3060, 0x3060, 0x3060, 0x3060,
  0x3060, 0x2860, 0x2860, 0x2860, 0x2860, 0x2860, 0x2860, 0x2860, 0x2860, 0x2860, 0x2860, 0x2860,
  0x2860, 0x2860, 0x2860, 0x2860, 0x2860, 0x2860, 0x2840, 0x2840, 0x2860, 0x2840, 0x2840, 0x2840,
  0x2860, 0x2040, 0x2040, 0x2040, 0x2040, 0x2040, 0x2040, 0x2040, 0x2040, 0x2040, 0x2040, 0x2040,
  0x2040, 0x2040, 0x2040, 0x2040, 0x2040, 0x2040, 0x2040, 0x2040, 0x2040, 0x2020, 0x2020, 0x2040,
  0x2020, 0x1820, 0x1840, 0x1840, 0x1820, 0x1820, 0x1820, 0x1820, 0x1820, 0x1820, 0x1820, 0x1820,
  0x1820, 0x1820, 0x1820, 0x1820, 0x1820, 0x1820, 0x1820, 0x1820, 0x1820, 0x1820, 0x1820, 0x1820,
  0x1020, 0x1020, 0x1020, 0x1020, 0x1020, 0x1020, 0x1020, 0x1020, 0x1020, 0x1020, 0x1020, 0x1020,
  0x1020, 0x1020, 0x1020, 0x1820, 0x1820, 0x1820, 0x1820, 0x1820, 0x1840, 0x1840, 0x1840, 0x1840,
  0x1840, 0x1840, 0x1840, 0x1840, 0x1840, 0x1840, 0x1840, 0x1840, 0x1840, 0x1840, 0x1840, 0x1840,
  0x2040, 0x2040, 0x2040, 0x2040, 0x2040, 0x2040, 0x2040, 0x2040, 0x2040, 0x2040, 0x2040, 0x2040,
  0x2040, 0x2040, 0x2040, 0x2040, 0x2040, 0x2040, 0x2040, 0x2060, 0x2040, 0x2040, 0x2040, 0x2040,
  0x2060, 0x2860, 0x2860, 0x2860, 0x2840, 0x2860, 0x2860, 0x2860, 0x2860, 0x2860, 0x2860, 0x2860,
  0x2860, 0x2860, 0x2860, 0x2860, 0x2860, 0x2860, 0x2860, 0x2860, 0x2860, 0x2860, 0x2860, 0x2860,
  0x2860, 0x2860, 0x2860, 0x2860, 0x2860, 0x2860, 0x2860, 0x2860, 0x2860, 0x2860, 0x2860, 0x2860,
  0x2860, 0x3060, 0x3060, 0x3060, 0x3060, 0x3060, 0x3060, 0x3060, 0x3060, 0x3060, 0x3080, 0x3080,
  0x3080, 0x3080, 0x3080, 0x3080, 0x3080, 0x3080, 0x3080, 0x3080, 0x3080, 0x3080, 0x3080, 0x3080,
  0x3080, 0x3080, 0x3080, 0x3080, 0x3080, 0x3080, 0x3080, 0x3080, 0x3080, 0x3060, 0x3080, 0x3080,
  0x3080, 0x3080, 0x3080, 0x3080, 0x3080, 0x3080, 0x3080, 0x3080, 0x3080, 0x3080, 0x3080, 0x3080,
  0x3080, 0x3080, 0x3080, 0x3060, 0x3080, 0x3080, 0x3060, 0x3060, 0x3060, 0x3060, 0x3060, 0x3060,
  0x3060, 0x3060, 0x3060, 0x3060, 0x3060, 0x3060, 0x3060, 0x3060, 0x3060, 0x3060, 0x2860, 0x2860,
  0x2860, 0x2860, 0x2860, 0x2860, 0x2860, 0x2860, 0x2860, 0x2860, 0x2860, 0x2860, 0x2860, 0x2860,
  0x2860, 0x2860, 0x2840, 0x2860, 0x2860, 0x2860, 0x2860, 0x2860, 0x2840, 0x2840, 0x2040, 0x2840,
  0x2040, 0x2040, 0x2040, 0x2040, 0x2040, 0x2040, 0x2040, 0x2040, 0x2040, 0x2040, 0x2040, 0x2040,
  0x2040, 0x2040, 0x2040, 0x2040, 0x2040, 0x2040, 0x2040, 0x2020, 0x2040, 0x2020, 0x2020, 0x2040,
  0x2040, 0x1820, 0x1840, 0x1840, 0x1840, 0x1840, 0x1840, 0x1820, 0x1820, 0x1820, 0x1820, 0x1820,
  0x1820, 0x1820, 0x1820, 0x1820, 0x1820, 0x1820, 0x1820, 0x1820, 0x1820, 0x1820, 0x1820, 0x1820,
  0x1020, 0x1020, 0x1020, 0x1020, 0x1020, 0x1020, 0x1020, 0x1020, 0x1020, 0x1020, 0x1020, 0x1020,
  0x1020, 0x1020, 0x1020, 0x1020, 0x1820, 0x1820, 0x1820, 0x1820, 0x1820, 0x1840, 0x1840, 0x1820,
  0x1840, 0x1840, 0x1840, 0x1840, 0x1840, 0x1840, 0x1840, 0x1840, 0x1840, 0x1840, 0x1840, 0x1840,
  0x1840, 0x1840, 0x2040, 0x2040, 0x2040, 0x2040, 0x2040, 0x2040, 0x2040, 0x2040, 0x2040, 0x2040,
  0x2040, 0x2040, 0x2040, 0x2040, 0x2040, 0x2040, 0x2040, 0x2040, 0x2040, 0x2040, 0x2040, 0x2060,
  0x2060, 0x2060, 0x2860, 0x2860, 0x2860, 0x2840, 0x2840, 0x2860, 0x2860, 0x2860, 0x2860, 0x2860,
  0x2860, 0x2860, 0x2860, 0x2860, 0x2860, 0x2860, 0x2860, 0x2860, 0x2860, 0x2860, 0x2860, 0x2860,
  0x2860, 0x2860, 0x2860, 0x2860, 0x2860, 0x2860, 0x2860, 0x2860, 0x2860, 0x2860, 0x2860, 0x2860,
  0x2860, 0x2860, 0x2860, 0x3060, 0x2860, 0x2860, 0x2860, 0x2860, 0x3060, 0x3060, 0x3060, 0x3060,
  0x3080, 0x3080, 0x3080, 0x3080, 0x3080, 0x3060, 0x3080, 0x3080, 0x3080, 0x3080, 0x3080, 0x3060,
  0x3080, 0x3060, 0x3060, 0x3060, 0x3060, 0x3080, 0x3080, 0x3080, 0x3080, 0x3060, 0x3060, 0x3060,
  0x3080, 0x3080, 0x3080, 0x3080, 0x3080, 0x3080, 0x3080, 0x3080, 0x3080, 0x3080, 0x3080, 0x3080,
  0x3080, 0x3080, 0x3080, 0x3060, 0x3060, 0x3060, 0x3060, 0x3060, 0x3060, 0x3060, 0x3060, 0x3060,
  0x3060, 0x3060, 0x2860, 0x2860, 0x3060, 0x3060, 0x3060, 0x3060, 0x2860, 0x2860, 0x2860, 0x2860,
  0x2860, 0x2860, 0x2860, 0x2860, 0x2860, 0x2860, 0x2860, 0x2860, 0x2860, 0x2860, 0x2860, 0x2860,
  0x2860, 0x2860, 0x2860, 0x2840, 0x2860, 0x2860, 0x2840, 0x2840, 0x2840, 0x2040, 0x2040, 0x2040,
  0x2040, 0x2040, 0x2040, 0x2040, 0x2040, 0x2040, 0x2040, 0x2040, 0x2040, 0x2040, 0x2040, 0x2040,
  0x2040, 0x2040, 0x2040, 0x2040, 0x2040, 0x2040, 0x2040, 0x2040, 0x2040, 0x2040, 0x2020, 0x2040,
  0x1840, 0x1820, 0x1820, 0x1840, 0x1820, 0x1840, 0x1840, 0x1820, 0x1820, 0x1820, 0x1820, 0x1820,
  0x1820, 0x1820, 0x1820, 0x1820, 0x1820, 0x1820, 0x1820, 0x1820, 0x1820, 0x1820, 0x1820, 0x1820,
  0x1020, 0x1020, 0x1020, 0x1020, 0x1020, 0x1020, 0x1020, 0x1020, 0x1020, 0x1020, 0x1020, 0x1020,
  0x1020, 0x1020, 0x1020, 0x1020, 0x1020, 0x1820, 0x1820, 0x1820, 0x1820, 0x1820, 0x1840, 0x1840,
  0x1840, 0x1820, 0x1840, 0x1840, 0x1840, 0x1840, 0x1840, 0x1840, 0x1840, 0x1840, 0x1840, 0x1840,
  0x1840, 0x1840, 0x1840, 0x1840, 0x1840, 0x2040, 0x2040, 0x2040, 0x2040, 0x2040, 0x2040, 0x2040,
  0x2040, 0x2040, 0x2040, 0x2040, 0x2040, 0x2040, 0x2040, 0x2040, 0x2040, 0x2040, 0x2040, 0x2040,
  0x2060, 0x2060, 0x2060, 0x2860, 0x2860, 0x2860, 0x2860, 0x2860, 0x2860, 0x2860, 0x2860, 0x2860,
  0x2860, 0x2860, 0x2860, 0x2860, 0x2860, 0x2860, 0x2860, 0x2860, 0x2860, 0x2860, 0x2860, 0x2860,
  0x2860, 0x2860, 0x2860, 0x2860, 0x2860, 0x2860, 0x2860, 0x2860, 0x2860, 0x2860, 0x2860, 0x2860,
  0x2860, 0x2860, 0x2860, 0x2860, 0x2860, 0x2860, 0x2860, 0x2860, 0x2860, 0x2860, 0x2860, 0x2860,
  0x2860, 0x3060, 0x3080, 0x3060, 0x3060, 0x3060, 0x3080, 0x3060, 0x3080, 0x3080, 0x3080, 0x3080,
  0x3060, 0x3060, 0x3080, 0x3060, 0x3060, 0x3080, 0x3060, 0x3060, 0x3060, 0x3060, 0x3060, 0x3060,
  0x3060, 0x3080, 0x3080, 0x3080, 0x3080, 0x3080, 0x3060, 0x3080, 0x3080, 0x3080, 0x3080, 0x3080,
  0x3060, 0x3080, 0x3060, 0x3060, 0x3060, 0x3060, 0x3060, 0x3060, 0x2860, 0x3060, 0x3060, 0x3060,
  0x3060, 0x2860, 0x2860, 0x2860, 0x2860, 0x2860, 0x3060, 0x2860, 0x2860, 0x2860, 0x2860, 0x2860,
  0x2860, 0x2860, 0x2860, 0x2860, 0x2860, 0x2860, 0x2860, 0x2860, 0x2860, 0x2860, 0x2860, 0x2860,
  0x2860, 0x2860, 0x2840, 0x2840, 0x2040, 0x2040, 0x2040, 0x2040, 0x2040, 0x2040, 0x2040, 0x2040,
  0x2040, 0x2040, 0x2040, 0x2040, 0x2040, 0x2040, 0x2040, 0x2040, 0x2040, 0x2040, 0x2040, 0x2040,
  0x2040, 0x2040, 0x2040, 0x2040, 0x2040, 0x2040, 0x2040, 0x2040, 0x2040, 0x2040, 0x1840, 0x1840,
  0x1820, 0x1820, 0x1820, 0x1820, 0x1820, 0x1820, 0x1840, 0x1820, 0x1820, 0x1820, 0x1820, 0x1820,
  0x1820, 0x1820, 0x1820, 0x1820, 0x1820, 0x1820, 0x1820, 0x1820, 0x1820, 0x1820, 0x1820, 0x1820,
  0x1020, 0x1020, 0x1020, 0x1020, 0x1020, 0x1020, 0x1020, 0x1020, 0x1020, 0x1020, 0x1020, 0x1020,
  0x1020, 0x1020, 0x1020, 0x1020, 0x1020, 0x1020, 0x1820, 0x1820, 0x1820, 0x1820, 0x1820, 0x1840,
  0x1820, 0x1840, 0x1840, 0x1820, 0x1820, 0x1820, 0x1840, 0x1820, 0x1840, 0x1840, 0x1840, 0x1840,
  0x1840, 0x1840, 0x1840, 0x1840, 0x1840, 0x1840, 0x2040, 0x1840, 0x1840, 0x2040, 0x2040, 0x2040,
  0x2040, 0x2040, 0x2040, 0x2040, 0x2040, 0x2040, 0x2040, 0x2040, 0x2040, 0x2040, 0x2040, 0x2040,
  0x2040, 0x2060, 0x2060, 0x2060, 0x2060, 0x2060, 0x2040, 0x2040, 0x2060, 0x2860, 0x2860, 0x2860,
  0x2860, 0x2860, 0x2860, 0x2860, 0x2860, 0x2860, 0x2860, 0x2860, 0x2860, 0x2860, 0x2860, 0x2860,
  0x2860, 0x2860, 0x2860, 0x2860, 0x2860, 0x2860, 0x2860, 0x2860, 0x2860, 0x2860, 0x2860, 0x2860,
  0x2860, 0x2860, 0x2860, 0x2860, 0x2860, 0x2860, 0x2860, 0x2860, 0x2860, 0x2860, 0x2860, 0x2860,
  0x2860, 0x2860, 0x2880, 0x2860, 0x2860, 0x2860, 0x2860, 0x2860, 0x3060, 0x3060, 0x3080, 0x3080,
  0x3080, 0x3060, 0x3060, 0x3060, 0x2860, 0x2860, 0x2860, 0x3060, 0x3060, 0x3060, 0x3060, 0x3060,
  0x3060, 0x3060, 0x3060, 0x3060, 0x3080, 0x3080, 0x3060, 0x3060, 0x3060, 0x3060, 0x3080, 0x3080,
  0x3060, 0x3060, 0x3060, 0x2860, 0x3060, 0x2860, 0x2860, 0x2860, 0x2860, 0x2860, 0x2860, 0x2860,
  0x2860, 0x2860, 0x2860, 0x2860, 0x2860, 0x2860, 0x2860, 0x2860, 0x2860, 0x2860, 0x2860, 0x2860,
  0x2860, 0x2860, 0x2860, 0x2860, 0x2860, 0x2860, 0x2860, 0x2860, 0x2860, 0x2860, 0x2860, 0x2860,
  0x2860, 0x2860, 0x2840, 0x2040, 0x2040, 0x2040, 0x2040, 0x2040, 0x2040, 0x2040, 0x2040, 0x2040,
  0x2040, 0x2040, 0x2040, 0x2040, 0x2040, 0x2040, 0x2040, 0x2040, 0x2040, 0x2040, 0x2040, 0x2040,
  0x2040, 0x2040, 0x2040, 0x2040, 0x2040, 0x2040, 0x2040, 0x1840, 0x1840, 0x1840, 0x1820, 0x1840,
  0x1820, 0x1820, 0x1820, 0x1820, 0x1820, 0x1820, 0x1820, 0x1820, 0x1820, 0x1820, 0x1820, 0x1820,
  0x1820, 0x1820, 0x1820, 0x1820, 0x1820, 0x1820, 0x1820, 0x1820, 0x1820, 0x1820, 0x1820, 0x1820,
  0x1020, 0x1020, 0x1020, 0x1020, 0x1020, 0x1020, 0x1020, 0x1020, 0x1020, 0x1020, 0x1020, 0x1020,
  0x1020, 0x1020, 0x1020, 0x1020, 0x1020, 0x1020, 0x1820, 0x1820, 0x1820, 0x1820, 0x1820, 0x1820,
  0x1820, 0x1820, 0x1840, 0x1820, 0x1820, 0x1820, 0x1820, 0x1840, 0x1840, 0x1840, 0x1840, 0x1840,
  0x1840, 0x1840, 0x1840, 0x1840, 0x1840, 0x1840, 0x1840, 0x1840, 0x1840, 0x2040, 0x2040, 0x2040,
  0x2040, 0x2040, 0x2040, 0x2040, 0x2040, 0x2040, 0x2040, 0x2040, 0x2040, 0x2040, 0x2040, 0x2060,
  0x2040, 0x2040, 0x2060, 0x2060, 0x2060, 0x2040, 0x2040, 0x2040, 0x2060, 0x2060, 0x2860, 0x2860,
  0x2860, 0x2860, 0x2860, 0x2860, 0x2860, 0x2860, 0x2860, 0x2860, 0x2860, 0x2860, 0x2860, 0x2860,
  0x2860, 0x2860, 0x2860, 0x2860, 0x2860, 0x2860, 0x2860, 0x2860, 0x2860, 0x2860, 0x2860, 0x2860,
  0x2860, 0x2860, 0x2860, 0x2860, 0x2860, 0x2860, 0x2860, 0x2860, 0x2860, 0x2860, 0x2860, 0x2860,
  0x2860, 0x2860, 0x2860, 0x2860, 0x2860, 0x2860, 0x2860, 0x2860, 0x2860, 0x2860, 0x2860, 0x2860,
  0x2860, 0x2860, 0x2860, 0x2860, 0x2860, 0x2860, 0x2860, 0x2860, 0x2860, 0x2860, 0x2860, 0x2860,
  0x3060, 0x2860, 0x2860, 0x2860, 0x2860, 0x2860, 0x2860, 0x2860, 0x2860, 0x3060, 0x3080, 0x2860,
  0x2860, 0x2860, 0x2860, 0x2860, 0x2860, 0x2860, 0x2860, 0x2860, 0x2860, 0x2860, 0x2860, 0x2860,
  0x2860, 0x2860, 0x2860, 0x2860, 0x2860, 0x2860, 0x2860, 0x2860, 0x2860, 0x2860, 0x2860, 0x2860,
  0x2860, 0x2860, 0x2860, 0x2860, 0x2860, 0x2860, 0x2860, 0x2860, 0x2860, 0x2860, 0x2840, 0x2860,
  0x2040, 0x2040, 0x2040, 0x2040, 0x2040, 0x2040, 0x2040, 0x2040, 0x2040, 0x2040, 0x2040, 0x2040,
  0x2040, 0x2040, 0x2040, 0x2040, 0x2040, 0x2040, 0x2040, 0x2040, 0x2040, 0x2040, 0x2040, 0x2040,
  0x2040, 0x2040, 0x2020, 0x2040, 0x2040, 0x1840, 0x1840, 0x1840, 0x1840, 0x1840, 0x1840, 0x1840,
  0x1840, 0x1820, 0x1820, 0x1820, 0x1820, 0x1820, 0x1820, 0x1820, 0x1820, 0x1820, 0x1820, 0x1820,
  0x1820, 0x1820, 0x1820, 0x1820, 0x1820, 0x1820, 0x1820, 0x1020, 0x1820, 0x1820, 0x1820, 0x1020,
  0x1020, 0x1020, 0x1020, 0x1020, 0x1020, 0x1020, 0x1020, 0x1020, 0x1020, 0x1020, 0x1020, 0x1020,
  0x1020, 0x1020, 0x1020, 0x1020, 0x1020, 0x1020, 0x1020, 0x1020, 0x1020, 0x1820, 0x1820, 0x1820,
  0x1820, 0x1820, 0x1840, 0x1820, 0x1840, 0x1840, 0x1840, 0x1840, 0x1840, 0x1840, 0x1840, 0x1840,
  0x1840, 0x1840, 0x1840, 0x1840, 0x1840, 0x1840, 0x1840, 0x1840, 0x1840, 0x2040, 0x2040, 0x2040,
  0x2040, 0x2040, 0x2040, 0x2040, 0x2040, 0x2040, 0x2040, 0x2040, 0x2040, 0x2040, 0x2040, 0x2040,
  0x2040, 0x2040, 0x2040, 0x2060, 0x2040, 0x2040, 0x2040, 0x2040, 0x2040, 0x2040, 0x2060, 0x2060,
  0x2060, 0x2060, 0x2860, 0x2860, 0x2860, 0x2860, 0x2860, 0x2860, 0x2860, 0x2860, 0x2860, 0x2860,
  0x2860, 0x2860, 0x2860, 0x2860, 0x2860, 0x2860, 0x2860, 0x2860, 0x2860, 0x2860, 0x2860, 0x2860,
  0x2860, 0x2860, 0x2860, 0x2860, 0x2860, 0x2860, 0x2860, 0x2860, 0x2860, 0x2860, 0x2860, 0x2860,
  0x2860, 0x2860, 0x2860, 0x2860, 0x2860, 0x2860, 0x2860, 0x2860, 0x2860, 0x2860, 0x2860, 0x2860,
  0x2860, 0x2860, 0x2860, 0x2860, 0x2860, 0x2860, 0x2860, 0x2860, 0x2860, 0x2860, 0x2860, 0x2860,
  0x2860, 0x2860, 0x2860, 0x2860, 0x2860, 0x2860, 0x2860, 0x2860, 0x2860, 0x2860, 0x2860, 0x2860,
  0x2860, 0x2860, 0x2860, 0x2860, 0x2860, 0x2860, 0x2860, 0x2860, 0x2860, 0x2860, 0x2860, 0x2860,
  0x2860, 0x2860, 0x2860, 0x2860, 0x2860, 0x2860, 0x2860, 0x2860, 0x2860, 0x2860, 0x2860, 0x2860,
  0x2860, 0x2860, 0x2860, 0x2860, 0x2860, 0x2860, 0x2860, 0x2860, 0x2040, 0x2040, 0x2040, 0x2040,
  0x2040, 0x2040, 0x2040, 0x2040, 0x2040, 0x2040, 0x2040, 0x2040, 0x2040, 0x2040, 0x2040, 0x2040,
  0x2040, 0x2040, 0x2040, 0x2040, 0x2040, 0x2040, 0x2040, 0x2040, 0x2040, 0x2040, 0x2040, 0x2040,
  0x2040, 0x2040, 0x2020, 0x2040, 0x1840, 0x1840, 0x1840, 0x1820, 0x1820, 0x1820, 0x1840, 0x1820,
  0x1820, 0x1820, 0x1820, 0x1820, 0x1820, 0x1820, 0x1820, 0x1820, 0x1820, 0x1820, 0x1820, 0x1820,
  0x1820, 0x1820, 0x1820, 0x1820, 0x1820, 0x1820, 0x1820, 0x1820, 0x1020, 0x1020, 0x1020, 0x1020,
  0x1020, 0x1020, 0x1020, 0x1020, 0x1020, 0x1020, 0x1020, 0x1020, 0x1020, 0x1020, 0x1020, 0x1020,
  0x1020, 0x1020, 0x1020, 0x1020, 0x1020, 0x1020, 0x1020, 0x1020, 0x1020, 0x1820, 0x1820, 0x1820,
  0x1820, 0x1820, 0x1820, 0x1820, 0x1820, 0x1820, 0x1820, 0x1820, 0x1840, 0x1840, 0x1840, 0x1840,
  0x1840, 0x1840, 0x1840, 0x1840, 0x1840, 0x1840, 0x1840, 0x1840, 0x1840, 0x1840, 0x2040, 0x2040,
  0x2040, 0x2040, 0x2040, 0x2040, 0x2040, 0x2040, 0x2040, 0x2040, 0x2040, 0x2040, 0x2040, 0x2040,
  0x2040, 0x2040, 0x2040, 0x2040, 0x2040, 0x2040, 0x2040, 0x2040, 0x2040, 0x2040, 0x2060, 0x2060,
  0x2060, 0x2060, 0x2060, 0x2060, 0x2060, 0x2060, 0x2060, 0x2060, 0x2060, 0x2060, 0x2060, 0x2060,
  0x2060, 0x2060, 0x2860, 0x2860, 0x2860, 0x2860, 0x2860, 0x2860, 0x2860, 0x2860, 0x2860, 0x2860,
  0x2860, 0x2860, 0x2860, 0x2860, 0x2860, 0x2860, 0x2860, 0x2860, 0x2860, 0x2860, 0x2860, 0x2860,
  0x2860, 0x2860, 0x2860, 0x2860, 0x2860, 0x2860, 0x2860, 0x2860, 0x2860, 0x2860, 0x2860, 0x2860,
  0x2860, 0x2860, 0x2860, 0x2860, 0x2860, 0x2860, 0x2860, 0x2860, 0x2860, 0x2860, 0x2860, 0x2860,
  0x2860, 0x2860, 0x2860, 0x2860, 0x2860, 0x2860, 0x2860, 0x2860, 0x2860, 0x2860, 0x2860, 0x2860,
  0x2860, 0x2860, 0x2860, 0x2860, 0x2860, 0x2860, 0x2860, 0x2860, 0x2860, 0x2860, 0x2860, 0x2860,
  0x2860, 0x2860, 0x2860, 0x2860, 0x2860, 0x2860, 0x2860, 0x2860, 0x2860, 0x2860, 0x2860, 0x2860,
  0x2860, 0x2860, 0x2860, 0x2860, 0x2860, 0x2860, 0x2060, 0x2040, 0x2040, 0x2040, 0x2040, 0x2040,
  0x2040, 0x2040, 0x2040, 0x2040, 0x2040, 0x2040, 0x2040, 0x2040, 0x2040, 0x2040, 0x2040, 0x2040,
  0x2040, 0x2040, 0x2040, 0x2040, 0x2040, 0x2040, 0x2040, 0x2040, 0x2040, 0x2040, 0x2040, 0x2040,
  0x2040, 0x1840, 0x1840, 0x1840, 0x1840, 0x1820, 0x1820, 0x1820, 0x1820, 0x1840, 0x1820, 0x1820,
  0x1840, 0x1820, 0x1820, 0x1820, 0x1820, 0x1820, 0x1820, 0x1820, 0x1820, 0x1820, 0x1820, 0x1820,
  0x1820, 0x1820, 0x1820, 0x1820, 0x1820, 0x1820, 0x1820, 0x1820, 0x1020, 0x1020, 0x1020, 0x1020,
  0x0820, 0x1020, 0x1020, 0x1020, 0x1020, 0x1020, 0x1020, 0x1020, 0x1020, 0x1020, 0x1020, 0x1020,
  0x1020, 0x1020, 0x1020, 0x1020, 0x1020, 0x1020, 0x1020, 0x1020, 0x1020, 0x1020, 0x1020, 0x1820,
  0x1820, 0x1820, 0x1820, 0x1820, 0x1840, 0x1820, 0x1840, 0x1820, 0x1840, 0x1820, 0x1840, 0x1840,
  0x1840, 0x1840, 0x1840, 0x1840, 0x1840, 0x1840, 0x1840, 0x1840, 0x1840, 0x1840, 0x1840, 0x1840,
  0x2040, 0x2040, 0x2040, 0x2040, 0x2040, 0x2040, 0x2040, 0x2040, 0x2040, 0x2040, 0x2040, 0x2040,
  0x2040, 0x2040, 0x2040, 0x2040, 0x2040, 0x2040, 0x2040, 0x2040, 0x2040, 0x2040, 0x2040, 0x2060,
  0x2060, 0x2060, 0x2060, 0x2040, 0x2060, 0x2040, 0x2060, 0x2060, 0x2040, 0x2040, 0x2060, 0x2040,
  0x2060, 0x2060, 0x2060, 0x2860, 0x2860, 0x2860, 0x2860, 0x2860, 0x2860, 0x2860, 0x2860, 0x2860,
  0x2860, 0x2860, 0x2860, 0x2860, 0x2860, 0x2860, 0x2860, 0x2860, 0x2860, 0x2860, 0x2860, 0x2860,
  0x2860, 0x2860, 0x2860, 0x2860, 0x2860, 0x2860, 0x2860, 0x2860, 0x2860, 0x2860, 0x2860, 0x2860,
  0x2860, 0x2860, 0x2860, 0x2860, 0x2860, 0x2860, 0x2860, 0x2860, 0x2860, 0x2860, 0x2860, 0x2860,
  0x2860, 0x2860, 0x2860, 0x2860, 0x2860, 0x2860, 0x2860, 0x2860, 0x2860, 0x2860, 0x2860, 0x2860,
  0x2860, 0x2860, 0x2860, 0x2860, 0x2860, 0x2860, 0x2860, 0x2860, 0x2860, 0x2860, 0x2860, 0x2860,
  0x2860, 0x2860, 0x2860, 0x2860, 0x2860, 0x2860, 0x2860, 0x2860, 0x2860, 0x2860, 0x2860, 0x2860,
  0x2060, 0x2060, 0x2060, 0x2860, 0x2060, 0x2060, 0x2060, 0x2040, 0x2040, 0x2040, 0x2040, 0x2040,
  0x2040, 0x2040, 0x2040, 0x2040, 0x2040, 0x2040, 0x2040, 0x2040, 0x2040, 0x2040, 0x2040, 0x2040,
  0x2040, 0x2040, 0x2040, 0x2040, 0x2040, 0x1840, 0x2040, 0x2040, 0x2040, 0x1840, 0x2040, 0x1840,
  0x2040, 0x1840, 0x1840, 0x1840, 0x1820, 0x1840, 0x1840, 0x1840, 0x1840, 0x1820, 0x1840, 0x1820,
  0x1820, 0x1820, 0x1820, 0x1820, 0x1820, 0x1820, 0x1820, 0x1820, 0x1820, 0x1820, 0x1820, 0x1820,
  0x1820, 0x1820, 0x1820, 0x1820, 0x1820, 0x1820, 0x1820, 0x1820, 0x1020, 0x1020, 0x1020, 0x1020,
  0x0820, 0x1020, 0x1020, 0x1020, 0x1020, 0x1020, 0x1020, 0x1020, 0x1020, 0x1020, 0x1020, 0x1020,
  0x1020, 0x1020, 0x1020, 0x1020, 0x1020, 0x1020, 0x1020, 0x1020, 0x1020, 0x1020, 0x1020, 0x1020,
  0x1820, 0x1820, 0x1820, 0x1840, 0x1820, 0x1820, 0x1840, 0x1840, 0x1820, 0x1820, 0x1820, 0x1840,
  0x1840, 0x1840, 0x1840, 0x1840, 0x1840, 0x1840, 0x1840, 0x1840, 0x1840, 0x1840, 0x1840, 0x1840,
  0x1840, 0x2040, 0x2040, 0x2040, 0x2040, 0x2040, 0x2040, 0x2040, 0x2040, 0x2040, 0x2040, 0x2040,
  0x2040, 0x2040, 0x2040, 0x2040, 0x2040, 0x2040, 0x2040, 0x2040, 0x2040, 0x2040, 0x2040, 0x2060,
  0x2060, 0x2060, 0x2060, 0x2040, 0x2060, 0x2060, 0x2040, 0x2040, 0x2040, 0x2060, 0x2060, 0x2060,
  0x2060, 0x2060, 0x2060, 0x2060, 0x2060, 0x2860, 0x2860, 0x2860, 0x2860, 0x2060, 0x2060, 0x2860,
  0x2860, 0x2860, 0x2860, 0x2860, 0x2860, 0x2860, 0x2860, 0x2860, 0x2860, 0x2860, 0x2860, 0x2860,
  0x2860, 0x2860, 0x2860, 0x2860, 0x2860, 0x2860, 0x2860, 0x2860, 0x2860, 0x2860, 0x2860, 0x2860,
  0x2860, 0x2860, 0x2860, 0x2860, 0x2860, 0x2860, 0x2860, 0x2860, 0x2860, 0x2860, 0x2860, 0x2860,
  0x2860, 0x2860, 0x2860, 0x2860, 0x2860, 0x2860, 0x2860, 0x2860, 0x2860, 0x2860, 0x2860, 0x2860,
  0x2860, 0x2860, 0x2860, 0x2860, 0x2860, 0x2860, 0x2860, 0x2860, 0x2860, 0x2860, 0x2860, 0x2860,
  0x2860, 0x2860, 0x2860, 0x2860, 0x2860, 0x2860, 0x2860, 0x2860, 0x2860, 0x2060, 0x2060, 0x2040,
  0x2060, 0x2040, 0x2060, 0x2060, 0x2060, 0x2060, 0x2040, 0x2040, 0x2040, 0x2040, 0x2040, 0x2040,
  0x2040, 0x2040, 0x2040, 0x2040, 0x2040, 0x2040, 0x2040, 0x2040, 0x2040, 0x2040, 0x2040, 0x2040,
  0x2040, 0x2040, 0x2040, 0x2040, 0x1840, 0x1840, 0x1840, 0x1840, 0x1840, 0x1840, 0x1840, 0x1840,
  0x1840, 0x1840, 0x1840, 0x1820, 0x1840, 0x1840, 0x1840, 0x1840, 0x1820, 0x1840, 0x1820, 0x1820,
  0x1820, 0x1820, 0x1820, 0x1820, 0x1820, 0x1820, 0x1820, 0x1820, 0x1820, 0x1820, 0x1820, 0x1820,
  0x1820, 0x1820, 0x1820, 0x1820, 0x1020, 0x1020, 0x1020, 0x1020, 0x1020, 0x1020, 0x1020, 0x1020,
  0x1020, 0x1020, 0x1020, 0x1020, 0x1020, 0x1020, 0x1020, 0x1020, 0x1020, 0x1020, 0x1020, 0x1020,
  0x1020, 0x1020, 0x1020, 0x1020, 0x1020, 0x1020, 0x1020, 0x1020, 0x1020, 0x1020, 0x1020, 0x1020,
  0x1020, 0x1820, 0x1820, 0x1820, 0x1820, 0x1820, 0x1820, 0x1820, 0x1820, 0x1840, 0x1840, 0x1840,
  0x1840, 0x1840, 0x1840, 0x1840, 0x1840, 0x1840, 0x1840, 0x1840, 0x1840, 0x1840, 0x1840, 0x1840,
  0x1840, 0x1840, 0x1840, 0x2040, 0x2040, 0x2040, 0x2040, 0x2040, 0x2040, 0x2040, 0x2040, 0x2040,
  0x2040, 0x2040, 0x2040, 0x2040, 0x2040, 0x2040, 0x2040, 0x2040, 0x2040, 0x2040, 0x2040, 0x2040,
  0x2040, 0x2060, 0x2040, 0x2060, 0x2040, 0x2040, 0x2040, 0x2040, 0x2040, 0x2040, 0x2060, 0x2060,
  0x2040, 0x2060, 0x2060, 0x2060, 0x2060, 0x2060, 0x2060, 0x2060, 0x2060, 0x2060, 0x2060, 0x2060,
  0x2060, 0x2860, 0x2060, 0x2860, 0x2860, 0x2860, 0x2860, 0x2860, 0x2860, 0x2860, 0x2860, 0x2860,
  0x2860, 0x2860, 0x2860, 0x2860, 0x2860, 0x2860, 0x2860, 0x2860, 0x2860, 0x2860, 0x2860, 0x2860,
  0x2860, 0x2860, 0x2860, 0x2860, 0x2860, 0x2860, 0x2860, 0x2860, 0x2860, 0x2860, 0x2860, 0x2860,
  0x2860, 0x2860, 0x2860, 0x2860, 0x2860, 0x2860, 0x2860, 0x2860, 0x2860, 0x2860, 0x2860, 0x2860,
  0x2860, 0x2860, 0x2860, 0x2860, 0x2860, 0x2860, 0x2860, 0x2860, 0x2860, 0x2860, 0x2860, 0x2860,
  0x2860, 0x2860, 0x2860, 0x2860, 0x2860, 0x2060, 0x2860, 0x2060, 0x2040, 0x2040, 0x2060, 0x2040,
  0x2040, 0x2040, 0x2040, 0x2040, 0x2060, 0x2060, 0x2060, 0x2040, 0x2040, 0x2040, 0x2040, 0x2040,
  0x2040, 0x2040, 0x2040, 0x2040, 0x2040, 0x2040, 0x2040, 0x2040, 0x2040, 0x2040, 0x2040, 0x2040,
  0x2040, 0x2040, 0x2040, 0x1840, 0x1840, 0x1840, 0x1840, 0x1840, 0x1840, 0x1840, 0x1840, 0x1840,
  0x1840, 0x1840, 0x1840, 0x1840, 0x1820, 0x1820, 0x1820, 0x1840, 0x1840, 0x1820, 0x1820, 0x1820,
  0x1820, 0x1820, 0x1820, 0x1820, 0x1820, 0x1820, 0x1820, 0x1820, 0x1820, 0x1820, 0x1820, 0x1820,
  0x1820, 0x1820, 0x1020, 0x1020, 0x1020, 0x1020, 0x1020, 0x1020, 0x1020, 0x1020, 0x1020, 0x1020,
  0x0820, 0x1020, 0x1020, 0x1020, 0x1020, 0x1020, 0x1020, 0x1020, 0x1020, 0x1020, 0x1020, 0x1020,
  0x1020, 0x1020, 0x1020, 0x1020, 0x1020, 0x1020, 0x1020, 0x1020, 0x1020, 0x1020, 0x1020, 0x1020,
  0x1020, 0x1020, 0x1820, 0x1820, 0x1820, 0x1820, 0x1820, 0x1820, 0x1820, 0x1820, 0x1840, 0x1820,
  0x1820, 0x1820, 0x1820, 0x1840, 0x1840, 0x1840, 0x1840, 0x1840, 0x1840, 0x1840, 0x1840, 0x1840,
  0x1840, 0x1840, 0x1840, 0x1840, 0x1840, 0x1840, 0x1840, 0x1840, 0x1840, 0x2040, 0x2040, 0x2040,
  0x2040, 0x2040, 0x2040, 0x2040, 0x2040, 0x2040, 0x2040, 0x2040, 0x2040, 0x2040, 0x2040, 0x2040,
  0x2040, 0x2040, 0x2040, 0x2040, 0x2040, 0x2040, 0x2040, 0x2040, 0x2040, 0x2040, 0x2040, 0x2040,
  0x2060, 0x2060, 0x2060, 0x2060, 0x2060, 0x2060, 0x2060, 0x2060, 0x2040, 0x2040, 0x2040, 0x2060,
  0x2060, 0x2060, 0x2060, 0x2060, 0x2060, 0x2060, 0x2060, 0x2060, 0x2060, 0x2060, 0x2060, 0x2060,
  0x2060, 0x2860, 0x2860, 0x2860, 0x2860, 0x2860, 0x2860, 0x2860, 0x2860, 0x2860, 0x2860, 0x2860,
  0x2860, 0x2860, 0x2860, 0x2860, 0x2860, 0x2860, 0x2860, 0x2860, 0x2860, 0x2860, 0x2860, 0x2860,
  0x2860, 0x2860, 0x2860, 0x2860, 0x2860, 0x2860, 0x2860, 0x2860, 0x2860, 0x2860, 0x2860, 0x2860,
  0x2860, 0x2860, 0x2860, 0x2860, 0x2860, 0x2860, 0x2860, 0x2060, 0x2860, 0x2860, 0x2860, 0x2860,
  0x2860, 0x2860, 0x2860, 0x2860, 0x2060, 0x2060, 0x2060, 0x2040, 0x2040, 0x2040, 0x2040, 0x2040,
  0x2040, 0x2040, 0x2040, 0x2040, 0x2040, 0x2060, 0x2040, 0x2040, 0x2040, 0x2040, 0x2040, 0x2040,
  0x2040, 0x2040, 0x2040, 0x2040, 0x2040, 0x2040, 0x2040, 0x2040, 0x2040, 0x2040, 0x2040, 0x2040,
  0x2040, 0x2040, 0x1840, 0x1840, 0x1840, 0x1840, 0x1840, 0x1840, 0x1840, 0x1840, 0x1840, 0x1840,
  0x1840, 0x1840, 0x1840, 0x1820, 0x1820, 0x1820, 0x1820, 0x1820, 0x1820, 0x1820, 0x1820, 0x1820,
  0x1820, 0x1820, 0x1820, 0x1820, 0x1820, 0x1820, 0x1820, 0x1820, 0x1820, 0x1820, 0x1820, 0x1820,
  0x1020, 0x1020, 0x1020, 0x1020, 0x1020, 0x1020, 0x1020, 0x1020, 0x1020, 0x1020, 0x1020, 0x1020,
  0x0820, 0x0820, 0x0820, 0x1020, 0x1020, 0x1020, 0x1020, 0x1020, 0x1020, 0x1020, 0x1020, 0x1020,
  0x1020, 0x1020, 0x1020, 0x1020, 0x1020, 0x1020, 0x1020, 0x1020, 0x1020, 0x1020, 0x1020, 0x1020,
  0x1020, 0x1020, 0x1820, 0x1820, 0x1820, 0x1820, 0x1820, 0x1820, 0x1820, 0x1820, 0x1820, 0x1820,
  0x1820, 0x1820, 0x1840, 0x1840, 0x1840, 0x1840, 0x1840, 0x1840, 0x1840, 0x1840, 0x1840, 0x1840,
  0x1840, 0x1840, 0x1840, 0x1840, 0x1840, 0x1840, 0x1840, 0x1840, 0x1840, 0x1840, 0x1840, 0x1840,
  0x2040, 0x2040, 0x2040, 0x2040, 0x2040, 0x2040, 0x2040, 0x2040, 0x2040, 0x2040, 0x2040, 0x2040,
  0x2040, 0x2040, 0x2040, 0x2040, 0x2040, 0x2040, 0x2040, 0x2040, 0x2040, 0x2040, 0x2040, 0x2040,
  0x2040, 0x2060, 0x2060, 0x2040, 0x2040, 0x2060, 0x2060, 0x2060, 0x2040, 0x2040, 0x2040, 0x2040,
  0x2040, 0x2040, 0x2040, 0x2060, 0x2060, 0x2060, 0x2040, 0x2060, 0x2060, 0x2060, 0x2060, 0x2060,
  0x2060, 0x2060, 0x2060, 0x2060, 0x2060, 0x2060, 0x2060, 0x2060, 0x2060, 0x2060, 0x2860, 0x2060,
  0x2060, 0x2060, 0x2060, 0x2060, 0x2860, 0x2060, 0x2060, 0x2860, 0x2860, 0x2860, 0x2860, 0x2860,
  0x2860, 0x2860, 0x2860, 0x2860, 0x2860, 0x2860, 0x2860, 0x2860, 0x2860, 0x2860, 0x2060, 0x2060,
  0x2060, 0x2860, 0x2060, 0x2860, 0x2060, 0x2060, 0x2060, 0x2060, 0x2060, 0x2060, 0x2860, 0x2060,
  0x2060, 0x2060, 0x2060, 0x2060, 0x2060, 0x2060, 0x2060, 0x2040, 0x2040, 0x2040, 0x2040, 0x2040,
  0x2040, 0x2040, 0x2040, 0x2040, 0x2040, 0x2060, 0x2040, 0x2040, 0x2040, 0x2040, 0x2040, 0x2040,
  0x2040, 0x2040, 0x2040, 0x2040, 0x2040, 0x2040, 0x2040, 0x2040, 0x2040, 0x2040, 0x2040, 0x1840,
  0x1840, 0x1840, 0x1840, 0x1840, 0x1840, 0x1840, 0x1820, 0x1840, 0x1820, 0x1820, 0x1840, 0x1840,
  0x1840, 0x1840, 0x1840, 0x1840, 0x1840, 0x1820, 0x1820, 0x1820, 0x1820, 0x1820, 0x1820, 0x1820,
  0x1820, 0x1820, 0x1820, 0x1820, 0x1820, 0x1820, 0x1820, 0x1820, 0x1820, 0x1820, 0x1020, 0x1020,
  0x1020, 0x1020, 0x1020, 0x1020, 0x1020, 0x1020, 0x1020, 0x1020, 0x1020, 0x1020, 0x1020, 0x1020,
  0x0820, 0x0820, 0x0820, 0x0820, 0x0820, 0x0820, 0x1020, 0x1020, 0x1020, 0x1020, 0x1020, 0x1020,
  0x1020, 0x1020, 0x1020, 0x1020, 0x1020, 0x1020, 0x1020, 0x1020, 0x1020, 0x1020, 0x1020, 0x1020,
  0x1020, 0x1020, 0x1020, 0x1020, 0x1820, 0x1820, 0x1820, 0x1820, 0x1820, 0x1820, 0x1820, 0x1820,
  0x1820, 0x1820, 0x1820, 0x1840, 0x1840, 0x1840, 0x1840, 0x1840, 0x1840, 0x1840, 0x1840, 0x1840,
  0x1840, 0x1840, 0x1840, 0x1840, 0x1840, 0x1840, 0x1840, 0x1840, 0x1840, 0x1840, 0x1840, 0x1840,
  0x1840, 0x1840, 0x2040, 0x2040, 0x2040, 0x2040, 0x2040, 0x2040, 0x2040, 0x2040, 0x2040, 0x2040,
  0x2040, 0x2040, 0x2040, 0x2040, 0x2040, 0x2040, 0x2040, 0x2040, 0x2040, 0x2040, 0x2040, 0x2040,
  0x2040, 0x2040, 0x2040, 0x2040, 0x2040, 0x2060, 0x2040, 0x2060, 0x2040, 0x2060, 0x2040, 0x2040,
  0x2060, 0x2040, 0x2040, 0x2060, 0x2040, 0x2060, 0x2060, 0x2040, 0x2040, 0x2060, 0x2060, 0x2060,
  0x2060, 0x2060, 0x2060, 0x2060, 0x2060, 0x2060, 0x2060, 0x2060, 0x2060, 0x2060, 0x2060, 0x2060,
  0x2060, 0x2060, 0x2060, 0x2060, 0x2060, 0x2060, 0x2060, 0x2060, 0x2060, 0x2060, 0x2060, 0x2060,
  0x2060, 0x2060, 0x2060, 0x2060, 0x2060, 0x2060, 0x2060, 0x2060, 0x2060, 0x2060, 0x2060, 0x2060,
  0x2060, 0x2060, 0x2060, 0x2060, 0x2060, 0x2060, 0x2060, 0x2060, 0x2060, 0x2060, 0x2060, 0x2060,
  0x2060, 0x2060, 0x2060, 0x2060, 0x2060, 0x2060, 0x2060, 0x2040, 0x2040, 0x2040, 0x2040, 0x2040,
  0x2040, 0x2040, 0x2040, 0x2040, 0x2040, 0x2040, 0x2040, 0x2040, 0x2040, 0x2040, 0x2040, 0x2040,
  0x2040, 0x2040, 0x2040, 0x2040, 0x2040, 0x2040, 0x2040, 0x1840, 0x1840, 0x1840, 0x1840, 0x1840,
  0x1840, 0x1840, 0x1840, 0x1840, 0x1840, 0x1820, 0x1840, 0x1840, 0x1820, 0x1820, 0x1840, 0x1840,
  0x1820, 0x1840, 0x1820, 0x1840, 0x1840, 0x1820, 0x1820, 0x1820, 0x1820, 0x1820, 0x1820, 0x1820,
  0x1820, 0x1820, 0x1820, 0x1820, 0x1820, 0x1820, 0x1820, 0x1820, 0x1020, 0x1020, 0x1020, 0x1020,
  0x1020, 0x1020, 0x1020, 0x1020, 0x1020, 0x1020, 0x1020, 0x1020, 0x1020, 0x1020, 0x1020, 0x1020,
  0x0820, 0x0820, 0x0820, 0x0820, 0x0820, 0x0820, 0x1020, 0x1020, 0x1020, 0x1020, 0x1020, 0x1020,
  0x1020, 0x1020, 0x1020, 0x1020, 0x1020, 0x1020, 0x1020, 0x1020, 0x1020, 0x1020, 0x1020, 0x1020,
  0x1020, 0x1020, 0x1020, 0x1820, 0x1020, 0x1020, 0x1020, 0x1820, 0x1820, 0x1820, 0x1820, 0x1820,
  0x1820, 0x1820, 0x1840, 0x1840, 0x1840, 0x1840, 0x1840, 0x1840, 0x1840, 0x1840, 0x1840, 0x1840,
  0x1840, 0x1840, 0x1840, 0x1840, 0x1840, 0x1840, 0x1840, 0x1840, 0x1840, 0x1840, 0x1840, 0x1840,
  0x1840, 0x1840, 0x1840, 0x1840, 0x1840, 0x1840, 0x2040, 0x2040, 0x2040, 0x2040, 0x2040, 0x2040,
  0x2040, 0x2040, 0x2040, 0x2040, 0x2040, 0x2040, 0x2040, 0x2040, 0x2040, 0x2040, 0x2040, 0x2040,
  0x2040, 0x2040, 0x2040, 0x2040, 0x2040, 0x2040, 0x2040, 0x2040, 0x2040, 0x2040, 0x2040, 0x2040,
  0x2040, 0x2040, 0x2040, 0x2040, 0x2040, 0x2040, 0x2040, 0x2040, 0x2040, 0x2060, 0x2060, 0x2040,
  0x2060, 0x2060, 0x2060, 0x2060, 0x2060, 0x2060, 0x2060, 0x2060, 0x2060, 0x2060, 0x2040, 0x2060,
  0x2060, 0x2060, 0x2060, 0x2060, 0x2060, 0x2060, 0x2060, 0x2060, 0x2060, 0x2060, 0x2060, 0x2060,
  0x2060, 0x2060, 0x2060, 0x2060, 0x2060, 0x2060, 0x2060, 0x2060, 0x2060, 0x2060, 0x2060, 0x2060,
  0x2060, 0x2060, 0x2060, 0x2060, 0x2060, 0x2060, 0x2040, 0x2040, 0x2060, 0x2060, 0x2060, 0x2040,
  0x2060, 0x2060, 0x2060, 0x2040, 0x2040, 0x2040, 0x2040, 0x2040, 0x2040, 0x2040, 0x2040, 0x2040,
  0x2040, 0x2040, 0x2040, 0x2040, 0x2040, 0x2040, 0x2040, 0x2040, 0x2040, 0x2040, 0x2040, 0x2040,
  0x2040, 0x2040, 0x2040, 0x2040, 0x2040, 0x1840, 0x1840, 0x1840, 0x1840, 0x1840, 0x1840, 0x1840,
  0x1840, 0x1840, 0x1840, 0x1840, 0x1840, 0x1820, 0x1840, 0x1820, 0x1820, 0x1840, 0x1840, 0x1820,
  0x1840, 0x1840, 0x1820, 0x1840, 0x1840, 0x1820, 0x1820, 0x1820, 0x1820, 0x1820, 0x1820, 0x1820,
  0x1820, 0x1820, 0x1820, 0x1820, 0x1820, 0x1820, 0x1020, 0x1020, 0x1020, 0x1020, 0x1020, 0x1020,
  0x1020, 0x1020, 0x1020, 0x1020, 0x1020, 0x1020, 0x1020, 0x1020, 0x1020, 0x1020, 0x1020, 0x1020,
  0x0820, 0x0820, 0x0820, 0x0820, 0x0820, 0x0820, 0x0820, 0x1020, 0x1020, 0x1020, 0x1020, 0x1020,
  0x1020, 0x1020, 0x1020, 0x1020, 0x1020, 0x1020, 0x1020, 0x1020, 0x1020, 0x1020, 0x1020, 0x1020,
  0x1020, 0x1020, 0x1020, 0x1020, 0x1020, 0x1020, 0x1020, 0x1020, 0x1820, 0x1820, 0x1820, 0x1820,
  0x1820, 0x1820, 0x1820, 0x1840, 0x1840, 0x1840, 0x1840, 0x1840, 0x1840, 0x1840, 0x1840, 0x1840,
  0x1840, 0x1840, 0x1840, 0x1840, 0x1840, 0x1840, 0x1840, 0x1840, 0x1840, 0x1840, 0x1840, 0x1840,
  0x1840, 0x1840, 0x1840, 0x1840, 0x1840, 0x1840, 0x1840, 0x1840, 0x1840, 0x1840, 0x1840, 0x1840,
  0x2040, 0x1840, 0x1840, 0x2040, 0x2040, 0x2040, 0x2040, 0x2040, 0x2040, 0x2040, 0x2040, 0x2040,
  0x2040, 0x2040, 0x2040, 0x2040, 0x2040, 0x2040, 0x2040, 0x2040, 0x2040, 0x2040, 0x2040, 0x2040,
  0x2040, 0x2040, 0x2040, 0x2040, 0x2040, 0x2040, 0x2040, 0x2040, 0x2040, 0x2040, 0x2040, 0x2040,
  0x2040, 0x2060, 0x2060, 0x2060, 0x2060, 0x2060, 0x2060, 0x2060, 0x2060, 0x2040, 0x2040, 0x2060,
  0x2040, 0x2040, 0x2040, 0x2060, 0x2040, 0x2060, 0x2060, 0x2060, 0x2060, 0x2040, 0x2060, 0x2060,
  0x2040, 0x2060, 0x2060, 0x2060, 0x2060, 0x2040, 0x2060, 0x2040, 0x2060, 0x2040, 0x2040, 0x2060,
  0x2060, 0x2060, 0x2060, 0x2060, 0x2060, 0x2040, 0x2040, 0x2040, 0x2040, 0x2040, 0x2040, 0x2040,
  0x2040, 0x2040, 0x2040, 0x2040, 0x2040, 0x2040, 0x2040, 0x2040, 0x2040, 0x2040, 0x2040, 0x2040,
  0x2040, 0x2040, 0x2040, 0x2040, 0x2040, 0x2040, 0x2040, 0x2040, 0x2040, 0x2040, 0x2040, 0x1840,
  0x2040, 0x2040, 0x1840, 0x1840, 0x2040, 0x1840, 0x1840, 0x1840, 0x1840, 0x1840, 0x1840, 0x1840,
  0x1840, 0x1840, 0x1840, 0x1820, 0x1840, 0x1820, 0x1820, 0x1820, 0x1840, 0x1840, 0x1820, 0x1820,
  0x1840, 0x1840, 0x1840, 0x1820, 0x1820, 0x1820, 0x1820, 0x1820, 0x1820, 0x1820, 0x1820, 0x1820,
  0x1820, 0x1820, 0x1820, 0x1820, 0x1820, 0x1820, 0x1020, 0x1020, 0x1020, 0x1020, 0x1020, 0x1020,
  0x1020, 0x1020, 0x1020, 0x1020, 0x1020, 0x1020, 0x1020, 0x1020, 0x1020, 0x1020, 0x1020, 0x1020,
  0x0820, 0x0820, 0x0820, 0x0820, 0x0820, 0x0820, 0x0820, 0x0820, 0x1020, 0x1020, 0x1020, 0x1020,
  0x1020, 0x1020, 0x1020, 0x1020, 0x1020, 0x1020, 0x1020, 0x1020, 0x1020, 0x1020, 0x1020, 0x1020,
  0x1020, 0x1020, 0x1020, 0x1020, 0x1020, 0x1020, 0x1020, 0x1020, 0x1020, 0x1820, 0x1020, 0x1020,
  0x1820, 0x1820, 0x1820, 0x1820, 0x1840, 0x1840, 0x1840, 0x1840, 0x1840, 0x1840, 0x1840, 0x1840,
  0x1840, 0x1840, 0x1840, 0x1840, 0x1840, 0x1840, 0x1840, 0x1840, 0x1840, 0x1840, 0x1840, 0x1840,
  0x1840, 0x1840, 0x1840, 0x1840, 0x1840, 0x1840, 0x1840, 0x1840, 0x1840, 0x1840, 0x1840, 0x1840,
  0x1840, 0x1840, 0x1840, 0x1840, 0x1840, 0x1840, 0x2040, 0x1840, 0x2040, 0x2040, 0x2040, 0x2040,
  0x2040, 0x2040, 0x2040, 0x2040, 0x2040, 0x2040, 0x2040, 0x2040, 0x2040, 0x2040, 0x2040, 0x2040,
  0x2040, 0x2040, 0x2040, 0x2040, 0x2040, 0x2040, 0x2040, 0x2040, 0x2040, 0x2040, 0x2040, 0x2040,
  0x2040, 0x2040, 0x2040, 0x2060, 0x2060, 0x2060, 0x2060, 0x2060, 0x2060, 0x2060, 0x2040, 0x2040,
  0x2040, 0x2040, 0x2040, 0x2040, 0x2040, 0x2040, 0x2040, 0x2040, 0x2060, 0x2040, 0x2040, 0x2040,
  0x2040, 0x2040, 0x2040, 0x2040, 0x2040, 0x2060, 0x2040, 0x2040, 0x2040, 0x2040, 0x2040, 0x2060,
  0x2060, 0x2060, 0x2060, 0x2040, 0x2040, 0x2040, 0x2040, 0x2040, 0x2040, 0x2040, 0x2040, 0x2040,
  0x2040, 0x2040, 0x2040, 0x2040, 0x2040, 0x2040, 0x2040, 0x2040, 0x2040, 0x2040, 0x2040, 0x2040,
  0x2040, 0x2040, 0x2040, 0x2040, 0x2040, 0x2040, 0x2040, 0x2040, 0x2040, 0x2040, 0x1840, 0x1840,
  0x1840, 0x1840, 0x1840, 0x1840, 0x1840, 0x1840, 0x1840, 0x1840, 0x1840, 0x1840, 0x1840, 0x1840,
  0x1820, 0x1840, 0x1840, 0x1820, 0x1840, 0x1820, 0x1820, 0x1820, 0x1840, 0x1840, 0x1820, 0x1820,
  0x1820, 0x1840, 0x1820, 0x1820, 0x1820, 0x1820, 0x1820, 0x1820, 0x1820, 0x1820, 0x1820, 0x1820,
  0x1820, 0x1820, 0x1820, 0x1820, 0x1020, 0x1020, 0x1020, 0x1020, 0x1020, 0x1020, 0x1020, 0x1020,
  0x1020, 0x1020, 0x1020, 0x1020, 0x1020, 0x1020, 0x1020, 0x1020, 0x1020, 0x1020, 0x1020, 0x1020,
  0x0820, 0x0820, 0x0820, 0x0820, 0x0820, 0x0820, 0x0820, 0x0820, 0x0820, 0x1020, 0x1020, 0x1020,
  0x1020, 0x1020, 0x1020, 0x1020, 0x1020, 0x1020, 0x1020, 0x1020, 0x1020, 0x1020, 0x1020, 0x1020,
  0x1020, 0x1020, 0x1020, 0x1020, 0x1020, 0x1020, 0x1020, 0x1020, 0x1020, 0x1020, 0x1840, 0x1820,
  0x1020, 0x1820, 0x1820, 0x1820, 0x1840, 0x1820, 0x1840, 0x1840, 0x1840, 0x1840, 0x1840, 0x1840,
  0x1840, 0x1840, 0x1840, 0x1840, 0x1840, 0x1840, 0x1840, 0x1840, 0x1840, 0x1840, 0x1840, 0x1840,
  0x1840, 0x1840, 0x1840, 0x1840, 0x1840, 0x1840, 0x1840, 0x1840, 0x1840, 0x1840, 0x1840, 0x1840,
  0x1840, 0x1840, 0x1840, 0x1840, 0x1840, 0x1840, 0x1840, 0x1840, 0x1840, 0x2040, 0x2040, 0x2040,
  0x2040, 0x2040, 0x2040, 0x2040, 0x2040, 0x2040, 0x2040, 0x2040, 0x2040, 0x2040, 0x2040, 0x2040,
  0x2040, 0x2040, 0x2040, 0x2040, 0x2040, 0x2040, 0x2040, 0x2040, 0x2040, 0x2040, 0x2040, 0x2040,
  0x2040, 0x2040, 0x2040, 0x2060, 0x2060, 0x2060, 0x2060, 0x2040, 0x2060, 0x2040, 0x2040, 0x2040,
  0x2040, 0x2040, 0x2040, 0x2040, 0x2040, 0x2040, 0x2040, 0x2040, 0x2040, 0x2040, 0x2040, 0x2040,
  0x2040, 0x2040, 0x2040, 0x2040, 0x2040, 0x2040, 0x2040, 0x2040, 0x2040, 0x2040, 0x2060, 0x2040,
  0x2060, 0x2040, 0x2040, 0x2040, 0x2040, 0x2040, 0x2040, 0x2040, 0x2040, 0x2040, 0x2040, 0x2040,
  0x2040, 0x2040, 0x2040, 0x2040, 0x2040, 0x2040, 0x2040, 0x2040, 0x2040, 0x2040, 0x2040, 0x2040,
  0x2040, 0x2040, 0x2040, 0x2040, 0x2040, 0x2040, 0x1840, 0x1840, 0x1840, 0x1840, 0x1840, 0x1840,
  0x1840, 0x1840, 0x1840, 0x1840, 0x1840, 0x1840, 0x1840, 0x1840, 0x1840, 0x1840, 0x1840, 0x1840,
  0x1840, 0x1820, 0x1820, 0x1840, 0x1820, 0x1820, 0x1820, 0x1820, 0x1840, 0x1820, 0x1820, 0x1820,
  0x1820, 0x1820, 0x1820, 0x1820, 0x1820, 0x1820, 0x1820, 0x1820, 0x1820, 0x1820, 0x1820, 0x1820,
  0x1020, 0x1020, 0x1820, 0x1020, 0x1020, 0x1020, 0x1020, 0x1020, 0x1020, 0x1020, 0x1020, 0x1020,
  0x1020, 0x1020, 0x1020, 0x1020, 0x1020, 0x1020, 0x1020, 0x1020, 0x1020, 0x1020, 0x1020, 0x1020,
  0x0820, 0x0820, 0x0820, 0x0820, 0x0820, 0x0820, 0x0820, 0x0820, 0x0820, 0x0820, 0x1020, 0x1020,
  0x1020, 0x1020, 0x1020, 0x1020, 0x1020, 0x1020, 0x1020, 0x1020, 0x1020, 0x1020, 0x1020, 0x1020,
  0x1020, 0x1020, 0x1020, 0x1020, 0x1020, 0x1020, 0x1020, 0x1020, 0x1020, 0x1020, 0x1020, 0x1020,
  0x1020, 0x1020, 0x1020, 0x1820, 0x1840, 0x1820, 0x1840, 0x1840, 0x1840, 0x1840, 0x1840, 0x1840,
  0x1840, 0x1840, 0x1840, 0x1840, 0x1840, 0x1840, 0x1840, 0x1840, 0x1840, 0x1840, 0x1840, 0x1840,
  0x1840, 0x1840, 0x1840, 0x1840, 0x1840, 0x1840, 0x1840, 0x1840, 0x1840, 0x1840, 0x1840, 0x1840,
  0x1840, 0x1840, 0x1840, 0x1840, 0x1840, 0x1840, 0x1840, 0x1840, 0x1840, 0x1840, 0x1840, 0x1840,
  0x1840, 0x1840, 0x1840, 0x2040, 0x2040, 0x2040, 0x2040, 0x2040, 0x2040, 0x1840, 0x2040, 0x2040,
  0x2040, 0x2040, 0x2040, 0x1840, 0x2040, 0x2040, 0x2040, 0x2040, 0x2040, 0x2040, 0x2040, 0x2040,
  0x2040, 0x2040, 0x2040, 0x2040, 0x2060, 0x2040, 0x2060, 0x2040, 0x2040, 0x2040, 0x2040, 0x2040,
  0x2040, 0x2040, 0x2040, 0x2040, 0x2040, 0x2040, 0x2040, 0x2040, 0x2040, 0x2040, 0x2040, 0x2040,
  0x2040, 0x2040, 0x2040, 0x2040, 0x2040, 0x2040, 0x2040, 0x2040, 0x2040, 0x2040, 0x2040, 0x2040,
  0x2040, 0x2040, 0x2040, 0x2040, 0x2040, 0x2040, 0x2040, 0x2040, 0x2040, 0x2040, 0x2040, 0x2040,
  0x2040, 0x2040, 0x2040, 0x2040, 0x2040, 0x2040, 0x2040, 0x2040, 0x2040, 0x2040, 0x2040, 0x2040,
  0x2040, 0x2040, 0x2040, 0x2040, 0x1840, 0x1840, 0x1840, 0x1840, 0x1840, 0x1840, 0x1840, 0x1840,
  0x1840, 0x1840, 0x1840, 0x1840, 0x1840, 0x1840, 0x1840, 0x1840, 0x1840, 0x1840, 0x1840, 0x1820,
  0x1820, 0x1840, 0x1840, 0x1820, 0x1820, 0x1820, 0x1820, 0x1820, 0x1820, 0x1820, 0x1820, 0x1820,
  0x1820, 0x1820, 0x1820, 0x1820, 0x1820, 0x1820, 0x1820, 0x1820, 0x1820, 0x1820, 0x1020, 0x1820,
  0x1020, 0x1020, 0x1020, 0x1020, 0x1020, 0x1020, 0x1020, 0x1020, 0x1020, 0x1020, 0x1020, 0x1020,
  0x1020, 0x1020, 0x1020, 0x1020, 0x1020, 0x1020, 0x1020, 0x1020, 0x1020, 0x1020, 0x1020, 0x1020,
  0x0800, 0x0820, 0x0820, 0x0820, 0x0820, 0x0820, 0x0820, 0x0820, 0x0820, 0x0820, 0x0820, 0x0820,
  0x1020, 0x1020, 0x1020, 0x1020, 0x1020, 0x1020, 0x1020, 0x1020, 0x1020, 0x1020, 0x1020, 0x1020,
  0x1020, 0x1020, 0x1020, 0x1020, 0x1020, 0x1020, 0x1020, 0x1020, 0x1020, 0x1020, 0x1020, 0x1020,
  0x1020, 0x1020, 0x1020, 0x1020, 0x1820, 0x1820, 0x1820, 0x1840, 0x1840, 0x1840, 0x1820, 0x1820,
  0x1820, 0x1820, 0x1820, 0x1840, 0x1840, 0x1840, 0x1840, 0x1840, 0x1840, 0x1840, 0x1840, 0x1840,
  0x1840, 0x1840, 0x1840, 0x1840, 0x1840, 0x1840, 0x1840, 0x1840, 0x1840, 0x1840, 0x1840, 0x1840,
  0x1840, 0x1840, 0x1840, 0x1840, 0x1840, 0x1840, 0x1840, 0x1840, 0x1840, 0x1840, 0x1840, 0x1840,
  0x1840, 0x1840, 0x1840, 0x1840, 0x1840, 0x1840, 0x1840, 0x1840, 0x1840, 0x1840, 0x1840, 0x2040,
  0x1840, 0x1840, 0x1840, 0x1840, 0x1840, 0x1840, 0x1840, 0x1840, 0x1840, 0x1840, 0x2040, 0x2040,
  0x2040, 0x2040, 0x2040, 0x2040, 0x2040, 0x2040, 0x2040, 0x2040, 0x2040, 0x2040, 0x2040, 0x2040,
  0x2040, 0x2040, 0x2040, 0x2040, 0x2040, 0x2040, 0x2040, 0x2040, 0x2040, 0x2040, 0x2040, 0x2040,
  0x2040, 0x2040, 0x2040, 0x2040, 0x2040, 0x2040, 0x2040, 0x2040, 0x2040, 0x2040, 0x2040, 0x2040,
  0x2040, 0x2040, 0x2040, 0x2040, 0x2040, 0x2040, 0x2040, 0x2040, 0x2040, 0x2040, 0x2040, 0x2040,
  0x2040, 0x2040, 0x2040, 0x2040, 0x2040, 0x2040, 0x1840, 0x2040, 0x2040, 0x2040, 0x1840, 0x1840,
  0x1840, 0x1840, 0x1840, 0x1840, 0x1840, 0x1840, 0x1840, 0x1840, 0x1840, 0x1840, 0x1840, 0x1840,
  0x1840, 0x1840, 0x1840, 0x1840, 0x1840, 0x1840, 0x1840, 0x1840, 0x1820, 0x1840, 0x1820, 0x1820,
  0x1820, 0x1820, 0x1820, 0x1820, 0x1820, 0x1820, 0x1820, 0x1820, 0x1820, 0x1820, 0x1820, 0x1820,
  0x1820, 0x1820, 0x1820, 0x1820, 0x1820, 0x1820, 0x1820, 0x1820, 0x1820, 0x1820, 0x1820, 0x1820,
  0x1020, 0x1020, 0x1020, 0x1020, 0x1020, 0x1020, 0x1020, 0x1020, 0x1020, 0x1020, 0x1020, 0x1020,
  0x1020, 0x1020, 0x1020, 0x1020, 0x1020, 0x1020, 0x1020, 0x1020, 0x1020, 0x1020, 0x1020, 0x1000,
  0x0820, 0x0820, 0x0800, 0x0820, 0x0820, 0x0820, 0x0820, 0x0820, 0x0820, 0x0820, 0x0820, 0x0820,
  0x0820, 0x1020, 0x0820, 0x1020, 0x1020, 0x1020, 0x1020, 0x1020, 0x1020, 0x1020, 0x1020, 0x1020,
  0x1020, 0x1020, 0x1020, 0x1020, 0x1020, 0x1020, 0x1020, 0x1020, 0x1020, 0x1020, 0x1020, 0x1020,
  0x1020, 0x1020, 0x1020, 0x1020, 0x1020, 0x1020, 0x1020, 0x1020, 0x1840, 0x1820, 0x1820, 0x1820,
  0x1820, 0x1820, 0x1820, 0x1820, 0x1820, 0x1840, 0x1840, 0x1840, 0x1840, 0x1840, 0x1840, 0x1840,
  0x1840, 0x1840, 0x1840, 0x1840, 0x1840, 0x1840, 0x1840, 0x1840, 0x1840, 0x1840, 0x1840, 0x1840,
  0x1840, 0x1840, 0x1840, 0x1840, 0x1840, 0x1840, 0x1840, 0x1840, 0x1840, 0x1840, 0x1840, 0x1840,
  0x1840, 0x1840, 0x1840, 0x1840, 0x1840, 0x1840, 0x1840, 0x1840, 0x1840, 0x1840, 0x1840, 0x1840,
  0x1840, 0x1840, 0x1840, 0x1840, 0x1840, 0x1840, 0x1840, 0x1840, 0x1840, 0x1840, 0x1840, 0x2040,
  0x2040, 0x2040, 0x2040, 0x2040, 0x2040, 0x2040, 0x2040, 0x2040, 0x2040, 0x2040, 0x2040, 0x2040,
  0x2040, 0x2040, 0x2040, 0x2040, 0x2040, 0x2040, 0x2040, 0x2040, 0x2040, 0x2040, 0x2040, 0x2040,
  0x2040, 0x2040, 0x2040, 0x2040, 0x2040, 0x2040, 0x2040, 0x2040, 0x2040, 0x2040, 0x2040, 0x2040,
  0x2040, 0x2040, 0x2040, 0x2040, 0x2040, 0x2040, 0x2040, 0x2040, 0x2040, 0x2040, 0x2040, 0x2040,
  0x2040, 0x2040, 0x2040, 0x1840, 0x1840, 0x1840, 0x1840, 0x1840, 0x1840, 0x1840, 0x1840, 0x1840,
  0x1840, 0x1840, 0x1840, 0x1840, 0x1840, 0x1840, 0x1840, 0x1840, 0x1840, 0x1840, 0x1840, 0x1840,
  0x1840, 0x1840, 0x1840, 0x1840, 0x1840, 0x1840, 0x1840, 0x1840, 0x1840, 0x1840, 0x1820, 0x1820,
  0x1820, 0x1840, 0x1820, 0x1820, 0x1820, 0x1820, 0x1820, 0x1820, 0x1820, 0x1820, 0x1820, 0x1820,
  0x1820, 0x1820, 0x1820, 0x1820, 0x1820, 0x1820, 0x1820, 0x1820, 0x1020, 0x1820, 0x1820, 0x1020,
  0x1020, 0x1020, 0x1020, 0x1020, 0x1020, 0x1020, 0x1020, 0x1020, 0x1020, 0x1020, 0x1020, 0x1020,
  0x1020, 0x1020, 0x1020, 0x1020, 0x1020, 0x1020, 0x1020, 0x1020, 0x1020, 0x1020, 0x0800, 0x1000,
  0x0800, 0x0820, 0x0820, 0x0820, 0x0820, 0x0820, 0x0820, 0x0820, 0x0820, 0x0820, 0x0820, 0x0820,
  0x0820, 0x0820, 0x0820, 0x0820, 0x0820, 0x1020, 0x1020, 0x1020, 0x1020, 0x1020, 0x1020, 0x1020,
  0x1020, 0x1020, 0x1020, 0x1020, 0x1020, 0x1020, 0x1020, 0x1020, 0x1020, 0x1020, 0x1020, 0x1020,
  0x1020, 0x1020, 0x1020, 0x1020, 0x1020, 0x1020, 0x1020, 0x1820, 0x1820, 0x1820, 0x1020, 0x1820,
  0x1820, 0x1820, 0x1820, 0x1820, 0x1820, 0x1840, 0x1840, 0x1840, 0x1820, 0x1820, 0x1820, 0x1840,
  0x1840, 0x1840, 0x1840, 0x1840, 0x1840, 0x1840, 0x1840, 0x1840, 0x1840, 0x1840, 0x1840, 0x1840,
  0x1840, 0x1840, 0x1840, 0x1840, 0x1840, 0x1840, 0x1840, 0x1840, 0x1840, 0x1840, 0x1840, 0x1840,
  0x1840, 0x1840, 0x1840, 0x1840, 0x1840, 0x1840, 0x1840, 0x1840, 0x1840, 0x1840, 0x1840, 0x1840,
  0x1840, 0x1840, 0x1840, 0x1840, 0x1840, 0x1840, 0x1840, 0x1840, 0x1840, 0x1840, 0x1840, 0x1840,
  0x1840, 0x2040, 0x2040, 0x2040, 0x2040, 0x1840, 0x2040, 0x2040, 0x1840, 0x2040, 0x2040, 0x1840,
  0x2040, 0x1840, 0x1840, 0x2040, 0x1840, 0x2040, 0x2040, 0x2040, 0x2040, 0x2040, 0x2040, 0x2040,
  0x2040, 0x1840, 0x2040, 0x2040, 0x2040, 0x2040, 0x2040, 0x2040, 0x2040, 0x2040, 0x2040, 0x2040,
  0x2040, 0x2040, 0x2040, 0x2040, 0x2040, 0x2040, 0x2040, 0x2040, 0x1840, 0x1840, 0x1840, 0x1840,
  0x1840, 0x1840, 0x2040, 0x1840, 0x1840, 0x1840, 0x1840, 0x1840, 0x1840, 0x1840, 0x1840, 0x1840,
  0x1840, 0x1840, 0x1840, 0x1840, 0x1840, 0x1840, 0x1840, 0x1840, 0x1840, 0x1840, 0x1840, 0x1840,
  0x1840, 0x1840, 0x1840, 0x1840, 0x1840, 0x1840, 0x1840, 0x1840, 0x1840, 0x1840, 0x1820, 0x1820,
  0x1820, 0x1820, 0x1820, 0x1820, 0x1820, 0x1820, 0x1820, 0x1820, 0x1820, 0x1820, 0x1820, 0x1820,
  0x1820, 0x1820, 0x1820, 0x1020, 0x1020, 0x1820, 0x1820, 0x1020, 0x1020, 0x1020, 0x1020, 0x1020,
  0x1020, 0x1020, 0x1020, 0x1020, 0x1020, 0x1020, 0x1020, 0x1020, 0x1020, 0x1020, 0x1020, 0x1020,
  0x1020, 0x1020, 0x1020, 0x1020, 0x1020, 0x1020, 0x1020, 0x1020, 0x1020, 0x0800, 0x0800, 0x0800,
  0x0820, 0x0820, 0x0820, 0x0820, 0x0820, 0x0820, 0x0820, 0x0820, 0x0820, 0x0820, 0x0820, 0x0820,
  0x0820, 0x0820, 0x0820, 0x0820, 0x0820, 0x0820, 0x1020, 0x1020, 0x1020, 0x1020, 0x1020, 0x1020,
  0x1020, 0x1020, 0x1020, 0x1020, 0x1020, 0x1020, 0x1020, 0x1020, 0x1020, 0x1020, 0x1020, 0x1020,
  0x1020, 0x1020, 0x1020, 0x1020, 0x1020, 0x1020, 0x1020, 0x1040, 0x1020, 0x1820, 0x1820, 0x1840,
  0x1820, 0x1820, 0x1820, 0x1820, 0x1820, 0x1840, 0x1840, 0x1840, 0x1840, 0x1820, 0x1840, 0x1840,
  0x1840, 0x1840, 0x1840, 0x1840, 0x1840, 0x1840, 0x1840, 0x1840, 0x1840, 0x1840, 0x1840, 0x1840,
  0x1840, 0x1840, 0x1840, 0x1840, 0x1840, 0x1840, 0x1840, 0x1840, 0x1840, 0x1840, 0x1840, 0x1840,
  0x1840, 0x1840, 0x1840, 0x1840, 0x1840, 0x1840, 0x1840, 0x1840, 0x1840, 0x1840, 0x1840, 0x1840,
  0x1840, 0x1840, 0x1840, 0x1840, 0x1840, 0x1840, 0x1840, 0x1840, 0x1840, 0x1840, 0x1840, 0x1840,
  0x1840, 0x1840, 0x1840, 0x1840, 0x1840, 0x1840, 0x1840, 0x1840, 0x1840, 0x1840, 0x1840, 0x1840,
  0x1840, 0x1840, 0x1840, 0x1840, 0x1840, 0x1840, 0x1840, 0x1840, 0x1840, 0x1840, 0x1840, 0x1840,
  0x1840, 0x1840, 0x1840, 0x1840, 0x1840, 0x1840, 0x1840, 0x1840, 0x2040, 0x2040, 0x2040, 0x2040,
  0x2040, 0x1840, 0x1840, 0x1840, 0x1840, 0x1840, 0x1840, 0x1840, 0x1840, 0x1840, 0x1840, 0x1840,
  0x1840, 0x1840, 0x1840, 0x1840, 0x1840, 0x1840, 0x1840, 0x1840, 0x1840, 0x1840, 0x1840, 0x1840,
  0x1840, 0x1840, 0x1840, 0x1840, 0x1840, 0x1840, 0x1840, 0x1840, 0x1840, 0x1840, 0x1840, 0x1840,
  0x1840, 0x1840, 0x1840, 0x1840, 0x1840, 0x1840, 0x1840, 0x1840, 0x1840, 0x1840, 0x1820, 0x1820,
  0x1820, 0x1820, 0x1820, 0x1820, 0x1820, 0x1820, 0x1820, 0x1820, 0x1820, 0x1020, 0x1820, 0x1020,
  0x1020, 0x1020, 0x1020, 0x1020, 0x1020, 0x1020, 0x1020, 0x1020, 0x1020, 0x1020, 0x1020, 0x1020,
  0x1020, 0x1020, 0x1020, 0x1020, 0x1020, 0x1020, 0x1020, 0x1020, 0x1020, 0x1020, 0x1020, 0x1020,
  0x1020, 0x1020, 0x1020, 0x1020, 0x1020, 0x1020, 0x1020, 0x1020, 0x0800, 0x0820, 0x0800, 0x0800,
  0x0820, 0x0820, 0x0820, 0x0820, 0x0820, 0x0800, 0x0800, 0x0820, 0x0820, 0x0820, 0x0820, 0x0820,
  0x0820, 0x0820, 0x0820, 0x0820, 0x0820, 0x0820, 0x0820, 0x1020, 0x1020, 0x1020, 0x1020, 0x1020,
  0x1020, 0x1020, 0x1020, 0x1020, 0x1020, 0x1020, 0x1020, 0x1020, 0x1020, 0x1020, 0x1020, 0x1020,
  0x1020, 0x1020, 0x1020, 0x1020, 0x1020, 0x1020, 0x1020, 0x1020, 0x1020, 0x1020, 0x1040, 0x1820,
  0x1820, 0x1020, 0x1840, 0x1820, 0x1820, 0x1820, 0x1820, 0x1840, 0x1820, 0x1820, 0x1840, 0x1840,
  0x1820, 0x1840, 0x1840, 0x1840, 0x1840, 0x1840, 0x1840, 0x1840, 0x1840, 0x1840, 0x1840, 0x1840,
  0x1840, 0x1840, 0x1840, 0x1840, 0x1840, 0x1840, 0x1840, 0x1840, 0x1840, 0x1840, 0x1840, 0x1840,
  0x1840, 0x1840, 0x1840, 0x1840, 0x1840, 0x1840, 0x1840, 0x1840, 0x1840, 0x1840, 0x1840, 0x1840,
  0x1840, 0x1840, 0x1840, 0x1840, 0x1840, 0x1840, 0x1840, 0x1840, 0x1840, 0x1840, 0x1840, 0x1840,
  0x1840, 0x1840, 0x1840, 0x1840, 0x1840, 0x1840, 0x1840, 0x1840, 0x1840, 0x1840, 0x1840, 0x1840,
  0x1840, 0x1840, 0x1840, 0x1840, 0x1840, 0x1840, 0x1840, 0x1840, 0x1840, 0x1840, 0x1840, 0x1840,
  0x1840, 0x1840, 0x1840, 0x1840, 0x1840, 0x1840, 0x1840, 0x1840, 0x1840, 0x1840, 0x1840, 0x1840,
  0x1840, 0x1840, 0x1840, 0x1840, 0x1840, 0x1840, 0x1840, 0x1840, 0x1840, 0x1840, 0x1840, 0x1840,
  0x1840, 0x1840, 0x1840, 0x1840, 0x1840, 0x1840, 0x1840, 0x1840, 0x1840, 0x1840, 0x1840, 0x1840,
  0x1840, 0x1840, 0x1840, 0x1840, 0x1840, 0x1840, 0x1840, 0x1840, 0x1840, 0x1840, 0x1840, 0x1820,
  0x1840, 0x1820, 0x1840, 0x1840, 0x1840, 0x1840, 0x1840, 0x1840, 0x1840, 0x1820, 0x1820, 0x1820,
  0x1820, 0x1820, 0x1820, 0x1820, 0x1820, 0x1820, 0x1820, 0x1020, 0x1020, 0x1020, 0x1020, 0x1020,
  0x1020, 0x1020, 0x1020, 0x1020, 0x1020, 0x1020, 0x1020, 0x1020, 0x1020, 0x1020, 0x1020, 0x1020,
  0x1020, 0x1020, 0x1020, 0x1020, 0x1020, 0x1020, 0x1020, 0x1020, 0x1020, 0x1020, 0x1020, 0x1020,
  0x1020, 0x1020, 0x1020, 0x1020, 0x1020, 0x1020, 0x1020, 0x1020, 0x0800, 0x0820, 0x0820, 0x0800,
  0x0820, 0x0800, 0x0820, 0x0820, 0x0820, 0x0820, 0x0800, 0x0800, 0x0820, 0x0820, 0x0820, 0x0820,
  0x0820, 0x0820, 0x0820, 0x0820, 0x0820, 0x0820, 0x0820, 0x0820, 0x1020, 0x1020, 0x1020, 0x1020,
  0x1020, 0x1020, 0x1020, 0x1020, 0x1020, 0x1020, 0x1020, 0x1020, 0x1020, 0x1020, 0x1020, 0x1020,
  0x1020, 0x1020, 0x1020, 0x1020, 0x1020, 0x1020, 0x1020, 0x1020, 0x1020, 0x1020, 0x1020, 0x1020,
  0x1020, 0x1020, 0x1040, 0x1840, 0x1840, 0x1020, 0x1820, 0x1840, 0x1820, 0x1820, 0x1840, 0x1820,
  0x1840, 0x1840, 0x1840, 0x1840, 0x1840, 0x1840, 0x1840, 0x1840, 0x1840, 0x1840, 0x1840, 0x1840,
  0x1840, 0x1840, 0x1840, 0x1840, 0x1840, 0x1840, 0x1840, 0x1840, 0x1840, 0x1840, 0x1840, 0x1840,
  0x1840, 0x1840, 0x1840, 0x1840, 0x1840, 0x1840, 0x1840, 0x1840, 0x1840, 0x1840, 0x1840, 0x1840,
  0x1840, 0x1840, 0x1840, 0x1840, 0x1840, 0x1840, 0x1840, 0x1840, 0x1840, 0x1840, 0x1840, 0x1840,
  0x1840, 0x1840, 0x1840, 0x1840, 0x1840, 0x1840, 0x1840, 0x1840, 0x1840, 0x1840, 0x1840, 0x1840,
  0x1840, 0x1840, 0x1840, 0x1840, 0x1840, 0x1840, 0x1840, 0x1840, 0x1840, 0x1840, 0x1840, 0x1840,
  0x1840, 0x1840, 0x1840, 0x1840, 0x1840, 0x1840, 0x1840, 0x1840, 0x1840, 0x1840, 0x1840, 0x1840,
  0x1840, 0x1840, 0x1840, 0x1840, 0x1840, 0x1840, 0x1840, 0x1840, 0x1840, 0x1840, 0x1840, 0x1840,
  0x1840, 0x1840, 0x1840, 0x1840, 0x1840, 0x1840, 0x1840, 0x1840, 0x1840, 0x1840, 0x1840, 0x1840,
  0x1840, 0x1840, 0x1840, 0x1840, 0x1840, 0x1840, 0x1840, 0x1840, 0x1820, 0x1820, 0x1820, 0x1820,
  0x1820, 0x1820, 0x1840, 0x1820, 0x1840, 0x1820, 0x1820, 0x1820, 0x1820, 0x1820, 0x1820, 0x1820,
  0x1820, 0x1820, 0x1820, 0x1020, 0x1020, 0x1020, 0x1820, 0x1020, 0x1020, 0x1020, 0x1020, 0x1020,
  0x1020, 0x1020, 0x1020, 0x1020, 0x1020, 0x1020, 0x1020, 0x1020, 0x1020, 0x1020, 0x1020, 0x1020,
  0x1020, 0x1020, 0x1020, 0x1020, 0x1020, 0x1020, 0x1020, 0x1020, 0x1020, 0x1020, 0x1020, 0x1020,
  0x1020, 0x1020, 0x1020, 0x1020, 0x1020, 0x1020, 0x1020, 0x1020, 0x0820, 0x0820, 0x0820, 0x0820,
  0x0800, 0x0820, 0x0820, 0x0800, 0x0820, 0x0820, 0x0820, 0x0820, 0x0800, 0x0800, 0x0820, 0x0800,
  0x0820, 0x0820, 0x0820, 0x0820, 0x0820, 0x0820, 0x0820, 0x0820, 0x0820, 0x1020, 0x1020, 0x1020,
  0x1020, 0x1020, 0x1020, 0x1020, 0x1020, 0x1020, 0x1020, 0x1020, 0x1020, 0x1020, 0x1020, 0x1020,
  0x1020, 0x1020, 0x1020, 0x1020, 0x1020, 0x1020, 0x1020, 0x1020, 0x1020, 0x1020, 0x1020, 0x1020,
  0x1020, 0x1020, 0x1020, 0x1020, 0x1040, 0x1020, 0x1020, 0x1020, 0x1820, 0x1820, 0x1840, 0x1820,
  0x1840, 0x1840, 0x1840, 0x1840, 0x1840, 0x1840, 0x1840, 0x1840, 0x1840, 0x1840, 0x1840, 0x1820,
  0x1840, 0x1840, 0x1840, 0x1840, 0x1840, 0x1840, 0x1840, 0x1840, 0x1840, 0x1840, 0x1840, 0x1840,
  0x1840, 0x1840, 0x1840, 0x1840, 0x1840, 0x1840, 0x1840, 0x1840, 0x1840, 0x1840, 0x1840, 0x1840,
  0x1840, 0x1840, 0x1840, 0x1840, 0x1840, 0x1840, 0x1840, 0x1840, 0x1840, 0x1840, 0x1840, 0x1840,
  0x1840, 0x1840, 0x1840, 0x1840, 0x1840, 0x1840, 0x1840, 0x1840, 0x1840, 0x1840, 0x1840, 0x1840,
  0x1840, 0x1840, 0x1840, 0x1840, 0x1840, 0x1840, 0x1840, 0x1840, 0x1840, 0x1840, 0x1840, 0x1840,
  0x1840, 0x1840, 0x1840, 0x1840, 0x1840, 0x1840, 0x1840, 0x1840, 0x1840, 0x1840, 0x1840, 0x1840,
  0x1840, 0x1840, 0x1840, 0x1840, 0x1840, 0x1840, 0x1840, 0x1840, 0x1840, 0x1840, 0x1840, 0x1840,
  0x1840, 0x1840, 0x1840, 0x1840, 0x1840, 0x1840, 0x1840, 0x1840, 0x1840, 0x1840, 0x1840, 0x1840,
  0x1840, 0x1840, 0x1840, 0x1840, 0x1840, 0x1840, 0x1840, 0x1840, 0x1820, 0x1820, 0x1820, 0x1820,
  0x1820, 0x1820, 0x1820, 0x1820, 0x1820, 0x1820, 0x1820, 0x1820, 0x1820, 0x1820, 0x1820, 0x1820,
  0x1820, 0x1020, 0x1020, 0x1020, 0x1020, 0x1020, 0x1020, 0x1020, 0x1020, 0x1020, 0x1020, 0x1020,
  0x1020, 0x1020, 0x1020, 0x1020, 0x1020, 0x1020, 0x1020, 0x1020, 0x1020, 0x1020, 0x1020, 0x1020,
  0x1020, 0x1020, 0x1020, 0x1020, 0x1020, 0x1020, 0x1020, 0x1020, 0x1020, 0x1020, 0x1020, 0x1020,
  0x1020, 0x1020, 0x1020, 0x1020, 0x1020, 0x1020, 0x1020, 0x0820, 0x0820, 0x0820, 0x0820, 0x0800,
  0x0800, 0x0800, 0x0820, 0x0800, 0x0800, 0x0820, 0x0800, 0x0820, 0x0800, 0x0800, 0x0820, 0x0800,
  0x0820, 0x0820, 0x0820, 0x0820, 0x0820, 0x0820, 0x0820, 0x0820, 0x0820, 0x0820, 0x1020, 0x1020,
  0x1020, 0x1020, 0x1020, 0x1020, 0x1020, 0x1020, 0x1020, 0x1020, 0x1020, 0x1020, 0x1020, 0x1020,
  0x1020, 0x1020, 0x1020, 0x1020, 0x1020, 0x1020, 0x1020, 0x1020, 0x1020, 0x1020, 0x1020, 0x1020,
  0x1020, 0x1020, 0x1020, 0x1020, 0x1020, 0x1040, 0x1020, 0x1020, 0x1040, 0x1840, 0x1820, 0x1820,
  0x1820, 0x1840, 0x1840, 0x1840, 0x1840, 0x1840, 0x1840, 0x1840, 0x1840, 0x1840, 0x1840, 0x1840,
  0x1840, 0x1840, 0x1840, 0x1840, 0x1840, 0x1840, 0x1840, 0x1840, 0x1840, 0x1840, 0x1840, 0x1840,
  0x1840, 0x1840, 0x1840, 0x1840, 0x1840, 0x1840, 0x1840, 0x1840, 0x1840, 0x1840, 0x1840, 0x1840,
  0x1840, 0x1840, 0x1840, 0x1840, 0x1840, 0x1840, 0x1840, 0x1840, 0x1840, 0x1840, 0x1840, 0x1840,
  0x1840, 0x1840, 0x1840, 0x1840, 0x1840, 0x1840, 0x1840, 0x1840, 0x1840, 0x1840, 0x1840, 0x1840,
  0x1840, 0x1840, 0x1840, 0x1840, 0x1840, 0x1840, 0x1840, 0x1840, 0x1840, 0x1840, 0x1840, 0x1840,
  0x1840, 0x1840, 0x1840, 0x1840, 0x1840, 0x1840, 0x1840, 0x1840, 0x1840, 0x1840, 0x1840, 0x1840,
  0x1840, 0x1840, 0x1840, 0x1840, 0x1840, 0x1840, 0x1840, 0x1840, 0x1840, 0x1840, 0x1840, 0x1840,
  0x1840, 0x1840, 0x1840, 0x1840, 0x1840, 0x1840, 0x1840, 0x1840, 0x1840, 0x1840, 0x1840, 0x1840,
  0x1840, 0x1840, 0x1840, 0x1840, 0x1840, 0x1840, 0x1840, 0x1840, 0x1840, 0x1840, 0x1840, 0x1820,
  0x1820, 0x1820, 0x1820, 0x1820, 0x1820, 0x1020, 0x1020, 0x1820, 0x1820, 0x1820, 0x1820, 0x1020,
  0x1820, 0x1020, 0x1020, 0x1020, 0x1020, 0x1020, 0x1020, 0x1020, 0x1020, 0x1020, 0x1020, 0x1020,
  0x1020, 0x1020, 0x1020, 0x1020, 0x1020, 0x1020, 0x1020, 0x1020, 0x1020, 0x1020, 0x1020, 0x1020,
  0x1020, 0x1020, 0x1020, 0x1020, 0x1020, 0x1020, 0x1020, 0x1020, 0x1020, 0x1020, 0x1020, 0x1020,
  0x1020, 0x1020, 0x1020, 0x1020, 0x1020, 0x1020, 0x0820, 0x0820, 0x0820, 0x0820, 0x0820, 0x0800,
  0x0800, 0x0800, 0x0800, 0x0800, 0x0800, 0x0820, 0x0800, 0x0800, 0x0820, 0x0800, 0x0800, 0x0820,
  0x0820, 0x0820, 0x0820, 0x0820, 0x0820, 0x0820, 0x0820, 0x0820, 0x0820, 0x0820, 0x1020, 0x1020,
  0x1020, 0x1020, 0x1020, 0x1020, 0x1020, 0x1020, 0x1020, 0x1020, 0x1020, 0x1020, 0x1020, 0x1020,
  0x1020, 0x1020, 0x1020, 0x1020, 0x1020, 0x1020, 0x1020, 0x1020, 0x1020, 0x1020, 0x1020, 0x1020,
  0x1020, 0x1020, 0x1020, 0x1020, 0x1020, 0x1020, 0x1020, 0x1020, 0x1040, 0x1040, 0x1020, 0x1020,
  0x1020, 0x1020, 0x1820, 0x1840, 0x1840, 0x1840, 0x1840, 0x1840, 0x1820, 0x1820, 0x1840, 0x1840,
  0x1820, 0x1840, 0x1840, 0x1840, 0x1840, 0x1840, 0x1840, 0x1840, 0x1840, 0x1840, 0x1840, 0x1840,
  0x1840, 0x1840, 0x1840, 0x1820, 0x1840, 0x1840, 0x1840, 0x1840, 0x1840, 0x1840, 0x1840, 0x1840,
  0x1840, 0x1840, 0x1840, 0x1840, 0x1840, 0x1840, 0x1840, 0x1840, 0x1840, 0x1840, 0x1840, 0x1840,
  0x1840, 0x1840, 0x1840, 0x1840, 0x1840, 0x1840, 0x1840, 0x1840, 0x1840, 0x1840, 0x1840, 0x1840,
  0x1840, 0x1840, 0x1840, 0x1840, 0x1840, 0x1840, 0x1840, 0x1840, 0x1840, 0x1840, 0x1840, 0x1840,
  0x1840, 0x1840, 0x1840, 0x1840, 0x1840, 0x1840, 0x1840, 0x1840, 0x1840, 0x1840, 0x1840, 0x1840,
  0x1840, 0x1840, 0x1840, 0x1840, 0x1840, 0x1840, 0x1840, 0x1840, 0x1840, 0x1840, 0x1840, 0x1840,
  0x1840, 0x1840, 0x1840, 0x1840, 0x1840, 0x1840, 0x1840, 0x1840, 0x1840, 0x1840, 0x1840, 0x1840,
  0x1820, 0x1840, 0x1840, 0x1840, 0x1820, 0x1820, 0x1840, 0x1840, 0x1820, 0x1840, 0x1840, 0x1820,
  0x1820, 0x1820, 0x1820, 0x1820, 0x1820, 0x1020, 0x1020, 0x1820, 0x1820, 0x1820, 0x1020, 0x1020,
  0x1020, 0x1020, 0x1020, 0x1020, 0x1020, 0x1020, 0x1020, 0x1020, 0x1020, 0x1020, 0x1020, 0x1020,
  0x1020, 0x1020, 0x1020, 0x1020, 0x1020, 0x1020, 0x1020, 0x1020, 0x1020, 0x1020, 0x1020, 0x1020,
  0x1020, 0x1020, 0x1020, 0x1020, 0x1020, 0x1020, 0x1020, 0x1020, 0x1020, 0x1020, 0x1020, 0x1020,
  0x1020, 0x1020, 0x1020, 0x1020, 0x0820, 0x0820, 0x0820, 0x0820, 0x0820, 0x0800, 0x0800, 0x0820,
  0x0800, 0x0800, 0x0800, 0x0800, 0x0800, 0x0800, 0x0800, 0x0800, 0x0800, 0x0820, 0x0800, 0x0820,
  0x0800, 0x0820, 0x0800, 0x0800, 0x0820, 0x0820, 0x0820, 0x0820, 0x0820, 0x0820, 0x0820, 0x0820,
  0x1020, 0x1020, 0x1020, 0x1020, 0x1020, 0x1020, 0x1020, 0x1020, 0x1020, 0x1020, 0x1020, 0x1020,
  0x1020, 0x1020, 0x1020, 0x1020, 0x1020, 0x1020, 0x1020, 0x1020, 0x1020, 0x1020, 0x1020, 0x1020,
  0x1020, 0x1020, 0x1020, 0x1020, 0x1020, 0x1020, 0x1020, 0x1020, 0x1020, 0x1020, 0x1020, 0x1020,
  0x1020, 0x1020, 0x1040, 0x1040, 0x1040, 0x1840, 0x1840, 0x1820, 0x1840, 0x1820, 0x1840, 0x1840,
  0x1820, 0x1840, 0x1840, 0x1820, 0x1840, 0x1840, 0x1840, 0x1840, 0x1840, 0x1840, 0x1840, 0x1840,
  0x1840, 0x1840, 0x1840, 0x1820, 0x1840, 0x1840, 0x1840, 0x1840, 0x1840, 0x1840, 0x1840, 0x1840,
  0x1840, 0x1840, 0x1840, 0x1840, 0x1840, 0x1840, 0x1840, 0x1840, 0x1840, 0x1840, 0x1840, 0x1840,
  0x1840, 0x1840, 0x1840, 0x1840, 0x1840, 0x1840, 0x1840, 0x1840, 0x1840, 0x1840, 0x1840, 0x1840,
  0x1840, 0x1840, 0x1840, 0x1840, 0x1840, 0x1840, 0x1840, 0x1840, 0x1840, 0x1840, 0x1840, 0x1840,
  0x1840, 0x1840, 0x1840, 0x1840, 0x1840, 0x1840, 0x1840, 0x1840, 0x1840, 0x1840, 0x1840, 0x1840,
  0x1840, 0x1840, 0x1840, 0x1840, 0x1840, 0x1840, 0x1840, 0x1840, 0x1840, 0x1840, 0x1840, 0x1840,
  0x1840, 0x1840, 0x1840, 0x1840, 0x1840, 0x1840, 0x1840, 0x1840, 0x1840, 0x1840, 0x1840, 0x1840,
  0x1840, 0x1840, 0x1840, 0x1820, 0x1820, 0x1820, 0x1840, 0x1840, 0x1840, 0x1820, 0x1820, 0x1820,
  0x1820, 0x1820, 0x1820, 0x1820, 0x1820, 0x1020, 0x1020, 0x1020, 0x1020, 0x1020, 0x1020, 0x1020,
  0x1020, 0x1020, 0x1020, 0x1020, 0x1020, 0x1020, 0x1020, 0x1020, 0x1020, 0x1020, 0x1020, 0x1020,
  0x1020, 0x1020, 0x1020, 0x1020, 0x1020, 0x1020, 0x1020, 0x1020, 0x1020, 0x1020, 0x1020, 0x1020,
  0x1020, 0x1020, 0x1020, 0x1020, 0x1020, 0x1020, 0x1020, 0x1020, 0x1020, 0x1020, 0x1020, 0x1020,
  0x1020, 0x0820, 0x0820, 0x0820, 0x0820, 0x0820, 0x0820, 0x0820, 0x0820, 0x0800, 0x0820, 0x0820,
  0x0800, 0x0800, 0x0800, 0x0800, 0x0800, 0x0800, 0x0800, 0x0800, 0x0820, 0x0800, 0x0800, 0x0820,
  0x0820, 0x0820, 0x0800, 0x0800, 0x0800, 0x0800, 0x0820, 0x0820, 0x0820, 0x0820, 0x0820, 0x0820,
  0x0820, 0x0820, 0x0820, 0x1020, 0x1020, 0x1020, 0x1020, 0x1020, 0x1020, 0x1020, 0x1020, 0x1020,
  0x1020, 0x1020, 0x1020, 0x1020, 0x1020, 0x1020, 0x1020, 0x1020, 0x1020, 0x1020, 0x1020, 0x1020,
  0x1020, 0x1020, 0x1020, 0x1020, 0x1020, 0x1020, 0x1020, 0x1020, 0x1020, 0x1020, 0x1020, 0x1020,
  0x1020, 0x1040, 0x1020, 0x1020, 0x1040, 0x1840, 0x1040, 0x1840, 0x1840, 0x1820, 0x1840, 0x1840,
  0x1840, 0x1840, 0x1840, 0x1840, 0x1840, 0x1820, 0x1840, 0x1840, 0x1840, 0x1840, 0x1840, 0x1840,
  0x1840, 0x1840, 0x1820, 0x1820, 0x1840, 0x1820, 0x1820, 0x1840, 0x1840, 0x1840, 0x1840, 0x1840,
  0x1840, 0x1840, 0x1840, 0x1840, 0x1840, 0x1840, 0x1840, 0x1840, 0x1840, 0x1840, 0x1840, 0x1840,
  0x1840, 0x1840, 0x1840, 0x1840, 0x1840, 0x1840, 0x1840, 0x1840, 0x1840, 0x1840, 0x1840, 0x1840,
  0x1840, 0x1840, 0x1840, 0x1840, 0x1840, 0x1840, 0x1840, 0x1840, 0x1840, 0x1840, 0x1840, 0x1840,
  0x1840, 0x1840, 0x1840, 0x1840, 0x1840, 0x1840, 0x1840, 0x1840, 0x1840, 0x1840, 0x1840, 0x1840,
  0x1840, 0x1840, 0x1840, 0x1840, 0x1840, 0x1840, 0x1840, 0x1840, 0x1840, 0x1840, 0x1840, 0x1840,
  0x1840, 0x1840, 0x1840, 0x1840, 0x1840, 0x1840, 0x1840, 0x1840, 0x1820, 0x1840, 0x1840, 0x1840,
  0x1840, 0x1840, 0x1820, 0x1820, 0x1820, 0x1820, 0x1820, 0x1820, 0x1820, 0x1820, 0x1820, 0x1820,
  0x1820, 0x1820, 0x1020, 0x1020, 0x1020, 0x1020, 0x1020, 0x1020, 0x1020, 0x1020, 0x1020, 0x1020,
  0x1020, 0x1020, 0x1020, 0x1020, 0x1020, 0x1020, 0x1020, 0x1020, 0x1020, 0x1020, 0x1020, 0x1020,
  0x1020, 0x1020, 0x1020, 0x1020, 0x1020, 0x1020, 0x1020, 0x1020, 0x1020, 0x1020, 0x1020, 0x1020,
  0x1020, 0x1020, 0x1020, 0x1020, 0x1020, 0x1020, 0x1020, 0x1020, 0x1020, 0x1020, 0x0820, 0x0800,
  0x0820, 0x0820, 0x0820, 0x0820, 0x0820, 0x0820, 0x0800, 0x0800, 0x0800, 0x0820, 0x0820, 0x0820,
  0x0800, 0x0800, 0x0800, 0x0800, 0x0800, 0x0800, 0x0800, 0x0800, 0x0800, 0x0800, 0x0800, 0x0820,
  0x0820, 0x0820, 0x0800, 0x0820, 0x0820, 0x0800, 0x0820, 0x0820, 0x0820, 0x0820, 0x0820, 0x0820,
  0x0820, 0x0820, 0x0820, 0x0820, 0x1020, 0x1020, 0x1020, 0x1020, 0x1020, 0x1020, 0x1020, 0x1020,
  0x1020, 0x1020, 0x1020, 0x1020, 0x1020, 0x1020, 0x1020, 0x1020, 0x1020, 0x1020, 0x1020, 0x1020,
  0x1020, 0x1020, 0x1020, 0x1020, 0x1020, 0x1020, 0x1020, 0x1020, 0x1020, 0x1020, 0x1020, 0x1020,
  0x1020, 0x1020, 0x1020, 0x1020, 0x1040, 0x1040, 0x1040, 0x1840, 0x1840, 0x1840, 0x1840, 0x1840,
  0x1840, 0x1840, 0x1840, 0x1840, 0x1840, 0x1840, 0x1820, 0x1820, 0x1840, 0x1840, 0x1840, 0x1840,
  0x1840, 0x1840, 0x1840, 0x1820, 0x1820, 0x1040, 0x1840, 0x1840, 0x1840, 0x1840, 0x1840, 0x1840,
  0x1840, 0x1840, 0x1840, 0x1840, 0x1840, 0x1840, 0x1840, 0x1840, 0x1840, 0x1840, 0x1840, 0x1840,
  0x1840, 0x1840, 0x1840, 0x1840, 0x1840, 0x1840, 0x1840, 0x1840, 0x1840, 0x1840, 0x1840, 0x1840,
  0x1840, 0x1840, 0x1840, 0x1840, 0x1840, 0x1840, 0x1840, 0x1840, 0x1840, 0x1840, 0x1840, 0x1840,
  0x1840, 0x1840, 0x1840, 0x1840, 0x1840, 0x1840, 0x1840, 0x1840, 0x1840, 0x1840, 0x1840, 0x1840,
  0x1840, 0x1840, 0x1840, 0x1840, 0x1840, 0x1840, 0x1840, 0x1840, 0x1840, 0x1840, 0x1840, 0x1840,
  0x1840, 0x1840, 0x1840, 0x1840, 0x1840, 0x1840, 0x1840, 0x1820, 0x1820, 0x1840, 0x1820, 0x1840,
  0x1840, 0x1840, 0x1820, 0x1820, 0x1020, 0x1020, 0x1820, 0x1820, 0x1020, 0x1020, 0x1020, 0x1020,
  0x1020, 0x1020, 0x1020, 0x1020, 0x1020, 0x1020, 0x1020, 0x1020, 0x1020, 0x1020, 0x1020, 0x1020,
  0x1020, 0x1020, 0x1020, 0x1020, 0x1020, 0x1020, 0x1020, 0x1020, 0x1020, 0x1020, 0x1020, 0x1020,
  0x1020, 0x1020, 0x1020, 0x1020, 0x1020, 0x1020, 0x1020, 0x1020, 0x1020, 0x1020, 0x1020, 0x1020,
  0x1020, 0x1020, 0x1020, 0x1020, 0x1020, 0x1020, 0x1020, 0x1020, 0x1020, 0x1020, 0x0820, 0x0820,
  0x0820, 0x0820, 0x0820, 0x0820, 0x0820, 0x0820, 0x0820, 0x0800, 0x0800, 0x0800, 0x0820, 0x0820,
  0x0800, 0x0800, 0x0800, 0x0800, 0x0800, 0x0800, 0x0800, 0x0800, 0x0800, 0x0800, 0x0820, 0x0820,
  0x0820, 0x0820, 0x0800, 0x0800, 0x0800, 0x0820, 0x0820, 0x0820, 0x0820, 0x0800, 0x0820, 0x0820,
  0x0820, 0x0820, 0x0820, 0x0820, 0x0820, 0x1020, 0x1020, 0x1020, 0x1020, 0x1020, 0x1020, 0x1020,
  0x1020, 0x1020, 0x1020, 0x1020, 0x1020, 0x1020, 0x1020, 0x1020, 0x1020, 0x1020, 0x1020, 0x1020,
  0x1020, 0x1020, 0x1020, 0x1020, 0x1020, 0x1020, 0x1020, 0x1020, 0x1020, 0x1020, 0x1020, 0x1020,
  0x1020, 0x1020, 0x1020, 0x1020, 0x1040, 0x1020, 0x1040, 0x1040, 0x1040, 0x1040, 0x1020, 0x1040,
  0x1040, 0x1040, 0x1040, 0x1020, 0x1040, 0x1820, 0x1020, 0x1020, 0x1820, 0x1820, 0x1840, 0x1820,
  0x1840, 0x1840, 0x1840, 0x1840, 0x1820, 0x1820, 0x1840, 0x1840, 0x1840, 0x1840, 0x1040, 0x1820,
  0x1840, 0x1040, 0x1820, 0x1840, 0x1840, 0x1840, 0x1840, 0x1840, 0x1840, 0x1840, 0x1840, 0x1840,
  0x1840, 0x1840, 0x1840, 0x1840, 0x1840, 0x1840, 0x1840, 0x1840, 0x1840, 0x1840, 0x1840, 0x1840,
  0x1840, 0x1840, 0x1840, 0x1840, 0x1840, 0x1840, 0x1840, 0x1840, 0x1840, 0x1840, 0x1840, 0x1840,
  0x1840, 0x1840, 0x1840, 0x1840, 0x1840, 0x1840, 0x1840, 0x1840, 0x1840, 0x1840, 0x1840, 0x1840,
  0x1840, 0x1840, 0x1840, 0x1840, 0x1840, 0x1840, 0x1840, 0x1840, 0x1840, 0x1840, 0x1840, 0x1840,
  0x1840, 0x1840, 0x1840, 0x1840, 0x1820, 0x1840, 0x1040, 0x1820, 0x1840, 0x1840, 0x1840, 0x1840,
  0x1840, 0x1820, 0x1820, 0x1020, 0x1020, 0x1020, 0x1820, 0x1020, 0x1020, 0x1020, 0x1020, 0x1020,
  0x1020, 0x1020, 0x1020, 0x1020, 0x1020, 0x1020, 0x1020, 0x1020, 0x1020, 0x1020, 0x1020, 0x1020,
  0x1020, 0x1020, 0x1020, 0x1020, 0x1020, 0x1020, 0x1020, 0x1020, 0x1020, 0x1020, 0x1020, 0x1020,
  0x1020, 0x1020, 0x1020, 0x1020, 0x1020, 0x1020, 0x1020, 0x1020, 0x1020, 0x1020, 0x1020, 0x1020,
  0x1020, 0x1020, 0x1020, 0x1020, 0x1020, 0x0820, 0x1020, 0x1020, 0x0820, 0x0820, 0x0820, 0x0820,
  0x0820, 0x0820, 0x0800, 0x0820, 0x0800, 0x0800, 0x0800, 0x0820, 0x0800, 0x0800, 0x0800, 0x0800,
  0x0800, 0x0800, 0x0800, 0x0800, 0x0800, 0x0800, 0x0800, 0x0800, 0x0800, 0x0800, 0x0820, 0x0820,
  0x0820, 0x0820, 0x0820, 0x0800, 0x0800, 0x0820, 0x0820, 0x0820, 0x0820, 0x0820, 0x0820, 0x0820,
  0x0820, 0x0820, 0x0820, 0x0820, 0x0820, 0x0820, 0x1020, 0x1020, 0x1020, 0x1020, 0x1020, 0x1020,
  0x1020, 0x1020, 0x1020, 0x1020, 0x1020, 0x1020, 0x1020, 0x1020, 0x1020, 0x1020, 0x1020, 0x1020,
  0x1020, 0x1020, 0x1020, 0x1020, 0x1020, 0x1020, 0x1020, 0x1020, 0x1020, 0x1020, 0x1020, 0x1020,
  0x1020, 0x1020, 0x1020, 0x1020, 0x1020, 0x1020, 0x1020, 0x1020, 0x1020, 0x1020, 0x1020, 0x1040,
  0x1040, 0x1020, 0x1040, 0x1040, 0x1020, 0x1020, 0x1020, 0x1020, 0x1020, 0x1020, 0x1020, 0x1020,
  0x1820, 0x1840, 0x1040, 0x1040, 0x1040, 0x1020, 0x1040, 0x1840, 0x1040, 0x1040, 0x1840, 0x1020,
  0x1020, 0x1020, 0x1040, 0x1040, 0x1840, 0x1840, 0x1840, 0x1840, 0x1840, 0x1840, 0x1840, 0x1840,
  0x1840, 0x1840, 0x1840, 0x1840, 0x1840, 0x1840, 0x1840, 0x1840, 0x1840, 0x1840, 0x1840, 0x1840,
  0x1840, 0x1840, 0x1840, 0x1840, 0x1840, 0x1840, 0x1840, 0x1820, 0x1840, 0x1840, 0x1840, 0x1840,
  0x1840, 0x1840, 0x1840, 0x1840, 0x1840, 0x1840, 0x1840, 0x1840, 0x1840, 0x1840, 0x1840, 0x1840,
  0x1840, 0x1840, 0x1840, 0x1840, 0x1840, 0x1840, 0x1840, 0x1840, 0x1840, 0x1840, 0x1840, 0x1840,
  0x1840, 0x1840, 0x1840, 0x1820, 0x1820, 0x1840, 0x1020, 0x1020, 0x1020, 0x1040, 0x1820, 0x1820,
  0x1040, 0x1020, 0x1020, 0x1020, 0x1020, 0x1020, 0x1020, 0x1020, 0x1020, 0x1020, 0x1020, 0x1020,
  0x1020, 0x1020, 0x1020, 0x1020, 0x1020, 0x1020, 0x1020, 0x1020, 0x1020, 0x1020, 0x1020, 0x1020,
  0x1020, 0x1020, 0x1020, 0x1020, 0x1020, 0x1020, 0x1020, 0x1020, 0x1020, 0x1020, 0x1020, 0x1020,
  0x1020, 0x1020, 0x1020, 0x1020, 0x1020, 0x1020, 0x1020, 0x1020, 0x1020, 0x1020, 0x1020, 0x1020,
  0x1020, 0x1020, 0x1020, 0x1020, 0x0820, 0x0820, 0x0820, 0x0820, 0x0820, 0x0820, 0x0820, 0x0820,
  0x0800, 0x0800, 0x0800, 0x0800, 0x0800, 0x0800, 0x0800, 0x0800, 0x0800, 0x0800, 0x0800, 0x0800,
  0x0800, 0x0800, 0x0800, 0x0800, 0x0800, 0x0800, 0x0800, 0x0800, 0x0800, 0x0800, 0x0820, 0x0800,
  0x0820, 0x0820, 0x0820, 0x0820, 0x0820, 0x0820, 0x0820, 0x0820, 0x0800, 0x0820, 0x0820, 0x0820,
  0x0820, 0x0800, 0x0820, 0x0820, 0x0820, 0x0820, 0x0820, 0x1020, 0x1020, 0x1020, 0x1020, 0x1020,
  0x1020, 0x1020, 0x1020, 0x1020, 0x1020, 0x1020, 0x1020, 0x1020, 0x1020, 0x1020, 0x1020, 0x1020,
  0x1020, 0x1020, 0x1020, 0x1020, 0x1020, 0x1020, 0x1020, 0x1020, 0x1020, 0x1020, 0x1020, 0x1020,
  0x1020, 0x1020, 0x1020, 0x1040, 0x1020, 0x1020, 0x1020, 0x1020, 0x1020, 0x1020, 0x1020, 0x1040,
  0x1040, 0x1020, 0x1040, 0x1040, 0x1020, 0x1020, 0x1020, 0x1020, 0x1020, 0x1020, 0x1020, 0x1040,
  0x1040, 0x1040, 0x1040, 0x1040, 0x1040, 0x1040, 0x1020, 0x1020, 0x1040, 0x1040, 0x1040, 0x1020,
  0x1020, 0x1040, 0x1040, 0x1040, 0x1840, 0x1840, 0x1840, 0x1840, 0x1840, 0x1020, 0x1040, 0x1840,
  0x1840, 0x1840, 0x1840, 0x1840, 0x1840, 0x1840, 0x1840, 0x1840, 0x1840, 0x1840, 0x1840, 0x1840,
  0x1840, 0x1840, 0x1840, 0x1840, 0x1840, 0x1840, 0x1840, 0x1840, 0x1840, 0x1840, 0x1840, 0x1840,
  0x1840, 0x1840, 0x1840, 0x1840, 0x1840, 0x1840, 0x1840, 0x1840, 0x1840, 0x1840, 0x1840, 0x1840,
  0x1840, 0x1840, 0x1840, 0x1840, 0x1840, 0x1820, 0x1020, 0x1020, 0x1840, 0x1840, 0x1840, 0x1840,
  0x1820, 0x1820, 0x1020, 0x1020, 0x1020, 0x1020, 0x1020, 0x1020, 0x1020, 0x1020, 0x1020, 0x1020,
  0x1020, 0x1020, 0x1020, 0x1020, 0x1020, 0x1020, 0x1020, 0x1020, 0x1020, 0x1020, 0x1020, 0x1020,
  0x1020, 0x1020, 0x1020, 0x1020, 0x1020, 0x1020, 0x1020, 0x1020, 0x1020, 0x1020, 0x1020, 0x1020,
  0x1020, 0x1020, 0x1020, 0x1020, 0x1020, 0x1020, 0x1020, 0x1020, 0x1020, 0x1020, 0x1020, 0x1020,
  0x1020, 0x1020, 0x1020, 0x1020, 0x1020, 0x1020, 0x1020, 0x1020, 0x1020, 0x1020, 0x1020, 0x1020,
  0x1020, 0x1020, 0x0820, 0x1020, 0x0820, 0x0820, 0x0820, 0x0820, 0x0820, 0x0820, 0x0820, 0x0820,
  0x0820, 0x0800, 0x0820, 0x0800, 0x0820, 0x0800, 0x0800, 0x0800, 0x0800, 0x0800, 0x0800, 0x0800,
  0x0800, 0x0800, 0x0800, 0x0800, 0x0800, 0x0800, 0x0800, 0x0800, 0x0800, 0x0800, 0x0800, 0x0800,
  0x0800, 0x0800, 0x0820, 0x0800, 0x0820, 0x0820, 0x0820, 0x0800, 0x0800, 0x0800, 0x0820, 0x0820,
  0x0820, 0x0820, 0x0820, 0x0820, 0x0820, 0x0820, 0x0820, 0x0820, 0x1020, 0x1020, 0x0820, 0x1020,
  0x1020, 0x1020, 0x1020, 0x1020, 0x1020, 0x1020, 0x1020, 0x1020, 0x1020, 0x1020, 0x1020, 0x1020,
  0x1020, 0x1020, 0x1020, 0x1020, 0x1020, 0x1020, 0x1020, 0x1020, 0x1020, 0x1020, 0x1020, 0x1020,
  0x1020, 0x1020, 0x1020, 0x1020, 0x1020, 0x1020, 0x1020, 0x1020, 0x1020, 0x1020, 0x1020, 0x1020,
  0x1020, 0x1020, 0x1020, 0x1020, 0x1020, 0x1020, 0x1020, 0x1020, 0x1020, 0x1020, 0x1020, 0x1020,
  0x1040, 0x1020, 0x1040, 0x1040, 0x1040, 0x1040, 0x1040, 0x1040, 0x1020, 0x1020, 0x1040, 0x1040,
  0x1020, 0x1040, 0x1040, 0x1040, 0x1040, 0x1040, 0x1840, 0x1040, 0x1040, 0x1040, 0x1020, 0x1040,
  0x1040, 0x1040, 0x1040, 0x1840, 0x1840, 0x1840, 0x1840, 0x1840, 0x1840, 0x1840, 0x1840, 0x1840,
  0x1840, 0x1840, 0x1840, 0x1840, 0x1840, 0x1040, 0x1040, 0x1040, 0x1840, 0x1840, 0x1840, 0x1840,
  0x1840, 0x1040, 0x1840, 0x1840, 0x1840, 0x1840, 0x1840, 0x1820, 0x1820, 0x1840, 0x1820, 0x1840,
  0x1840, 0x1840, 0x1840, 0x1840, 0x1840, 0x1020, 0x1020, 0x1020, 0x1040, 0x1020, 0x1820, 0x1840,
  0x1040, 0x1040, 0x1040, 0x1020, 0x1040, 0x1020, 0x1020, 0x1020, 0x1020, 0x1020, 0x1020, 0x1020,
  0x1020, 0x1020, 0x1020, 0x1020, 0x1020, 0x1020, 0x1020, 0x1020, 0x1020, 0x1020, 0x1020, 0x1020,
  0x1020, 0x1020, 0x1020, 0x1020, 0x1020, 0x1020, 0x1020, 0x1020, 0x1020, 0x1020, 0x1020, 0x1020,
  0x1020, 0x1020, 0x1020, 0x1020, 0x1020, 0x1020, 0x1020, 0x1020, 0x1020, 0x1020, 0x1020, 0x1020,
  0x1020, 0x1020, 0x1020, 0x1020, 0x1020, 0x1020, 0x1020, 0x1020, 0x1020, 0x1020, 0x1020, 0x1020,
  0x0820, 0x1020, 0x0820, 0x0800, 0x0820, 0x0820, 0x0820, 0x0820, 0x0820, 0x0820, 0x0820, 0x0820,
  0x0820, 0x0800, 0x0820, 0x0800, 0x0800, 0x0800, 0x0800, 0x0800, 0x0800, 0x0800, 0x0800, 0x0800,
  0x0800, 0x0800, 0x0800, 0x0800, 0x0800, 0x0800, 0x0800, 0x0800, 0x0800, 0x0800, 0x0800, 0x0800,
  0x0800, 0x0820, 0x0800, 0x0800, 0x0820, 0x0820, 0x0820, 0x0820, 0x0820, 0x0800, 0x0820, 0x0820,
  0x0820, 0x0820, 0x0820, 0x0820, 0x0820, 0x0820, 0x0820, 0x0820, 0x0820, 0x0820, 0x0820, 0x0820,
  0x1020, 0x1020, 0x1020, 0x1020, 0x1020, 0x1020, 0x1020, 0x1020, 0x1020, 0x1020, 0x1020, 0x1020,
  0x1020, 0x1020, 0x1020, 0x1020, 0x1020, 0x1020, 0x1020, 0x1020, 0x1020, 0x1020, 0x1020, 0x1020,
  0x1020, 0x1020, 0x1020, 0x1020, 0x1020, 0x1020, 0x1020, 0x1020, 0x1020, 0x1020, 0x1020, 0x1020,
  0x1020, 0x1020, 0x1020, 0x1020, 0x1020, 0x1040, 0x1020, 0x1020, 0x1020, 0x1020, 0x1020, 0x1020,
  0x1020, 0x1040, 0x1040, 0x1040, 0x1020, 0x1040, 0x1020, 0x1020, 0x1020, 0x1020, 0x1040, 0x1020,
  0x1040, 0x1040, 0x1040, 0x1040, 0x1020, 0x1040, 0x1020, 0x1040, 0x1040, 0x1020, 0x1020, 0x1040,
  0x1040, 0x1040, 0x1040, 0x1040, 0x1040, 0x1040, 0x1040, 0x1040, 0x1040, 0x1040, 0x1040, 0x1040,
  0x1040, 0x1040, 0x1040, 0x1040, 0x1040, 0x1040, 0x1040, 0x1040, 0x1840, 0x1040, 0x1020, 0x1040,
  0x1040, 0x1020, 0x1040, 0x1020, 0x1040, 0x1020, 0x1040, 0x1020, 0x1020, 0x1020, 0x1020, 0x1820,
  0x1840, 0x1840, 0x1840, 0x1040, 0x1020, 0x1020, 0x1020, 0x1040, 0x1020, 0x1020, 0x1040, 0x1040,
  0x1040, 0x1040, 0x1020, 0x1020, 0x1020, 0x1020, 0x1020, 0x1020, 0x1020, 0x1020, 0x1020, 0x1020,
  0x1020, 0x1020, 0x1020, 0x1020, 0x1020, 0x1020, 0x1020, 0x1020, 0x1020, 0x1020, 0x1020, 0x1020,
  0x1020, 0x1020, 0x1020, 0x1020, 0x1020, 0x1020, 0x1020, 0x1020, 0x1020, 0x1020, 0x1020, 0x1020,
  0x1020, 0x1020, 0x1020, 0x1020, 0x1020, 0x1020, 0x1020, 0x1020, 0x1020, 0x1020, 0x1020, 0x1020,
  0x1020, 0x1020, 0x1020, 0x1020, 0x1020, 0x1020, 0x0820, 0x1020, 0x1020, 0x1020, 0x1020, 0x1020,
  0x0820, 0x0820, 0x0800, 0x0820, 0x0820, 0x0820, 0x0820, 0x0820, 0x0820, 0x0820, 0x0820, 0x0820,
  0x0800, 0x0800, 0x0820, 0x0800, 0x0800, 0x0800, 0x0800, 0x0800, 0x0800, 0x0800, 0x0800, 0x0800,
  0x0800, 0x0800, 0x0800, 0x0800, 0x0800, 0x0800, 0x0800, 0x0800, 0x0800, 0x0800, 0x0800, 0x0800,
  0x0800, 0x0800, 0x0820, 0x0800, 0x0800, 0x0820, 0x0800, 0x0820, 0x0800, 0x0800, 0x0820, 0x0820,
  0x0820, 0x0820, 0x0820, 0x0820, 0x0820, 0x0820, 0x0820, 0x0820, 0x0820, 0x0820, 0x0820, 0x0820,
  0x1020, 0x1020, 0x1020, 0x1020, 0x1020, 0x1020, 0x1020, 0x1020, 0x1020, 0x1020, 0x1020, 0x1020,
  0x1020, 0x1020, 0x1020, 0x1020, 0x1020, 0x1020, 0x1020, 0x1020, 0x1020, 0x1020, 0x1020, 0x1020,
  0x1020, 0x1020, 0x1020, 0x1020, 0x1020, 0x1020, 0x1020, 0x1020, 0x1020, 0x1020, 0x1020, 0x1020,
  0x1020, 0x1020, 0x1020, 0x1020, 0x1020, 0x1020, 0x1020, 0x1020, 0x1020, 0x1020, 0x1020, 0x1020,
  0x1020, 0x1020, 0x1040, 0x1040, 0x1040, 0x1040, 0x1040, 0x1020, 0x1020, 0x1020, 0x1040, 0x1020,
  0x1020, 0x1040, 0x1040, 0x1040, 0x1020, 0x1020, 0x1040, 0x1020, 0x1020, 0x1020, 0x1040, 0x1020,
  0x1020, 0x1040, 0x1040, 0x1020, 0x1040, 0x1020, 0x1040, 0x1040, 0x1040, 0x1040, 0x1040, 0x1040,
  0x1040, 0x1020, 0x1040, 0x1040, 0x1020, 0x1040, 0x1020, 0x1040, 0x1040, 0x1020, 0x1020, 0x1020,
  0x1020, 0x1020, 0x1020, 0x1020, 0x1020, 0x1020, 0x1040, 0x1020, 0x1020, 0x1020, 0x1020, 0x1040,
  0x1020, 0x1020, 0x1020, 0x1020, 0x1040, 0x1040, 0x1040, 0x1040, 0x1020, 0x1020, 0x1020, 0x1020,
  0x1020, 0x1020, 0x1020, 0x1020, 0x1020, 0x1020, 0x1020, 0x1020, 0x1020, 0x1020, 0x1020, 0x1020,
  0x1020, 0x1020, 0x1020, 0x1020, 0x1020, 0x1020, 0x1020, 0x1020, 0x1020, 0x1020, 0x1020, 0x1020,
  0x1020, 0x1020, 0x1020, 0x1020, 0x1020, 0x1020, 0x1020, 0x1020, 0x1020, 0x1020, 0x1020, 0x1020,
  0x1020, 0x1020, 0x1020, 0x1020, 0x1020, 0x1020, 0x1020, 0x1020, 0x1020, 0x1020, 0x1020, 0x1020,
  0x1020, 0x1020, 0x1020, 0x1020, 0x1020, 0x0820, 0x1020, 0x0820, 0x1020, 0x0820, 0x0820, 0x0800,
  0x0820, 0x0800, 0x0820, 0x0820, 0x0820, 0x0820, 0x0800, 0x0820, 0x0820, 0x0820, 0x0820, 0x0800,
  0x0800, 0x0800, 0x0800, 0x0800, 0x0800, 0x0800, 0x0800, 0x0800, 0x0800, 0x0800, 0x0800, 0x0800,
  0x0800, 0x0800, 0x0800, 0x0800, 0x0800, 0x0800, 0x0800, 0x0800, 0x0800, 0x0800, 0x0800, 0x0800,
  0x0800, 0x0800, 0x0800, 0x0800, 0x0800, 0x0820, 0x0820, 0x0820, 0x0820, 0x0820, 0x0800, 0x0820,
  0x0820, 0x0820, 0x0820, 0x0820, 0x0820, 0x0820, 0x0820, 0x0820, 0x0820, 0x0820, 0x0820, 0x0820,
  0x0820, 0x0820, 0x1020, 0x1020, 0x0820, 0x1020, 0x1020, 0x1020, 0x1020, 0x1020, 0x1020, 0x1020,
  0x1020, 0x1020, 0x1020, 0x1020, 0x1020, 0x1020, 0x1020, 0x1020, 0x1020, 0x1020, 0x1020, 0x1020,
  0x1020, 0x1020, 0x1020, 0x1020, 0x1020, 0x1020, 0x1020, 0x1020, 0x1020, 0x1020, 0x1020, 0x1020,
  0x1020, 0x1020, 0x1020, 0x1020, 0x1020, 0x1020, 0x1020, 0x1020, 0x1020, 0x1020, 0x1020, 0x1020,
  0x1020, 0x1020, 0x1020, 0x1040, 0x1020, 0x1020, 0x1020, 0x1020, 0x1020, 0x1020, 0x1020, 0x1020,
  0x1020, 0x1020, 0x1040, 0x1040, 0x1040, 0x1020, 0x1020, 0x1020, 0x1020, 0x1020, 0x1020, 0x1020,
  0x1020, 0x1020, 0x1040, 0x1040, 0x1040, 0x1040, 0x1040, 0x1040, 0x1040, 0x1040, 0x1040, 0x1040,
  0x1040, 0x1020, 0x1040, 0x1020, 0x1040, 0x1020, 0x1040, 0x1040, 0x1040, 0x1020, 0x1020, 0x1020,
  0x1040, 0x1020, 0x1020, 0x1020, 0x1040, 0x1040, 0x1040, 0x1020, 0x1020, 0x1020, 0x1020, 0x1020,
  0x1020, 0x1040, 0x1020, 0x1020, 0x1020, 0x1020, 0x1020, 0x1020, 0x1020, 0x1040, 0x1020, 0x1020,
  0x1020, 0x1020, 0x1020, 0x1020, 0x1020, 0x1020, 0x1020, 0x1020, 0x1020, 0x1020, 0x1020, 0x1020,
  0x1020, 0x1020, 0x1020, 0x1020, 0x1020, 0x1020, 0x1020, 0x1020, 0x1020, 0x1020, 0x1020, 0x1020,
  0x1020, 0x1020, 0x1020, 0x1020, 0x1020, 0x1020, 0x1020, 0x1020, 0x1020, 0x1020, 0x1020, 0x1020,
  0x1020, 0x1020, 0x1020, 0x1020, 0x1020, 0x1020, 0x1020, 0x1020, 0x1020, 0x1020, 0x1020, 0x1020,
  0x1020, 0x1020, 0x1020, 0x1020, 0x1020, 0x0820, 0x0820, 0x0820, 0x0820, 0x0820, 0x0820, 0x0820,
  0x0800, 0x0800, 0x0820, 0x0820, 0x0820, 0x0820, 0x0800, 0x0820, 0x0800, 0x0820, 0x0800, 0x0800,
  0x0800, 0x0800, 0x0800, 0x0800, 0x0800, 0x0820, 0x0800, 0x0800, 0x0800, 0x0800, 0x0800, 0x0800,
  0x0800, 0x0800, 0x0800, 0x0800, 0x0800, 0x0800, 0x0800, 0x0800, 0x0800, 0x0800, 0x0800, 0x0800,
  0x0800, 0x0800, 0x0800, 0x0800, 0x0800, 0x0800, 0x0800, 0x0820, 0x0820, 0x0820, 0x0800, 0x0820,
  0x0820, 0x0820, 0x0820, 0x0820, 0x0820, 0x0820, 0x0820, 0x0820, 0x0820, 0x0820, 0x0820, 0x0820,
  0x0820, 0x0820, 0x0820, 0x0820, 0x0820, 0x0820, 0x0820, 0x1020, 0x1020, 0x1020, 0x1020, 0x1020,
  0x1020, 0x1020, 0x1020, 0x1020, 0x1020, 0x1020, 0x1020, 0x1020, 0x1020, 0x1020, 0x1020, 0x1020,
  0x1020, 0x1020, 0x1020, 0x1020, 0x1020, 0x1020, 0x1020, 0x1020, 0x1020, 0x1020, 0x1020, 0x1020,
  0x1020, 0x1020, 0x1020, 0x1020, 0x1020, 0x1020, 0x1020, 0x1020, 0x1020, 0x1020, 0x1020, 0x1020,
  0x1020, 0x1020, 0x1020, 0x1040, 0x1020, 0x1020, 0x1020, 0x1020, 0x1020, 0x1020, 0x1020, 0x1020,
  0x1020, 0x1020, 0x1020, 0x1020, 0x1040, 0x1040, 0x1040, 0x1040, 0x1020, 0x1020, 0x1020, 0x1020,
  0x1040, 0x1040, 0x1040, 0x1020, 0x1020, 0x1040, 0x1040, 0x1020, 0x1040, 0x1040, 0x1040, 0x1020,
  0x1040, 0x1020, 0x1020, 0x1020, 0x1020, 0x1020, 0x1040, 0x1040, 0x1020, 0x1020, 0x1020, 0x1020,
  0x1020, 0x1040, 0x1040, 0x1040, 0x1040, 0x1040, 0x1040, 0x1020, 0x1020, 0x1020, 0x1020, 0x1020,
  0x1020, 0x1040, 0x1020, 0x1020, 0x1020, 0x1040, 0x1040, 0x1020, 0x1020, 0x1020, 0x1020, 0x1020,
  0x1020, 0x1020, 0x1020, 0x1020, 0x1020, 0x1020, 0x1020, 0x1020, 0x1020, 0x1020, 0x1020, 0x1020,
  0x1020, 0x1020, 0x1020, 0x1020, 0x1020, 0x1020, 0x1020, 0x1020, 0x1020, 0x1020, 0x1020, 0x1020,
  0x1020, 0x1020, 0x1020, 0x1020, 0x1020, 0x1020, 0x1020, 0x1020, 0x1020, 0x1020, 0x1020, 0x1020,
  0x1020, 0x1020, 0x1020, 0x1020, 0x1020, 0x1020, 0x1020, 0x1020, 0x1020, 0x1020, 0x1020, 0x1020,
  0x0820, 0x0820, 0x0820, 0x0820, 0x0820, 0x0820, 0x0820, 0x0820, 0x0820, 0x0820, 0x0820, 0x0820,
  0x0820, 0x0820, 0x0820, 0x0820, 0x0820, 0x0820, 0x0820, 0x0820, 0x0800, 0x0800, 0x0800, 0x0800,
  0x0800, 0x0800, 0x0800, 0x0800, 0x0800, 0x0800, 0x0800, 0x0800, 0x0800, 0x0800, 0x0800, 0x0800,
  0x0800, 0x0800, 0x0800, 0x0800, 0x0800, 0x0800, 0x0800, 0x0800, 0x0800, 0x0800, 0x0800, 0x0800,
  0x0800, 0x0800, 0x0800, 0x0800, 0x0800, 0x0800, 0x0800, 0x0800, 0x0800, 0x0800, 0x0820, 0x0800,
  0x0800, 0x0820, 0x0820, 0x0820, 0x0820, 0x0820, 0x0820, 0x0820, 0x0820, 0x0820, 0x0820, 0x0820,
  0x0820, 0x0820, 0x0820, 0x0820, 0x0820, 0x0820, 0x1020, 0x1020, 0x0820, 0x0820, 0x1020, 0x1020,
  0x1020, 0x1020, 0x1020, 0x1020, 0x1020, 0x1020, 0x1020, 0x1020, 0x1020, 0x1020, 0x1020, 0x1020,
  0x1020, 0x1020, 0x1020, 0x1020, 0x1020, 0x1020, 0x1020, 0x1020, 0x1020, 0x1020, 0x1020, 0x1020,
  0x1020, 0x1020, 0x1020, 0x1020, 0x1020, 0x1020, 0x1020, 0x1020, 0x1020, 0x1020, 0x1020, 0x1020,
  0x1020, 0x1020, 0x1020, 0x1020, 0x1020, 0x1020, 0x1020, 0x1020, 0x1020, 0x1020, 0x1020, 0x1020,
  0x1020, 0x1020, 0x1020, 0x1020, 0x1020, 0x1040, 0x1020, 0x1020, 0x1020, 0x1020, 0x1020, 0x1020,
  0x1020, 0x1020, 0x1020, 0x1020, 0x1020, 0x1020, 0x1020, 0x1020, 0x1020, 0x1040, 0x1020, 0x1020,
  0x1020, 0x1040, 0x1020, 0x1020, 0x1020, 0x1020, 0x1040, 0x1020, 0x1020, 0x1020, 0x1020, 0x1020,
  0x1020, 0x1020, 0x1040, 0x1020, 0x1020, 0x1040, 0x1020, 0x1020, 0x1020, 0x1020, 0x1020, 0x1020,
  0x1020, 0x1020, 0x1020, 0x1020, 0x1020, 0x1020, 0x1020, 0x1020, 0x1020, 0x1020, 0x1020, 0x1020,
  0x1020, 0x1020, 0x1020, 0x1020, 0x1020, 0x1020, 0x1020, 0x1020, 0x1020, 0x1020, 0x1020, 0x1020,
  0x1020, 0x1020, 0x1020, 0x1020, 0x1020, 0x1020, 0x1020, 0x1020, 0x1020, 0x1020, 0x1020, 0x1020,
  0x1020, 0x1020, 0x1020, 0x1020, 0x1020, 0x1020, 0x1020, 0x1020, 0x1020, 0x1020, 0x1020, 0x1020,
  0x1020, 0x1020, 0x1020, 0x1020, 0x1020, 0x1020, 0x1020, 0x1020, 0x1020, 0x1020, 0x1020, 0x0820,
  0x0820, 0x0820, 0x0820, 0x0820, 0x0820, 0x0820, 0x0820, 0x0820, 0x0820, 0x0800, 0x0820, 0x0820,
  0x0820, 0x0820, 0x0820, 0x0800, 0x0820, 0x0820, 0x0800, 0x0800, 0x0800, 0x0820, 0x0800, 0x0800,
  0x0800, 0x0800, 0x0800, 0x0800, 0x0800, 0x0800, 0x0800, 0x0800, 0x0800, 0x0800, 0x0800, 0x0800,
  0x0800, 0x0800, 0x0800, 0x0800, 0x0800, 0x0800, 0x0800, 0x0800, 0x0800, 0x0800, 0x0800, 0x0800,
  0x0800, 0x0800, 0x0800, 0x0800, 0x0800, 0x0800, 0x0800, 0x0800, 0x0800, 0x0800, 0x0820, 0x0800,
  0x0800, 0x0820, 0x0820, 0x0820, 0x0820, 0x0820, 0x0820, 0x0820, 0x0820, 0x0820, 0x0820, 0x0820,
  0x0820, 0x0820, 0x0820, 0x0820, 0x0820, 0x0820, 0x0820, 0x0820, 0x0820, 0x0820, 0x0820, 0x0820,
  0x1020, 0x1020, 0x1020, 0x1020, 0x1020, 0x1020, 0x1020, 0x1020, 0x1020, 0x1020, 0x1020, 0x1020,
  0x1020, 0x1020, 0x1020, 0x1020, 0x1020, 0x1020, 0x1020, 0x1020, 0x1020, 0x1020, 0x1020, 0x1020,
  0x1020, 0x1020, 0x1020, 0x1020, 0x1020, 0x1020, 0x1020, 0x1020, 0x1020, 0x1020, 0x1020, 0x1020,
  0x1020, 0x1020, 0x1020, 0x1020, 0x1020, 0x1020, 0x1020, 0x1020, 0x1020, 0x1020, 0x1020, 0x1020,
  0x1020, 0x1020, 0x1020, 0x1020, 0x1020, 0x1020, 0x1020, 0x1020, 0x1020, 0x1020, 0x1020, 0x1020,
  0x1020, 0x1020, 0x1020, 0x1020, 0x1020, 0x1020, 0x1020, 0x1020, 0x1020, 0x1020, 0x1020, 0x1020,
  0x1020, 0x1020, 0x1020, 0x1020, 0x1020, 0x1020, 0x1020, 0x1020, 0x1020, 0x1020, 0x1020, 0x1020,
  0x1040, 0x1020, 0x1020, 0x1020, 0x1020, 0x1040, 0x1040, 0x1020, 0x1020, 0x1020, 0x1020, 0x1020,
  0x1020, 0x1020, 0x1020, 0x1020, 0x1020, 0x1020, 0x1020, 0x1020, 0x1020, 0x1020, 0x1020, 0x1020,
  0x1020, 0x1020, 0x1020, 0x1020, 0x1020, 0x1020, 0x1020, 0x1020, 0x1020, 0x1020, 0x1020, 0x1020,
  0x1020, 0x1020, 0x1020, 0x1020, 0x1020, 0x1020, 0x1020, 0x1020, 0x1020, 0x1020, 0x1020, 0x1020,
  0x1020, 0x1020, 0x1020, 0x1020, 0x1020, 0x1020, 0x1020, 0x1020, 0x1020, 0x1020, 0x1020, 0x1020,
  0x1020, 0x1020, 0x0820, 0x1020, 0x1020, 0x1020, 0x1020, 0x1020, 0x1020, 0x0820, 0x0820, 0x0820,
  0x0820, 0x0820, 0x0820, 0x0820, 0x0820, 0x0820, 0x0820, 0x0820, 0x0820, 0x0800, 0x0820, 0x0820,
  0x0820, 0x0820, 0x0820, 0x0820, 0x0820, 0x0820, 0x0820, 0x0820, 0x0820, 0x0800, 0x0800, 0x0800,
  0x0800, 0x0800, 0x0800, 0x0800, 0x0800, 0x0800, 0x0800, 0x0800, 0x0800, 0x0800, 0x0800, 0x0800,
  0x0800, 0x0800, 0x0800, 0x0800, 0x0800, 0x0800, 0x0800, 0x0800, 0x0800, 0x0800, 0x0800, 0x0800,
  0x0800, 0x0800, 0x0800, 0x0800, 0x0800, 0x0800, 0x0800, 0x0800, 0x0800, 0x0800, 0x0800, 0x0800,
  0x0820, 0x0820, 0x0820, 0x0820, 0x0820, 0x0800, 0x0820, 0x0820, 0x0820, 0x0820, 0x0820, 0x0820,
  0x0820, 0x0820, 0x0820, 0x0820, 0x0820, 0x0820, 0x0820, 0x0820, 0x0820, 0x0820, 0x0820, 0x0820,
  0x1020, 0x1020, 0x1020, 0x0820, 0x1020, 0x1020, 0x0820, 0x1020, 0x1020, 0x1020, 0x1020, 0x1020,
  0x1020, 0x1020, 0x1020, 0x1020, 0x1020, 0x1020, 0x1020, 0x1020, 0x1020, 0x1020, 0x1020, 0x1020,
  0x1020, 0x1020, 0x1020, 0x1020, 0x1020, 0x1020, 0x1020, 0x1020, 0x1020, 0x1020, 0x1020, 0x1020,
  0x1020, 0x1020, 0x1020, 0x1020, 0x1020, 0x1020, 0x1020, 0x1020, 0x1020, 0x1020, 0x1020, 0x1020,
  0x1020, 0x1020, 0x1020, 0x1020, 0x1020, 0x1020, 0x1020, 0x1020, 0x1020, 0x1020, 0x1020, 0x1020,
  0x1020, 0x1020, 0x1020, 0x1020, 0x1020, 0x1020, 0x1020, 0x1020, 0x1020, 0x1020, 0x1020, 0x1020,
  0x1020, 0x1020, 0x1020, 0x1020, 0x1020, 0x1020, 0x1020, 0x1020, 0x1020, 0x1020, 0x1020, 0x1020,
  0x1020, 0x1020, 0x1020, 0x1020, 0x1020, 0x1020, 0x1020, 0x1020, 0x1040, 0x1020, 0x1020, 0x1020,
  0x1020, 0x1020, 0x1020, 0x1020, 0x1020, 0x1020, 0x1020, 0x1020, 0x1020, 0x1020, 0x1020, 0x1020,
  0x1020, 0x1020, 0x1020, 0x1020, 0x1020, 0x1020, 0x1020, 0x1020, 0x1020, 0x1020, 0x1020, 0x1020,
  0x1020, 0x1020, 0x1020, 0x1020, 0x1020, 0x1020, 0x1020, 0x1020, 0x1020, 0x1020, 0x1020, 0x1020,
  0x1020, 0x1020, 0x1020, 0x1020, 0x1020, 0x1020, 0x1020, 0x1020, 0x1020, 0x1020, 0x1020, 0x1020,
  0x0820, 0x0820, 0x0820, 0x0820, 0x0820, 0x1020, 0x0820, 0x0820, 0x1020, 0x0820, 0x0820, 0x0820,
  0x0820, 0x0820, 0x0800, 0x0820, 0x0820, 0x0820, 0x0820, 0x0820, 0x0800, 0x0820, 0x0820, 0x0820,
  0x0820, 0x0800, 0x0820, 0x0820, 0x0820, 0x0800, 0x0820, 0x0820, 0x0820, 0x0800, 0x0800, 0x0800,
  0x0800, 0x0800, 0x0800, 0x0800, 0x0800, 0x0800, 0x0800, 0x0800, 0x0800, 0x0800, 0x0800, 0x0800,
  0x0000, 0x0800, 0x0800, 0x0800, 0x0800, 0x0800, 0x0800, 0x0800, 0x0800, 0x0800, 0x0800, 0x0800,
  0x0800, 0x0800, 0x0800, 0x0800, 0x0800, 0x0800, 0x0800, 0x0800, 0x0800, 0x0800, 0x0800, 0x0800,
  0x0800, 0x0800, 0x0820, 0x0820, 0x0820, 0x0820, 0x0820, 0x0820, 0x0820, 0x0820, 0x0820, 0x0820,
  0x0820, 0x0820, 0x0820, 0x0820, 0x0820, 0x0820, 0x0820, 0x0820, 0x0820, 0x0820, 0x0820, 0x0820,
  0x1020, 0x1020, 0x0820, 0x1020, 0x1020, 0x0820, 0x0820, 0x1020, 0x1020, 0x0820, 0x1020, 0x1020,
  0x1020, 0x1020, 0x1020, 0x1020, 0x1020, 0x1020, 0x1020, 0x1020, 0x1020, 0x1020, 0x1020, 0x1020,
  0x1020, 0x1020, 0x1020, 0x1020, 0x1020, 0x1020, 0x1020, 0x1020, 0x1020, 0x1020, 0x1020, 0x1020,
  0x1020, 0x1020, 0x1020, 0x1020, 0x1020, 0x1020, 0x1020, 0x1020, 0x1020, 0x1020, 0x1020, 0x1020,
  0x1020, 0x1020, 0x1020, 0x1020, 0x1020, 0x1020, 0x1020, 0x1020, 0x1020, 0x1020, 0x1020, 0x1020,
  0x1020, 0x1020, 0x1020, 0x1020, 0x1020, 0x1020, 0x1020, 0x1020, 0x1020, 0x1020, 0x1020, 0x1020,
  0x1020, 0x1020, 0x1020, 0x1020, 0x1020, 0x1020, 0x1020, 0x1020, 0x1020, 0x1020, 0x1020, 0x1020,
  0x1020, 0x1020, 0x1020, 0x1020, 0x1020, 0x1020, 0x1020, 0x1020, 0x1020, 0x1020, 0x1020, 0x1020,
  0x1020, 0x1020, 0x1020, 0x1020, 0x1020, 0x1020, 0x1020, 0x1020, 0x1020, 0x1020, 0x1020, 0x1020,
  0x1020, 0x1020, 0x1020, 0x1020, 0x1020, 0x1020, 0x1020, 0x1020, 0x1020, 0x1020, 0x1020, 0x1020,
  0x1020, 0x1020, 0x1020, 0x1020, 0x1020, 0x1020, 0x1020, 0x1020, 0x1020, 0x1020, 0x1020, 0x1020,
  0x1020, 0x1020, 0x1020, 0x1020, 0x1020, 0x1020, 0x1020, 0x1020, 0x1020, 0x1020, 0x0820, 0x0820,
  0x0820, 0x0820, 0x0820, 0x0820, 0x0820, 0x0820, 0x0820, 0x0820, 0x0820, 0x0820, 0x0820, 0x0820,
  0x0820, 0x0800, 0x0800, 0x0820, 0x0820, 0x0820, 0x0820, 0x0820, 0x0820, 0x0820, 0x0820, 0x0820,
  0x0800, 0x0800, 0x0820, 0x0820, 0x0820, 0x0800, 0x0800, 0x0800, 0x0800, 0x0800, 0x0800, 0x0800,
  0x0800, 0x0800, 0x0800, 0x0800, 0x0800, 0x0800, 0x0800, 0x0800, 0x0800, 0x0800, 0x0800, 0x0800,
  0x0000, 0x0000, 0x0000, 0x0800, 0x0800, 0x0800, 0x0800, 0x0800, 0x0800, 0x0800, 0x0800, 0x0800,
  0x0800, 0x0800, 0x0800, 0x0800, 0x0800, 0x0800, 0x0800, 0x0800, 0x0800, 0x0800, 0x0800, 0x0800,
  0x0800, 0x0800, 0x0800, 0x0800, 0x0820, 0x0820, 0x0820, 0x0820, 0x0820, 0x0820, 0x0820, 0x0820,
  0x0820, 0x0820, 0x0820, 0x0820, 0x0820, 0x0820, 0x0820, 0x0820, 0x0820, 0x0820, 0x0820, 0x0820,
  0x0820, 0x0820, 0x1020, 0x0820, 0x0820, 0x1020, 0x0820, 0x0820, 0x1020, 0x1020, 0x1020, 0x1020,
  0x1020, 0x1020, 0x1020, 0x1020, 0x1020, 0x1020, 0x1020, 0x1020, 0x1020, 0x1020, 0x1020, 0x1020,
  0x1020, 0x1020, 0x1020, 0x1020, 0x1020, 0x1020, 0x1020, 0x1020, 0x1020, 0x1020, 0x1020, 0x1020,
  0x1020, 0x1020, 0x1020, 0x1020, 0x1020, 0x1020, 0x1020, 0x1020, 0x1020, 0x1020, 0x1020, 0x1020,
  0x1020, 0x1020, 0x1020, 0x1020, 0x1020, 0x1020, 0x1020, 0x1020, 0x1020, 0x1020, 0x1020, 0x1020,
  0x1020, 0x1020, 0x1020, 0x1020, 0x1020, 0x1020, 0x1020, 0x1020, 0x1020, 0x1020, 0x1020, 0x1020,
  0x1020, 0x1020, 0x1020, 0x1020, 0x1020, 0x1020, 0x1020, 0x1020, 0x1020, 0x1020, 0x1020, 0x1020,
  0x1020, 0x1020, 0x1020, 0x1020, 0x1020, 0x1020, 0x1020, 0x1020, 0x1020, 0x1020, 0x1020, 0x1020,
  0x1020, 0x1020, 0x1020, 0x1020, 0x1020, 0x1020, 0x1020, 0x1020, 0x1020, 0x1020, 0x1020, 0x1020,
  0x1020, 0x1020, 0x1020, 0x1020, 0x1020, 0x1020, 0x1020, 0x1020, 0x1020, 0x1020, 0x1020, 0x1020,
  0x1020, 0x1020, 0x1020, 0x1020, 0x1020, 0x1020, 0x1020, 0x1020, 0x1020, 0x1020, 0x1020, 0x1020,
  0x1020, 0x1020, 0x1020, 0x1020, 0x1020, 0x1020, 0x1020, 0x1020, 0x1020, 0x0820, 0x0820, 0x0820,
  0x0820, 0x0820, 0x0820, 0x0820, 0x0820, 0x0820, 0x0820, 0x0820, 0x0820, 0x0820, 0x0820, 0x0820,
  0x0820, 0x0800, 0x0800, 0x0820, 0x0820, 0x0800, 0x0800, 0x0820, 0x0800, 0x0800, 0x0800, 0x0800,
  0x0800, 0x0800, 0x0800, 0x0800, 0x0800, 0x0800, 0x0800, 0x0800, 0x0800, 0x0800, 0x0800, 0x0800,
  0x0800, 0x0800, 0x0800, 0x0800, 0x0800, 0x0800, 0x0800, 0x0800, 0x0800, 0x0000, 0x0800, 0x0800,
  0x0000, 0x0000, 0x0000, 0x0800, 0x0800, 0x0800, 0x0800, 0x0800, 0x0800, 0x0800, 0x0800, 0x0800,
  0x0800, 0x0800, 0x0800, 0x0800, 0x0800, 0x0800, 0x0800, 0x0800, 0x0800, 0x0800, 0x0800, 0x0800,
  0x0800, 0x0800, 0x0800, 0x0800, 0x0820, 0x0800, 0x0800, 0x0820, 0x0820, 0x0820, 0x0820, 0x0820,
  0x0820, 0x0820, 0x0820, 0x0820, 0x0820, 0x0820, 0x0820, 0x0820, 0x0820, 0x0820, 0x0820, 0x0820,
  0x0820, 0x0820, 0x0820, 0x0820, 0x0820, 0x0820, 0x0820, 0x0820, 0x1020, 0x0820, 0x1020, 0x0820,
  0x0820, 0x1020, 0x1020, 0x1020, 0x1020, 0x1020, 0x1020, 0x1020, 0x1020, 0x1020, 0x1020, 0x1020,
  0x1020, 0x1020, 0x1020, 0x1020, 0x1020, 0x1020, 0x1020, 0x1020, 0x1020, 0x1020, 0x1020, 0x1020,
  0x1020, 0x1020, 0x1020, 0x1020, 0x1020, 0x1020, 0x1020, 0x1020, 0x1020, 0x1020, 0x1020, 0x1020,
  0x1020, 0x1020, 0x1020, 0x1020, 0x1020, 0x1020, 0x1020, 0x1020, 0x1020, 0x1020, 0x1020, 0x1020,
  0x1020, 0x1020, 0x1020, 0x1020, 0x1020, 0x1020, 0x1020, 0x1020, 0x1020, 0x1020, 0x1020, 0x1020,
  0x1020, 0x1020, 0x1020, 0x1020, 0x1020, 0x1020, 0x1020, 0x1020, 0x1020, 0x1020, 0x1020, 0x1020,
  0x1020, 0x1020, 0x1020, 0x1020, 0x1020, 0x1020, 0x1020, 0x1020, 0x1020, 0x1020, 0x1020, 0x1020,
  0x1020, 0x1020, 0x1020, 0x1020, 0x1020, 0x1020, 0x1020, 0x1020, 0x1020, 0x1020, 0x1020, 0x1020,
  0x1020, 0x1020, 0x1020, 0x1020, 0x1020, 0x1020, 0x1020, 0x1020, 0x1020, 0x1020, 0x1020, 0x1020,
  0x1020, 0x1020, 0x1020, 0x1020, 0x1020, 0x1020, 0x1020, 0x1020, 0x1020, 0x1020, 0x1020, 0x1020,
  0x1020, 0x1020, 0x1020, 0x1020, 0x1020, 0x1020, 0x1020, 0x0820, 0x0820, 0x0820, 0x0820, 0x0820,
  0x0820, 0x0820, 0x0820, 0x0820, 0x0820, 0x0820, 0x0820, 0x0820, 0x0820, 0x0820, 0x0820, 0x0820,
  0x0800, 0x0800, 0x0800, 0x0820, 0x0800, 0x0800, 0x0800, 0x0800, 0x0800, 0x0820, 0x0800, 0x0800,
  0x0800, 0x0800, 0x0800, 0x0800, 0x0800, 0x0800, 0x0800, 0x0800, 0x0800, 0x0800, 0x0800, 0x0800,
  0x0800, 0x0800, 0x0800, 0x0800, 0x0800, 0x0800, 0x0800, 0x0800, 0x0800, 0x0000, 0x0000, 0x0800,
  0x0000, 0x0000, 0x0000, 0x0000, 0x0800, 0x0000, 0x0800, 0x0800, 0x0800, 0x0800, 0x0800, 0x0800,
  0x0800, 0x0800, 0x0800, 0x0800, 0x0800, 0x0800, 0x0800, 0x0800, 0x0800, 0x0800, 0x0800, 0x0800,
  0x0800, 0x0800, 0x0800, 0x0800, 0x0800, 0x0800, 0x0800, 0x0800, 0x0800, 0x0800, 0x0820, 0x0820,
  0x0820, 0x0820, 0x0820, 0x0820, 0x0820, 0x0820, 0x0820, 0x0820, 0x0820, 0x0820, 0x0820, 0x0820,
  0x0820, 0x0820, 0x0820, 0x0820, 0x0820, 0x0820, 0x0820, 0x0820, 0x0820, 0x0820, 0x0820, 0x0820,
  0x0820, 0x1020, 0x1020, 0x1020, 0x1020, 0x1020, 0x1020, 0x1020, 0x1020, 0x1020, 0x1020, 0x1020,
  0x1020, 0x1020, 0x1020, 0x1020, 0x1020, 0x1020, 0x1020, 0x1020, 0x1020, 0x1020, 0x1020, 0x1020,
  0x1020, 0x1020, 0x1020, 0x1020, 0x1020, 0x1020, 0x1020, 0x1020, 0x1020, 0x1020, 0x1020, 0x1020,
  0x1020, 0x1020, 0x1020, 0x1020, 0x1020, 0x1020, 0x1020, 0x1020, 0x1020, 0x1020, 0x1020, 0x1020,
  0x1020, 0x1020, 0x1020, 0x1020, 0x1020, 0x1020, 0x1020, 0x1020, 0x1020, 0x1020, 0x1020, 0x1020,
  0x1020, 0x1020, 0x1020, 0x1020, 0x1020, 0x1020, 0x1020, 0x1020, 0x1020, 0x1020, 0x1020, 0x1020,
  0x1020, 0x1020, 0x1020, 0x1020, 0x1020, 0x1020, 0x1020, 0x1020, 0x1020, 0x1020, 0x1020, 0x1020,
  0x1020, 0x1020, 0x1020, 0x1020, 0x1020, 0x1020, 0x1020, 0x1020, 0x1020, 0x1020, 0x1020, 0x1020,
  0x1020, 0x1020, 0x1020, 0x1020, 0x1020, 0x1020, 0x1020, 0x1020, 0x1020, 0x1020, 0x1020, 0x1020,
  0x1020, 0x1020, 0x1020, 0x1020, 0x1020, 0x1020, 0x1020, 0x1020, 0x1020, 0x1020, 0x1020, 0x1020,
  0x1020, 0x0820, 0x0820, 0x1020, 0x1020, 0x1020, 0x0820, 0x0820, 0x0820, 0x0820, 0x0820, 0x0820,
  0x0820, 0x0820, 0x0820, 0x0820, 0x0820, 0x0820, 0x0820, 0x0820, 0x0820, 0x0800, 0x0820, 0x0820,
  0x0820, 0x0800, 0x0800, 0x0820, 0x0800, 0x0800, 0x0800, 0x0820, 0x0820, 0x0820, 0x0800, 0x0820,
  0x0800, 0x0800, 0x0820, 0x0800, 0x0800, 0x0800, 0x0800, 0x0800, 0x0800, 0x0800, 0x0800, 0x0800,
  0x0800, 0x0800, 0x0800, 0x0800, 0x0800, 0x0800, 0x0800, 0x0800, 0x0800, 0x0800, 0x0800, 0x0800,
  0x0000, 0x0000, 0x0000, 0x0000, 0x0000, 0x0000, 0x0000, 0x0000, 0x0800, 0x0800, 0x0800, 0x0800,
  0x0800, 0x0800, 0x0800, 0x0800, 0x0800, 0x0800, 0x0800, 0x0800, 0x0800, 0x0800, 0x0800, 0x0800,
  0x0800, 0x0800, 0x0800, 0x0800, 0x0800, 0x0800, 0x0820, 0x0820, 0x0800, 0x0800, 0x0800, 0x0800,
  0x0820, 0x0820, 0x0820, 0x0820, 0x0820, 0x0820, 0x0820, 0x0820, 0x0820, 0x0820, 0x0820, 0x0820,
  0x0820, 0x0820, 0x0820, 0x0820, 0x0820, 0x0820, 0x0820, 0x0820, 0x0820, 0x0820, 0x0820, 0x0820,
  0x0820, 0x0820, 0x1020, 0x1020, 0x1020, 0x1020, 0x1020, 0x1020, 0x1020, 0x1020, 0x1020, 0x1020,
  0x1020, 0x1020, 0x1020, 0x1020, 0x1020, 0x1020, 0x1020, 0x1020, 0x1020, 0x1020, 0x1020, 0x1020,
  0x1020, 0x1020, 0x1020, 0x1020, 0x1020, 0x1020, 0x1020, 0x1020, 0x1020, 0x1020, 0x1020, 0x1020,
  0x1020, 0x1020, 0x1020, 0x1020, 0x1020, 0x1020, 0x1020, 0x1020, 0x1020, 0x1020, 0x1020, 0x1020,
  0x1020, 0x1020, 0x1020, 0x1020, 0x1020, 0x1020, 0x1020, 0x1020, 0x1020, 0x1020, 0x1020, 0x1020,
  0x1020, 0x1020, 0x1020, 0x1020, 0x1020, 0x1020, 0x1020, 0x1020, 0x1020, 0x1020, 0x1020, 0x1020,
  0x1020, 0x1020, 0x1020, 0x1020, 0x1020, 0x1020, 0x1020, 0x1020, 0x1020, 0x1020, 0x1020, 0x1020,
  0x1020, 0x1020, 0x1020, 0x1020, 0x1020, 0x1020, 0x1020, 0x1020, 0x1020, 0x1020, 0x1020, 0x1020,
  0x1020, 0x1020, 0x1020, 0x1020, 0x1020, 0x1020, 0x1020, 0x1020, 0x1020, 0x1020, 0x1020, 0x1020,
  0x1020, 0x1020, 0x1020, 0x1020, 0x1020, 0x1020, 0x1020, 0x1020, 0x1020, 0x1020, 0x1020, 0x0820,
  0x1020, 0x1020, 0x0820, 0x0820, 0x0820, 0x0820, 0x0820, 0x0820, 0x0820, 0x0820, 0x0820, 0x0820,
  0x0820, 0x0820, 0x0820, 0x0820, 0x0820, 0x0820, 0x0820, 0x0820, 0x0820, 0x0820, 0x0820, 0x0820,
  0x0800, 0x0820, 0x0800, 0x0800, 0x0800, 0x0800, 0x0800, 0x0820, 0x0800, 0x0800, 0x0800, 0x0800,
  0x0800, 0x0820, 0x0800, 0x0800, 0x0800, 0x0800, 0x0800, 0x0800, 0x0800, 0x0800, 0x0800, 0x0800,
  0x0800, 0x0800, 0x0800, 0x0800, 0x0800, 0x0800, 0x0800, 0x0800, 0x0000, 0x0000, 0x0000, 0x0000,
  0x0000, 0x0000, 0x0000, 0x0000, 0x0000, 0x0000, 0x0000, 0x0000, 0x0000, 0x0800, 0x0800, 0x0800,
  0x0800, 0x0800, 0x0800, 0x0800, 0x0800, 0x0800, 0x0800, 0x0800, 0x0800, 0x0800, 0x0800, 0x0800,
  0x0800, 0x0800, 0x0800, 0x0800, 0x0820, 0x0800, 0x0800, 0x0800, 0x0800, 0x0800, 0x0800, 0x0800,
  0x0800, 0x0820, 0x0800, 0x0820, 0x0820, 0x0820, 0x0820, 0x0820, 0x0820, 0x0820, 0x0820, 0x0820,
  0x0820, 0x0820, 0x0820, 0x0820, 0x0820, 0x0820, 0x0820, 0x0820, 0x0820, 0x0820, 0x0820, 0x0820,
  0x0820, 0x0820, 0x0820, 0x0820, 0x0820, 0x1020, 0x1020, 0x1020, 0x0820, 0x1020, 0x1020, 0x0820,
  0x1020, 0x1020, 0x1020, 0x1020, 0x1020, 0x1020, 0x1020, 0x1020, 0x1020, 0x1020, 0x1020, 0x1020,
  0x1020, 0x1020, 0x1020, 0x1020, 0x1020, 0x1020, 0x1020, 0x1020, 0x1020, 0x1020, 0x1020, 0x1020,
  0x1020, 0x1020, 0x1020, 0x1020, 0x1020, 0x1020, 0x1020, 0x1020, 0x1020, 0x1020, 0x1020, 0x1020,
  0x1020, 0x1020, 0x1020, 0x1020, 0x1020, 0x1020, 0x1020, 0x1020, 0x1020, 0x1020, 0x1020, 0x1020,
  0x1020, 0x1020, 0x1020, 0x1020, 0x1020, 0x1020, 0x1020, 0x1020, 0x1020, 0x1020, 0x1020, 0x1020,
  0x1020, 0x1020, 0x1020, 0x1020, 0x1020, 0x1020, 0x1020, 0x1020, 0x1020, 0x1020, 0x1020, 0x1020,
  0x1020, 0x1020, 0x1020, 0x1020, 0x1020, 0x1020, 0x1020, 0x1020, 0x1020, 0x1020, 0x1020, 0x1020,
  0x1020, 0x1020, 0x1020, 0x1020, 0x1020, 0x0820, 0x1020, 0x0820, 0x1020, 0x1020, 0x1020, 0x1020,
  0x1020, 0x1020, 0x1020, 0x1020, 0x1020, 0x1020, 0x1020, 0x1020, 0x0820, 0x0820, 0x0820, 0x0820,
  0x0820, 0x0820, 0x0820, 0x0820, 0x0820, 0x0820, 0x0820, 0x0820, 0x0820, 0x0820, 0x0820, 0x0820,
  0x0820, 0x0820, 0x0820, 0x0820, 0x0820, 0x0820, 0x0820, 0x0820, 0x0820, 0x0820, 0x0820, 0x0820,
  0x0800, 0x0800, 0x0800, 0x0800, 0x0800, 0x0820, 0x0800, 0x0820, 0x0820, 0x0820, 0x0800, 0x0800,
  0x0800, 0x0800, 0x0800, 0x0800, 0x0800, 0x0800, 0x0800, 0x0800, 0x0800, 0x0800, 0x0800, 0x0800,
  0x0800, 0x0800, 0x0800, 0x0800, 0x0800, 0x0800, 0x0000, 0x0800, 0x0000, 0x0000, 0x0000, 0x0000,
  0x0000, 0x0000, 0x0000, 0x0000, 0x0000, 0x0000, 0x0000, 0x0000, 0x0000, 0x0000, 0x0800, 0x0800,
  0x0800, 0x0800, 0x0800, 0x0800, 0x0800, 0x0800, 0x0800, 0x0800, 0x0800, 0x0800, 0x0800, 0x0800,
  0x0800, 0x0800, 0x0820, 0x0820, 0x0800, 0x0820, 0x0800, 0x0800, 0x0800, 0x0800, 0x0800, 0x0800,
  0x0800, 0x0800, 0x0800, 0x0800, 0x0820, 0x0820, 0x0820, 0x0820, 0x0820, 0x0820, 0x0820, 0x0820,
  0x0820, 0x0820, 0x0820, 0x0820, 0x0820, 0x0820, 0x0820, 0x0820, 0x0820, 0x0820, 0x0820, 0x0820,
  0x0820, 0x0820, 0x0820, 0x0820, 0x0820, 0x0820, 0x0820, 0x0820, 0x0820, 0x0820, 0x0820, 0x1020,
  0x0820, 0x1020, 0x1020, 0x1020, 0x1020, 0x1020, 0x1020, 0x1020, 0x1020, 0x1020, 0x1020, 0x0820,
  0x0820, 0x1020, 0x1020, 0x1020, 0x1020, 0x1020, 0x1020, 0x1020, 0x1020, 0x1020, 0x1020, 0x1020,
  0x1020, 0x1020, 0x1020, 0x1020, 0x1020, 0x1020, 0x1020, 0x1020, 0x1020, 0x1020, 0x1020, 0x1020,
  0x1020, 0x1020, 0x1020, 0x1020, 0x1020, 0x1020, 0x1020, 0x1020, 0x1020, 0x1020, 0x1020, 0x1020,
  0x1020, 0x1020, 0x1020, 0x1020, 0x1020, 0x1020, 0x1020, 0x1020, 0x1020, 0x1020, 0x1020, 0x1020,
  0x1020, 0x1020, 0x1020, 0x1020, 0x1020, 0x1020, 0x1020, 0x1020, 0x1020, 0x1020, 0x1020, 0x1020,
  0x1020, 0x1020, 0x1020, 0x1020, 0x1020, 0x1020, 0x1020, 0x1020, 0x1020, 0x1020, 0x1020, 0x1020,
  0x1020, 0x1020, 0x1020, 0x1020, 0x1020, 0x0820, 0x1020, 0x0820, 0x1020, 0x1020, 0x1020, 0x1020,
  0x1020, 0x1020, 0x0820, 0x1020, 0x1020, 0x0820, 0x0820, 0x0820, 0x0820, 0x0820, 0x0820, 0x0820,
  0x0820, 0x0820, 0x0820, 0x0820, 0x0820, 0x0820, 0x0820, 0x0820, 0x0820, 0x0820, 0x0820, 0x0820,
  0x0820, 0x0820, 0x0820, 0x0820, 0x0820, 0x0820, 0x0820, 0x0800, 0x0800, 0x0800, 0x0800, 0x0800,
  0x0820, 0x0820, 0x0800, 0x0800, 0x0820, 0x0820, 0x0820, 0x0800, 0x0820, 0x0800, 0x0820, 0x0820,
  0x0820, 0x0800, 0x0800, 0x0800, 0x0800, 0x0800, 0x0800, 0x0800, 0x0800, 0x0800, 0x0800, 0x0800,
  0x0800, 0x0800, 0x0800, 0x0800, 0x0800, 0x0800, 0x0800, 0x0000, 0x0000, 0x0000, 0x0000, 0x0000,
  0x0000, 0x0000, 0x0000, 0x0000, 0x0000, 0x0000, 0x0000, 0x0000, 0x0000, 0x0000, 0x0000, 0x0800,
  0x0800, 0x0800, 0x0800, 0x0800, 0x0800, 0x0800, 0x0800, 0x0800, 0x0800, 0x0800, 0x0800, 0x0800,
  0x0800, 0x0800, 0x0800, 0x0800, 0x0800, 0x0820, 0x0800, 0x0800, 0x0800, 0x0800, 0x0800, 0x0800,
  0x0800, 0x0800, 0x0820, 0x0800, 0x0820, 0x0820, 0x0820, 0x0820, 0x0820, 0x0820, 0x0820, 0x0820,
  0x0820, 0x0820, 0x0820, 0x0820, 0x0820, 0x0820, 0x0820, 0x0820, 0x0820, 0x0820, 0x0820, 0x0820,
  0x0820, 0x0820, 0x0820, 0x0820, 0x0820, 0x0820, 0x0820, 0x0820, 0x0820, 0x0820, 0x0820, 0x0820,
  0x0820, 0x0820, 0x1020, 0x1020, 0x1020, 0x1020, 0x1020, 0x0820, 0x0820, 0x0820, 0x0820, 0x0820,
  0x0820, 0x0820, 0x0820, 0x0820, 0x1020, 0x1020, 0x1020, 0x1020, 0x0820, 0x1020, 0x0820, 0x1020,
  0x1020, 0x1020, 0x1020, 0x1020, 0x1020, 0x1020, 0x1020, 0x1020, 0x1020, 0x1020, 0x1020, 0x1020,
  0x1020, 0x1020, 0x1020, 0x1020, 0x1020, 0x1020, 0x1020, 0x1020, 0x1020, 0x1020, 0x1020, 0x1020,
  0x1020, 0x1020, 0x1020, 0x1020, 0x1020, 0x1020, 0x1020, 0x1020, 0x1020, 0x1020, 0x1020, 0x1020,
  0x1020, 0x1020, 0x1020, 0x1020, 0x1020, 0x1020, 0x1020, 0x1020, 0x1020, 0x1020, 0x1020, 0x1020,
  0x1020, 0x1020, 0x1020, 0x1020, 0x1020, 0x1020, 0x1020, 0x1020, 0x1020, 0x1020, 0x1020, 0x1020,
  0x1020, 0x1020, 0x1020, 0x0820, 0x1020, 0x1020, 0x0820, 0x1020, 0x0820, 0x0820, 0x1020, 0x1020,
  0x1020, 0x1020, 0x0820, 0x0820, 0x1020, 0x0820, 0x0820, 0x0820, 0x0820, 0x0820, 0x0820, 0x0820,
  0x0820, 0x0820, 0x0820, 0x0820, 0x0820, 0x0820, 0x0820, 0x0820, 0x0820, 0x0820, 0x0820, 0x0820,
  0x0820, 0x0820, 0x0820, 0x0820, 0x0800, 0x0800, 0x0800, 0x0800, 0x0820, 0x0800, 0x0820, 0x0820,
  0x0820, 0x0820, 0x0800, 0x0820, 0x0800, 0x0800, 0x0820, 0x0800, 0x0800, 0x0800, 0x0800, 0x0800,
  0x0800, 0x0800, 0x0800, 0x0800, 0x0800, 0x0800, 0x0800, 0x0800, 0x0800, 0x0800, 0x0800, 0x0800,
  0x0800, 0x0800, 0x0800, 0x0800, 0x0800, 0x0000, 0x0000, 0x0000, 0x0000, 0x0000, 0x0000, 0x0000,
  0x0000, 0x0000, 0x0000, 0x0000, 0x0000, 0x0000, 0x0000, 0x0000, 0x0000, 0x0000, 0x0000, 0x0000,
  0x0800, 0x0800, 0x0800, 0x0800, 0x0800, 0x0800, 0x0800, 0x0800, 0x0800, 0x0800, 0x0800, 0x0800,
  0x0800, 0x0800, 0x0800, 0x0800, 0x0800, 0x0820, 0x0820, 0x0800, 0x0800, 0x0800, 0x0800, 0x0800,
  0x0800, 0x0820, 0x0820, 0x0820, 0x0820, 0x0800, 0x0820, 0x0820, 0x0820, 0x0820, 0x0820, 0x0820,
  0x0820, 0x0820, 0x0820, 0x0820, 0x0820, 0x0820, 0x0820, 0x0820, 0x0820, 0x0820, 0x0820, 0x0820,
  0x0820, 0x0820, 0x0820, 0x0820, 0x0820, 0x0820, 0x0820, 0x0820, 0x0820, 0x1020, 0x0820, 0x0820,
  0x0820, 0x0820, 0x0820, 0x0820, 0x0820, 0x0820, 0x0820, 0x0820, 0x0820, 0x0820, 0x0820, 0x0820,
  0x0820, 0x0820, 0x0820, 0x0820, 0x0820, 0x0820, 0x1020, 0x0820, 0x1020, 0x0820, 0x0820, 0x0820,
  0x0820, 0x1020, 0x1020, 0x0820, 0x0820, 0x1020, 0x1020, 0x1020, 0x1020, 0x1020, 0x1020, 0x1020,
  0x1020, 0x1020, 0x1020, 0x1020, 0x1020, 0x1020, 0x1020, 0x1020, 0x1020, 0x1020, 0x1020, 0x1020,
  0x1020, 0x1020, 0x1020, 0x1020, 0x0820, 0x0820, 0x1020, 0x1020, 0x1020, 0x1020, 0x1020, 0x1020,
  0x1020, 0x1020, 0x1020, 0x1020, 0x1020, 0x1020, 0x1020, 0x1020, 0x1020, 0x1020, 0x1020, 0x1020,
  0x1020, 0x1020, 0x1020, 0x1020, 0x1020, 0x0820, 0x1020, 0x1020, 0x0820, 0x0820, 0x1020, 0x0820,
  0x1020, 0x1020, 0x0820, 0x0820, 0x0820, 0x0820, 0x0820, 0x0820, 0x0820, 0x0820, 0x0820, 0x0820,
  0x0820, 0x0820, 0x0820, 0x0820, 0x0820, 0x0820, 0x0820, 0x0820, 0x0820, 0x0820, 0x0820, 0x0820,
  0x0820, 0x0820, 0x0820, 0x0820, 0x0820, 0x0820, 0x0820, 0x0820, 0x0820, 0x0820, 0x0820, 0x0820,
  0x0800, 0x0820, 0x0800, 0x0800, 0x0800, 0x0800, 0x0800, 0x0800, 0x0800, 0x0820, 0x0800, 0x0820,
  0x0800, 0x0820, 0x0800, 0x0800, 0x0800, 0x0800, 0x0800, 0x0800, 0x0800, 0x0800, 0x0800, 0x0800,
  0x0800, 0x0800, 0x0800, 0x0800, 0x0800, 0x0800, 0x0800, 0x0800, 0x0000, 0x0800, 0x0800, 0x0800,
  0x0800, 0x0800, 0x0000, 0x0000, 0x0000, 0x0000, 0x0000, 0x0000, 0x0000, 0x0000, 0x0000, 0x0000,
  0x0000, 0x0000, 0x0000, 0x0000, 0x0000, 0x0000, 0x0000, 0x0000, 0x0000, 0x0000, 0x0000, 0x0000,
  0x0000, 0x0000, 0x0800, 0x0800, 0x0800, 0x0800, 0x0800, 0x0800, 0x0800, 0x0800, 0x0800, 0x0800,
  0x0800, 0x0800, 0x0800, 0x0800, 0x0820, 0x0820, 0x0820, 0x0820, 0x0820, 0x0820, 0x0800, 0x0800,
  0x0800, 0x0800, 0x0800, 0x0820, 0x0800, 0x0800, 0x0800, 0x0820, 0x0800, 0x0820, 0x0820, 0x0820,
  0x0820, 0x0820, 0x0820, 0x0820, 0x0820, 0x0820, 0x0820, 0x0820, 0x0820, 0x0820, 0x0820, 0x0820,
  0x0820, 0x0820, 0x0820, 0x0820, 0x0820, 0x0820, 0x0820, 0x0820, 0x0820, 0x0820, 0x0820, 0x0820,
  0x0820, 0x0820, 0x0820, 0x0820, 0x0820, 0x0820, 0x0820, 0x0820, 0x0820, 0x0820, 0x0820, 0x0820,
  0x0820, 0x0820, 0x0820, 0x0820, 0x0820, 0x0820, 0x0820, 0x0820, 0x1020, 0x0820, 0x0820, 0x0820,
  0x0820, 0x1020, 0x1020, 0x0820, 0x0820, 0x1020, 0x1020, 0x1020, 0x1020, 0x1020, 0x1020, 0x1020,
  0x1020, 0x1020, 0x1020, 0x1020, 0x0820, 0x0820, 0x0820, 0x0820, 0x0820, 0x0820, 0x1020, 0x0820,
  0x1020, 0x1020, 0x1020, 0x0820, 0x0820, 0x1020, 0x0820, 0x1020, 0x1020, 0x0820, 0x0820, 0x0820,
  0x1020, 0x0820, 0x0820, 0x0820, 0x0820, 0x0820, 0x0820, 0x0820, 0x0820, 0x1020, 0x1020, 0x1020,
  0x1020, 0x1020, 0x1020, 0x1020, 0x0820, 0x0820, 0x0820, 0x0820, 0x0820, 0x0820, 0x0820, 0x0820,
  0x0820, 0x0820, 0x0820, 0x0820, 0x0820, 0x0820, 0x0820, 0x0820, 0x0820, 0x0820, 0x0820, 0x0820,
  0x0820, 0x0820, 0x0820, 0x0820, 0x0820, 0x0820, 0x0820, 0x0820, 0x0820, 0x0820, 0x0800, 0x0820,
  0x0820, 0x0820, 0x0820, 0x0820, 0x0820, 0x0820, 0x0820, 0x0820, 0x0820, 0x0820, 0x0820, 0x0820,
  0x0800, 0x0800, 0x0820, 0x0800, 0x0820, 0x0800, 0x0820, 0x0800, 0x0800, 0x0800, 0x0800, 0x0800,
  0x0800, 0x0800, 0x0800, 0x0800, 0x0800, 0x0800, 0x0800, 0x0800, 0x0800, 0x0800, 0x0800, 0x0800,
  0x0800, 0x0800, 0x0800, 0x0800, 0x0800, 0x0800, 0x0800, 0x0800, 0x0000, 0x0800, 0x0000, 0x0000,
  0x0800, 0x0800, 0x0800, 0x0000, 0x0000, 0x0000, 0x0000, 0x0000, 0x0000, 0x0000, 0x0000, 0x0000,
  0x0000, 0x0000, 0x0000, 0x0000, 0x0000, 0x0000, 0x0000, 0x0000, 0x0000, 0x0000, 0x0000, 0x0000,
  0x0000, 0x0000, 0x0000, 0x0000, 0x0800, 0x0000, 0x0800, 0x0800, 0x0800, 0x0800, 0x0800, 0x0800,
  0x0800, 0x0800, 0x0800, 0x0800, 0x0800, 0x0800, 0x0800, 0x0820, 0x0820, 0x0800, 0x0800, 0x0820,
  0x0820, 0x0820, 0x0820, 0x0820, 0x0800, 0x0800, 0x0820, 0x0800, 0x0800, 0x0820, 0x0820, 0x0820,
  0x0820, 0x0820, 0x0820, 0x0820, 0x0820, 0x0820, 0x0820, 0x0820, 0x0820, 0x0820, 0x0820, 0x0820,
  0x0820, 0x0820, 0x0820, 0x0820, 0x0820, 0x0820, 0x0820, 0x0820, 0x0820, 0x0820, 0x0820, 0x0820,
  0x0820, 0x0820, 0x0820, 0x0820, 0x0820, 0x0820, 0x0820, 0x0820, 0x0820, 0x0820, 0x0820, 0x0820,
  0x0820, 0x0820, 0x0820, 0x0820, 0x0820, 0x0820, 0x0820, 0x0820, 0x0820, 0x0820, 0x0820, 0x0820,
  0x0820, 0x0820, 0x0820, 0x0820, 0x0820, 0x0820, 0x1020, 0x0820, 0x0820, 0x0820, 0x0820, 0x1020,
  0x1020, 0x1020, 0x1020, 0x1020, 0x0820, 0x0820, 0x0820, 0x0820, 0x0820, 0x0820, 0x0820, 0x0820,
  0x0820, 0x0820, 0x0820, 0x0820, 0x0820, 0x0820, 0x1020, 0x1020, 0x0820, 0x0820, 0x0820, 0x0820,
  0x0820, 0x0820, 0x0820, 0x0820, 0x1020, 0x0820, 0x0820, 0x0820, 0x0820, 0x0820, 0x1020, 0x0820,
  0x1020, 0x1020, 0x0820, 0x0820, 0x0820, 0x0820, 0x0820, 0x0820, 0x0820, 0x0820, 0x0820, 0x0820,
  0x0820, 0x0820, 0x0820, 0x0820, 0x0820, 0x0820, 0x0820, 0x0820, 0x0820, 0x0820, 0x0820, 0x0820,
  0x0820, 0x0820, 0x0820, 0x0820, 0x0820, 0x0820, 0x0820, 0x0820, 0x0820, 0x0820, 0x0820, 0x0820,
  0x0820, 0x0820, 0x0820, 0x0820, 0x0820, 0x0820, 0x0820, 0x0820, 0x0820, 0x0820, 0x0820, 0x0820,
  0x0820, 0x0820, 0x0800, 0x0800, 0x0800, 0x0800, 0x0800, 0x0800, 0x0800, 0x0800, 0x0800, 0x0800,
  0x0800, 0x0800, 0x0800, 0x0800, 0x0800, 0x0800, 0x0800, 0x0800, 0x0800, 0x0800, 0x0800, 0x0800,
  0x0800, 0x0800, 0x0800, 0x0800, 0x0800, 0x0800, 0x0800, 0x0800, 0x0800, 0x0800, 0x0000, 0x0000,
  0x0800, 0x0800, 0x0800, 0x0000, 0x0000, 0x0000, 0x0000, 0x0000, 0x0000, 0x0000, 0x0000, 0x0000,
  0x0000, 0x0000, 0x0000, 0x0000, 0x0000, 0x0000, 0x0000, 0x0000, 0x0000, 0x0000, 0x0000, 0x0000,
  0x0000, 0x0000, 0x0000, 0x0000, 0x0000, 0x0000, 0x0000, 0x0000, 0x0000, 0x0000, 0x0800, 0x0800,
  0x0800, 0x0800, 0x0800, 0x0800, 0x0800, 0x0800, 0x0800, 0x0800, 0x0820, 0x0820, 0x0800, 0x0800,
  0x0820, 0x0800, 0x0820, 0x0820, 0x0820, 0x0800, 0x0820, 0x0820, 0x0800, 0x0820, 0x0800, 0x0820,
  0x0820, 0x0820, 0x0820, 0x0820, 0x0820, 0x0820, 0x0820, 0x0820, 0x0820, 0x0820, 0x0820, 0x0820,
  0x0820, 0x0820, 0x0820, 0x0820, 0x0820, 0x0820, 0x0820, 0x0820, 0x0820, 0x0820, 0x0820, 0x0820,
  0x0820, 0x0820, 0x0820, 0x0820, 0x0820, 0x0820, 0x0820, 0x0820, 0x0820, 0x0820, 0x0820, 0x0820,
  0x0820, 0x0820, 0x0820, 0x0820, 0x0820, 0x0820, 0x0820, 0x0820, 0x0820, 0x0820, 0x0820, 0x0820,
  0x0820, 0x0820, 0x0820, 0x0820, 0x0820, 0x0820, 0x0820, 0x0820, 0x0820, 0x0820, 0x0820, 0x0820,
  0x0820, 0x0820, 0x0820, 0x0820, 0x0820, 0x0820, 0x0820, 0x0820, 0x0820, 0x0820, 0x0820, 0x0820,
  0x0820, 0x1020, 0x0820, 0x0820, 0x0820, 0x1020, 0x0820, 0x0820, 0x0820, 0x0820, 0x0820, 0x0820,
  0x0820, 0x0820, 0x0820, 0x0820, 0x0820, 0x0820, 0x0820, 0x0820, 0x0820, 0x0820, 0x0820, 0x0820,
  0x0820, 0x0820, 0x0820, 0x0820, 0x0820, 0x0820, 0x0820, 0x0820, 0x0820, 0x0820, 0x0820, 0x0820,
  0x0820, 0x0820, 0x0820, 0x0820, 0x0820, 0x0820, 0x0820, 0x0820, 0x0820, 0x0820, 0x0820, 0x0820,
  0x0820, 0x0820, 0x0820, 0x0820, 0x0820, 0x0820, 0x0820, 0x0820, 0x0820, 0x0820, 0x0820, 0x0820,
  0x0820, 0x0820, 0x0820, 0x0820, 0x0820, 0x0820, 0x0820, 0x0820, 0x0820, 0x0820, 0x0820, 0x0820,
  0x0820, 0x0820, 0x0800, 0x0800, 0x0800, 0x0800, 0x0800, 0x0800, 0x0800, 0x0800, 0x0800, 0x0800,
  0x0800, 0x0800, 0x0800, 0x0800, 0x0800, 0x0800, 0x0800, 0x0800, 0x0800, 0x0800, 0x0800, 0x0800,
  0x0800, 0x0800, 0x0800, 0x0000, 0x0800, 0x0800, 0x0800, 0x0800, 0x0800, 0x0000, 0x0000, 0x0000,
  0x0000, 0x0000, 0x0000, 0x0000, 0x0000, 0x0000, 0x0000, 0x0000, 0x0000, 0x0000, 0x0000, 0x0000,
  0x0000, 0x0000, 0x0000, 0x0000, 0x0000, 0x0000, 0x0000, 0x0000, 0x0000, 0x0000, 0x0000, 0x0000,
  0x0000, 0x0000, 0x0000, 0x0000, 0x0000, 0x0000, 0x0000, 0x0000, 0x0000, 0x0000, 0x0000, 0x0000,
  0x0800, 0x0800, 0x0800, 0x0800, 0x0800, 0x0800, 0x0800, 0x0800, 0x0800, 0x0800, 0x0820, 0x0800,
  0x0800, 0x0800, 0x0820, 0x0800, 0x0800, 0x0800, 0x0800, 0x0800, 0x0820, 0x0800, 0x0800, 0x0820,
  0x0800, 0x0820, 0x0820, 0x0820, 0x0820, 0x0820, 0x0820, 0x0820, 0x0820, 0x0820, 0x0820, 0x0820,
  0x0820, 0x0820, 0x0820, 0x0820, 0x0820, 0x0820, 0x0820, 0x0820, 0x0820, 0x0820, 0x0820, 0x0820,
  0x0820, 0x0820, 0x0820, 0x0820, 0x0820, 0x0820, 0x0820, 0x0820, 0x0820, 0x0820, 0x0820, 0x0820,
  0x0820, 0x0820, 0x0820, 0x0820, 0x0820, 0x0820, 0x0820, 0x0820, 0x0820, 0x0820, 0x0820, 0x0820,
  0x0820, 0x0820, 0x0820, 0x0820, 0x0820, 0x0820, 0x0820, 0x0820, 0x0820, 0x0820, 0x0820, 0x0820,
  0x0820, 0x0820, 0x0820, 0x0820, 0x0820, 0x0820, 0x0820, 0x0820, 0x0820, 0x0820, 0x0820, 0x0820,
  0x0820, 0x0820, 0x0820, 0x0820, 0x0820, 0x0820, 0x0820, 0x0820, 0x0820, 0x0820, 0x0820, 0x0820,
  0x0820, 0x0820, 0x0820, 0x0820, 0x0820, 0x0820, 0x0820, 0x0820, 0x0820, 0x0820, 0x0820, 0x0820,
  0x0820, 0x0820, 0x0820, 0x0820, 0x0820, 0x0820, 0x0820, 0x0820, 0x0820, 0x0820, 0x0820, 0x0820,
  0x0820, 0x0820, 0x0820, 0x0820, 0x0820, 0x0820, 0x0820, 0x0820, 0x0820, 0x0820, 0x0820, 0x0820,
  0x0820, 0x0820, 0x0820, 0x0820, 0x0820, 0x0820, 0x0820, 0x0820, 0x0820, 0x0820, 0x0820, 0x0820,
  0x0820, 0x0820, 0x0820, 0x0820, 0x0820, 0x0800, 0x0820, 0x0800, 0x0820, 0x0800, 0x0800, 0x0820,
  0x0800, 0x0800, 0x0800, 0x0800, 0x0800, 0x0800, 0x0800, 0x0800, 0x0800, 0x0800, 0x0800, 0x0800,
  0x0820, 0x0800, 0x0800, 0x0800, 0x0800, 0x0800, 0x0800, 0x0800, 0x0800, 0x0800, 0x0800, 0x0800,
  0x0800, 0x0800, 0x0000, 0x0000, 0x0800, 0x0000, 0x0800, 0x0000, 0x0000, 0x0000, 0x0000, 0x0000,
  0x0000, 0x0000, 0x0000, 0x0000, 0x0000, 0x0000, 0x0000, 0x0000, 0x0000, 0x0000, 0x0000, 0x0000,
  0x0000, 0x0000, 0x0000, 0x0000, 0x0000, 0x0000, 0x0000, 0x0000, 0x0000, 0x0000, 0x0000, 0x0000,
  0x0000, 0x0000, 0x0000, 0x0000, 0x0000, 0x0000, 0x0000, 0x0000, 0x0000, 0x0000, 0x0000, 0x0000,
  0x0000, 0x0800, 0x0800, 0x0800, 0x0800, 0x0800, 0x0800, 0x0800, 0x0800, 0x0800, 0x0800, 0x0800,
  0x0800, 0x0800, 0x0800, 0x0800, 0x0820, 0x0800, 0x0800, 0x0820, 0x0800, 0x0800, 0x0800, 0x0820,
  0x0820, 0x0800, 0x0820, 0x0820, 0x0820, 0x0820, 0x0820, 0x0820, 0x0820, 0x0820, 0x0820, 0x0820,
  0x0820, 0x0820, 0x0820, 0x0820, 0x0820, 0x0820, 0x0820, 0x0820, 0x0820, 0x0820, 0x0820, 0x0820,
  0x0820, 0x0820, 0x0820, 0x0820, 0x0820, 0x0820, 0x0820, 0x0820, 0x0820, 0x0820, 0x0820, 0x0820,
  0x0820, 0x0820, 0x0820, 0x0820, 0x0820, 0x0820, 0x0820, 0x0820, 0x0820, 0x0820, 0x0820, 0x0820,
  0x0820, 0x0820, 0x0820, 0x0820, 0x0820, 0x0820, 0x0820, 0x0820, 0x0820, 0x0820, 0x0820, 0x0820,
  0x0820, 0x0820, 0x0820, 0x0820, 0x0820, 0x0820, 0x0820, 0x0820, 0x0820, 0x0820, 0x0820, 0x0820,
  0x0820, 0x0820, 0x0820, 0x0820, 0x0820, 0x0820, 0x0820, 0x0820, 0x0820, 0x0820, 0x0820, 0x0820,
  0x0820, 0x0820, 0x0820, 0x0820, 0x0820, 0x0820, 0x0820, 0x0820, 0x0820, 0x0820, 0x0820, 0x0820,
  0x0820, 0x0820, 0x0820, 0x0820, 0x0820, 0x0820, 0x0820, 0x0820, 0x0820, 0x0820, 0x0820, 0x0820,
  0x0820, 0x0820, 0x0820, 0x0820, 0x0820, 0x0820, 0x0820, 0x0820, 0x0820, 0x0820, 0x0820, 0x0820,
  0x0820, 0x0820, 0x0820, 0x0820, 0x0820, 0x0820, 0x0820, 0x0820, 0x0820, 0x0820, 0x0820, 0x0820,
  0x0820, 0x0820, 0x0800, 0x0820, 0x0820, 0x0820, 0x0800, 0x0800, 0x0800, 0x0820, 0x0800, 0x0800,
  0x0800, 0x0800, 0x0800, 0x0820, 0x0800, 0x0800, 0x0800, 0x0800, 0x0800, 0x0800, 0x0800, 0x0800,
  0x0800, 0x0800, 0x0800, 0x0800, 0x0800, 0x0800, 0x0800, 0x0800, 0x0800, 0x0800, 0x0800, 0x0800,
  0x0000, 0x0800, 0x0000, 0x0000, 0x0800, 0x0000, 0x0800, 0x0800, 0x0000, 0x0000, 0x0000, 0x0000,
  0x0000, 0x0000, 0x0000, 0x0000, 0x0000, 0x0000, 0x0000, 0x0000, 0x0000, 0x0000, 0x0000, 0x0000,
  0x0000, 0x0000, 0x0000, 0x0000, 0x0000, 0x0000, 0x0000, 0x0000, 0x0000, 0x0000, 0x0000, 0x0000,
  0x0000, 0x0000, 0x0000, 0x0000, 0x0000, 0x0000, 0x0000, 0x0000, 0x0000, 0x0000, 0x0000, 0x0000,
  0x0000, 0x0000, 0x0800, 0x0800, 0x0800, 0x0800, 0x0000, 0x0800, 0x0800, 0x0800, 0x0800, 0x0800,
  0x0800, 0x0800, 0x0800, 0x0800, 0x0800, 0x0800, 0x0800, 0x0800, 0x0800, 0x0820, 0x0820, 0x0820,
  0x0820, 0x0800, 0x0820, 0x0800, 0x0800, 0x0800, 0x0800, 0x0800, 0x0800, 0x0820, 0x0820, 0x0820,
  0x0820, 0x0820, 0x0820, 0x0820, 0x0820, 0x0820, 0x0820, 0x0820, 0x0820, 0x0820, 0x0820, 0x0820,
  0x0820, 0x0820, 0x0820, 0x0820, 0x0820, 0x0820, 0x0820, 0x0820, 0x0820, 0x0820, 0x0820, 0x0820,
  0x0820, 0x0820, 0x0820, 0x0820, 0x0820, 0x0820, 0x0820, 0x0820, 0x0820, 0x0820, 0x0820, 0x0820,
  0x0820, 0x0820, 0x0820, 0x0820, 0x0820, 0x0820, 0x0820, 0x0820, 0x0820, 0x0820, 0x0820, 0x0820,
  0x0820, 0x0820, 0x0820, 0x0820, 0x0820, 0x0820, 0x0820, 0x0820, 0x0820, 0x0820, 0x0820, 0x0820,
  0x0820, 0x0820, 0x0820, 0x0820, 0x0820, 0x0820, 0x0820, 0x0820, 0x0820, 0x0820, 0x0820, 0x0820,
  0x0820, 0x0820, 0x0820, 0x0820, 0x0820, 0x0820, 0x0820, 0x0820, 0x0820, 0x0820, 0x0820, 0x0820,
  0x0820, 0x0820, 0x0820, 0x0820, 0x0820, 0x0820, 0x0820, 0x0820, 0x0820, 0x0820, 0x0820, 0x0820,
  0x0820, 0x0820, 0x0820, 0x0820, 0x0820, 0x0820, 0x0820, 0x0820, 0x0820, 0x0820, 0x0820, 0x0820,
  0x0820, 0x0820, 0x0820, 0x0820, 0x0820, 0x0820, 0x0820, 0x0820, 0x0820, 0x0820, 0x0820, 0x0820,
  0x0820, 0x0820, 0x0800, 0x0820, 0x0820, 0x0800, 0x0820, 0x0800, 0x0800, 0x0820, 0x0800, 0x0800,
  0x0800, 0x0800, 0x0800, 0x0800, 0x0800, 0x0800, 0x0800, 0x0800, 0x0800, 0x0800, 0x0800, 0x0800,
  0x0800, 0x0820, 0x0800, 0x0800, 0x0800, 0x0800, 0x0800, 0x0800, 0x0800, 0x0000, 0x0800, 0x0800,
  0x0800, 0x0000, 0x0800, 0x0800, 0x0000, 0x0000, 0x0000, 0x0000, 0x0000, 0x0000, 0x0000, 0x0000,
  0x0000, 0x0000, 0x0000, 0x0000, 0x0000, 0x0000, 0x0000, 0x0000, 0x0000, 0x0000, 0x0000, 0x0000,
  0x0000, 0x0000, 0x0000, 0x0000, 0x0000, 0x0000, 0x0000, 0x0000, 0x0000, 0x0000, 0x0000, 0x0000,
  0x0000, 0x0000, 0x0000, 0x0000, 0x0000, 0x0000, 0x0000, 0x0000, 0x0000, 0x0000, 0x0000, 0x0800,
  0x0000, 0x0000, 0x0000, 0x0000, 0x0800, 0x0800, 0x0800, 0x0800, 0x0800, 0x0800, 0x0800, 0x0800,
  0x0800, 0x0800, 0x0800, 0x0800, 0x0800, 0x0800, 0x0800, 0x0820, 0x0820, 0x0820, 0x0820, 0x0800,
  0x0820, 0x0820, 0x0800, 0x0800, 0x0800, 0x0800, 0x0800, 0x0800, 0x0800, 0x0820, 0x0820, 0x0820,
  0x0820, 0x0820, 0x0820, 0x0820, 0x0820, 0x0820, 0x0820, 0x0820, 0x0820, 0x0820, 0x0820, 0x0820,
  0x0820, 0x0820, 0x0820, 0x0820, 0x0820, 0x0820, 0x0820, 0x0820, 0x0820, 0x0820, 0x0820, 0x0820,
  0x0820, 0x0820, 0x0820, 0x0820, 0x0820, 0x0820, 0x0820, 0x0820, 0x0820, 0x0820, 0x0820, 0x0820,
  0x0820, 0x0820, 0x0820, 0x0820, 0x0820, 0x0820, 0x0820, 0x0820, 0x0820, 0x0820, 0x0820, 0x0820,
  0x0820, 0x0820, 0x0820, 0x0820, 0x0820, 0x0820, 0x0820, 0x0820, 0x0820, 0x0820, 0x0820, 0x0820,
  0x0820, 0x0820, 0x0820, 0x0820, 0x0820, 0x0820, 0x0820, 0x0820, 0x0820, 0x0820, 0x0820, 0x0820,
  0x0820, 0x0820, 0x0820, 0x0820, 0x0820, 0x0820, 0x0820, 0x0820, 0x0820, 0x0820, 0x0820, 0x0820,
  0x0820, 0x0820, 0x0820, 0x0820, 0x0820, 0x0820, 0x0820, 0x0820, 0x0820, 0x0820, 0x0820, 0x0820,
  0x0820, 0x0820, 0x0820, 0x0820, 0x0820, 0x0820, 0x0820, 0x0820, 0x0820, 0x0820, 0x0820, 0x0820,
  0x0820, 0x0820, 0x0820, 0x0820, 0x0820, 0x0800, 0x0820, 0x0820, 0x0820, 0x0820, 0x0820, 0x0820,
  0x0820, 0x0800, 0x0800, 0x0800, 0x0800, 0x0800, 0x0800, 0x0800, 0x0800, 0x0800, 0x0800, 0x0800,
  0x0800, 0x0820, 0x0820, 0x0800, 0x0800, 0x0820, 0x0800, 0x0800, 0x0800, 0x0800, 0x0800, 0x0800,
  0x0800, 0x0800, 0x0800, 0x0800, 0x0800, 0x0800, 0x0800, 0x0800, 0x0800, 0x0800, 0x0800, 0x0800,
  0x0800, 0x0800, 0x0000, 0x0800, 0x0000, 0x0000, 0x0000, 0x0000, 0x0000, 0x0000, 0x0000, 0x0000,
  0x0000, 0x0000, 0x0000, 0x0000, 0x0000, 0x0000, 0x0000, 0x0000, 0x0000, 0x0000, 0x0000, 0x0000,
  0x0000, 0x0000, 0x0000, 0x0000, 0x0000, 0x0000, 0x0000, 0x0000, 0x0000, 0x0000, 0x0000, 0x0000,
  0x0000, 0x0000, 0x0000, 0x0000, 0x0000, 0x0000, 0x0000, 0x0000, 0x0000, 0x0000, 0x0000, 0x0000,
  0x0000, 0x0000, 0x0000, 0x0000, 0x0000, 0x0000, 0x0800, 0x0800, 0x0800, 0x0800, 0x0800, 0x0800,
  0x0800, 0x0800, 0x0800, 0x0800, 0x0820, 0x0800, 0x0800, 0x0800, 0x0800, 0x0800, 0x0800, 0x0820,
  0x0820, 0x0800, 0x0820, 0x0820, 0x0820, 0x0820, 0x0820, 0x0800, 0x0800, 0x0800, 0x0800, 0x0800,
  0x0820, 0x0820, 0x0820, 0x0820, 0x0820, 0x0820, 0x0820, 0x0820, 0x0820, 0x0820, 0x0820, 0x0820,
  0x0820, 0x0820, 0x0820, 0x0820, 0x0820, 0x0820, 0x0820, 0x0820, 0x0820, 0x0820, 0x0820, 0x0820,
  0x0820, 0x0820, 0x0820, 0x0820, 0x0820, 0x0820, 0x0820, 0x0820, 0x0820, 0x0820, 0x0820, 0x0820,
  0x0820, 0x0820, 0x0820, 0x0820, 0x0820, 0x0820, 0x0820, 0x0820, 0x0820, 0x0820, 0x0820, 0x0820,
  0x0820, 0x0820, 0x0820, 0x0820, 0x0820, 0x0820, 0x0820, 0x0820, 0x0820, 0x0820, 0x0820, 0x0820,
  0x0820, 0x0820, 0x0820, 0x0820, 0x0820, 0x0820, 0x0820, 0x0820, 0x0820, 0x0820, 0x0820, 0x0820,
  0x0820, 0x0820, 0x0820, 0x0820, 0x0820, 0x0820, 0x0820, 0x0820, 0x0820, 0x0820, 0x0820, 0x0820,
  0x0820, 0x0820, 0x0820, 0x0820, 0x0820, 0x0820, 0x0820, 0x0820, 0x0820, 0x0820, 0x0820, 0x0820,
  0x0820, 0x0820, 0x0820, 0x0820, 0x0820, 0x0820, 0x0820, 0x0820, 0x0820, 0x0820, 0x0820, 0x0820,
  0x0820, 0x0820, 0x0820, 0x0820, 0x0820, 0x0820, 0x0820, 0x0820, 0x0820, 0x0820, 0x0820, 0x0820,
  0x0800, 0x0800, 0x0800, 0x0800, 0x0800, 0x0800, 0x0800, 0x0800, 0x0800, 0x0800, 0x0800, 0x0800,
  0x0800, 0x0800, 0x0800, 0x0820, 0x0800, 0x0800, 0x0800, 0x0800, 0x0800, 0x0800, 0x0800, 0x0800,
  0x0800, 0x0800, 0x0800, 0x0800, 0x0800, 0x0800, 0x0800, 0x0800, 0x0800, 0x0000, 0x0800, 0x0800,
  0x0800, 0x0800, 0x0000, 0x0000, 0x0000, 0x0000, 0x0000, 0x0000, 0x0000, 0x0000, 0x0000, 0x0000,
  0x0000, 0x0000, 0x0000, 0x0000, 0x0000, 0x0000, 0x0000, 0x0000, 0x0000, 0x0000, 0x0000, 0x0000,
  0x0000, 0x0000, 0x0000, 0x0000, 0x0000, 0x0000, 0x0000, 0x0000, 0x0000, 0x0000, 0x0000, 0x0000,
  0x0000, 0x0000, 0x0000, 0x0000, 0x0000, 0x0000, 0x0000, 0x0000, 0x0000, 0x0000, 0x0000, 0x0000,
  0x0000, 0x0000, 0x0000, 0x0000, 0x0000, 0x0000, 0x0000, 0x0800, 0x0800, 0x0800, 0x0800, 0x0800,
  0x0800, 0x0800, 0x0800, 0x0800, 0x0800, 0x0800, 0x0800, 0x0800, 0x0800, 0x0820, 0x0800, 0x0820,
  0x0800, 0x0820, 0x0820, 0x0800, 0x0820, 0x0820, 0x0800, 0x0800, 0x0820, 0x0820, 0x0800, 0x0800,
  0x0800, 0x0800, 0x0800, 0x0820, 0x0820, 0x0820, 0x0820, 0x0820, 0x0820, 0x0820, 0x0820, 0x0820,
  0x0820, 0x0820, 0x0820, 0x0820, 0x0820, 0x0820, 0x0820, 0x0820, 0x0820, 0x0820, 0x0820, 0x0820,
  0x0820, 0x0820, 0x0820, 0x0820, 0x0820, 0x0820, 0x0820, 0x0820, 0x0820, 0x0820, 0x0820, 0x0820,
  0x0820, 0x0820, 0x0820, 0x0820, 0x0820, 0x0820, 0x0820, 0x0820, 0x0820, 0x0820, 0x0820, 0x0820,
  0x0820, 0x0820, 0x0820, 0x0820, 0x0820, 0x0820, 0x0820, 0x0820, 0x0820, 0x0820, 0x0820, 0x0820,
  0x0820, 0x0820, 0x0820, 0x0820, 0x0820, 0x0820, 0x0820, 0x0820, 0x0820, 0x0820, 0x0820, 0x0820,
  0x0820, 0x0820, 0x0820, 0x0820, 0x0820, 0x0820, 0x0820, 0x0820, 0x0820, 0x0820, 0x0820, 0x0820,
  0x0820, 0x0820, 0x0820, 0x0820, 0x0820, 0x0820, 0x0820, 0x0820, 0x0820, 0x0820, 0x0820, 0x0820,
  0x0820, 0x0820, 0x0820, 0x0820, 0x0820, 0x0820, 0x0820, 0x0820, 0x0820, 0x0820, 0x0820, 0x0820,
  0x0820, 0x0820, 0x0820, 0x0820, 0x0820, 0x0800, 0x0800, 0x0820, 0x0820, 0x0800, 0x0800, 0x0800,
  0x0800, 0x0820, 0x0800, 0x0820, 0x0820, 0x0800, 0x0820, 0x0800, 0x0800, 0x0800, 0x0800, 0x0800,
  0x0800, 0x0800, 0x0800, 0x0800, 0x0800, 0x0800, 0x0800, 0x0800, 0x0800, 0x0800, 0x0800, 0x0800,
  0x0800, 0x0800, 0x0800, 0x0800, 0x0800, 0x0800, 0x0800, 0x0800, 0x0800, 0x0800, 0x0800, 0x0800,
  0x0800, 0x0000, 0x0000, 0x0000, 0x0000, 0x0000, 0x0000, 0x0000, 0x0000, 0x0000, 0x0000, 0x0000,
  0x0000, 0x0000, 0x0000, 0x0000, 0x0000, 0x0000, 0x0000, 0x0000, 0x0000, 0x0000, 0x0000, 0x0000,
  0x0000, 0x0000, 0x0000, 0x0000, 0x0000, 0x0000, 0x0000, 0x0000, 0x0000, 0x0000, 0x0000, 0x0000,
  0x0000, 0x0000, 0x0000, 0x0000, 0x0000, 0x0000, 0x0000, 0x0000, 0x0000, 0x0000, 0x0000, 0x0000,
  0x0000, 0x0000, 0x0000, 0x0000, 0x0000, 0x0000, 0x0000, 0x0000, 0x0000, 0x0800, 0x0800, 0x0800,
  0x0800, 0x0800, 0x0800, 0x0800, 0x0800, 0x0800, 0x0800, 0x0800, 0x0800, 0x0800, 0x0820, 0x0820,
  0x0800, 0x0820, 0x0820, 0x0820, 0x0800, 0x0800, 0x0800, 0x0820, 0x0800, 0x0820, 0x0800, 0x0820,
  0x0800, 0x0800, 0x0800, 0x0800, 0x0800, 0x0820, 0x0820, 0x0820, 0x0820, 0x0820, 0x0820, 0x0820,
  0x0820, 0x0820, 0x0820, 0x0820, 0x0820, 0x0820, 0x0820, 0x0820, 0x0820, 0x0820, 0x0820, 0x0820,
  0x0820, 0x0820, 0x0820, 0x0820, 0x0820, 0x0820, 0x0820, 0x0820, 0x0820, 0x0820, 0x0820, 0x0820,
  0x0820, 0x0820, 0x0820, 0x0820, 0x0820, 0x0820, 0x0820, 0x0820, 0x0820, 0x0820, 0x0820, 0x0820,
  0x0820, 0x0820, 0x0820, 0x0820, 0x0820, 0x0820, 0x0820, 0x0820, 0x0820, 0x0820, 0x0820, 0x0820,
  0x0820, 0x0820, 0x0820, 0x0820, 0x0820, 0x0820, 0x0820, 0x0820, 0x0820, 0x0820, 0x0820, 0x0820,
  0x0820, 0x0820, 0x0820, 0x0820, 0x0820, 0x0820, 0x0820, 0x0820, 0x0820, 0x0820, 0x0820, 0x0820,
  0x0820, 0x0820, 0x0820, 0x0820, 0x0820, 0x0820, 0x0820, 0x0820, 0x0820, 0x0820, 0x0820, 0x0820,
  0x0820, 0x0820, 0x0820, 0x0820, 0x0820, 0x0820, 0x0820, 0x0820, 0x0820, 0x0820, 0x0820, 0x0820,
  0x0820, 0x0820, 0x0820, 0x0820, 0x0820, 0x0800, 0x0820, 0x0820, 0x0820, 0x0800, 0x0800, 0x0800,
  0x0800, 0x0820, 0x0800, 0x0800, 0x0800, 0x0800, 0x0820, 0x0800, 0x0800, 0x0800, 0x0800, 0x0800,
  0x0800, 0x0800, 0x0800, 0x0800, 0x0800, 0x0800, 0x0800, 0x0800, 0x0800, 0x0800, 0x0800, 0x0800,
  0x0800, 0x0800, 0x0800, 0x0800, 0x0800, 0x0800, 0x0800, 0x0800, 0x0800, 0x0800, 0x0800, 0x0800,
  0x0000, 0x0000, 0x0000, 0x0000, 0x0000, 0x0000, 0x0000, 0x0000, 0x0000, 0x0000, 0x0000, 0x0000,
  0x0000, 0x0000, 0x0000, 0x0000, 0x0000, 0x0000, 0x0000, 0x0000, 0x0000, 0x0000, 0x0000, 0x0000,
  0x0000, 0x0000, 0x0000, 0x0000, 0x0000, 0x0000, 0x0000, 0x0000, 0x0000, 0x0000, 0x0000, 0x0000,
  0x0000, 0x0000, 0x0000, 0x0000, 0x0000, 0x0000, 0x0000, 0x0000, 0x0000, 0x0000, 0x0000, 0x0000,
  0x0000, 0x0000, 0x0000, 0x0000, 0x0000, 0x0000, 0x0000, 0x0000, 0x0000, 0x0000, 0x0000, 0x0800,
  0x0800, 0x0800, 0x0800, 0x0800, 0x0800, 0x0800, 0x0800, 0x0800, 0x0800, 0x0800, 0x0800, 0x0820,
  0x0820, 0x0820, 0x0820, 0x0820, 0x0820, 0x0820, 0x0800, 0x0820, 0x0820, 0x0820, 0x0800, 0x0820,
  0x0800, 0x0820, 0x0820, 0x0820, 0x0800, 0x0800, 0x0820, 0x0820, 0x0820, 0x0800, 0x0820, 0x0820,
  0x0820, 0x0820, 0x0820, 0x0820, 0x0820, 0x0820, 0x0820, 0x0820, 0x0820, 0x0820, 0x0820, 0x0820,
  0x0820, 0x0820, 0x0800, 0x0820, 0x0820, 0x0820, 0x0820, 0x0820, 0x0820, 0x0820, 0x0820, 0x0820,
  0x0820, 0x0820, 0x0820, 0x0820, 0x0820, 0x0820, 0x0820, 0x0820, 0x0820, 0x0820, 0x0820, 0x0820,
  0x0820, 0x0820, 0x0820, 0x0820, 0x0820, 0x0820, 0x0820, 0x0820, 0x0820, 0x0820, 0x0820, 0x0820,
  0x0820, 0x0820, 0x0820, 0x0820, 0x0820, 0x0820, 0x0820, 0x0820, 0x0820, 0x0820, 0x0820, 0x0820,
  0x0820, 0x0820, 0x0820, 0x0820, 0x0820, 0x0820, 0x0820, 0x0820, 0x0820, 0x0820, 0x0820, 0x0820,
  0x0820, 0x0820, 0x0820, 0x0820, 0x0820, 0x0820, 0x0820, 0x0820, 0x0820, 0x0820, 0x0820, 0x0820,
  0x0820, 0x0820, 0x0820, 0x0820, 0x0820, 0x0820, 0x0820, 0x0820, 0x0820, 0x0820, 0x0820, 0x0820,
  0x0820, 0x0820, 0x0800, 0x0820, 0x0820, 0x0800, 0x0800, 0x0800, 0x0820, 0x0800, 0x0820, 0x0800,
  0x0820, 0x0820, 0x0820, 0x0800, 0x0800, 0x0800, 0x0820, 0x0820, 0x0800, 0x0800, 0x0800, 0x0800,
  0x0800, 0x0800, 0x0800, 0x0800, 0x0800, 0x0800, 0x0800, 0x0800, 0x0800, 0x0800, 0x0800, 0x0000,
  0x0800, 0x0800, 0x0800, 0x0800, 0x0800, 0x0800, 0x0800, 0x0000, 0x0000, 0x0800, 0x0000, 0x0800,
  0x0000, 0x0000, 0x0000, 0x0000, 0x0000, 0x0000, 0x0000, 0x0000, 0x0000, 0x0000, 0x0000, 0x0000,
  0x0000, 0x0000, 0x0000, 0x0000, 0x0000, 0x0000, 0x0000, 0x0000, 0x0000, 0x0000, 0x0000, 0x0000,
  0x0000, 0x0000, 0x0000, 0x0000, 0x0000, 0x0000, 0x0000, 0x0000, 0x0000, 0x0000, 0x0000, 0x0000,
  0x0000, 0x0000, 0x0000, 0x0000, 0x0000, 0x0000, 0x0000, 0x0000, 0x0000, 0x0000, 0x0000, 0x0000,
  0x0000, 0x0000, 0x0000, 0x0000, 0x0000, 0x0000, 0x0000, 0x0000, 0x0000, 0x0000, 0x0000, 0x0000,
  0x0000, 0x0800, 0x0800, 0x0800, 0x0800, 0x0800, 0x0800, 0x0800, 0x0800, 0x0800, 0x0800, 0x0800,
  0x0800, 0x0800, 0x0820, 0x0820, 0x0800, 0x0820, 0x0820, 0x0800, 0x0800, 0x0800, 0x0800, 0x0820,
  0x0820, 0x0800, 0x0800, 0x0800, 0x0800, 0x0820, 0x0800, 0x0820, 0x0820, 0x0820, 0x0800, 0x0820,
  0x0820, 0x0820, 0x0820, 0x0820, 0x0820, 0x0820, 0x0820, 0x0820, 0x0820, 0x0820, 0x0820, 0x0820,
  0x0820, 0x0820, 0x0820, 0x0820, 0x0820, 0x0820, 0x0820, 0x0820, 0x0820, 0x0820, 0x0820, 0x0820,
  0x0820, 0x0820, 0x0820, 0x0820, 0x0820, 0x0820, 0x0820, 0x0820, 0x0820, 0x0820, 0x0820, 0x0820,
  0x0820, 0x0820, 0x0820, 0x0820, 0x0820, 0x0820, 0x0820, 0x0820, 0x0820, 0x0820, 0x0820, 0x0820,
  0x0820, 0x0820, 0x0820, 0x0820, 0x0820, 0x0820, 0x0820, 0x0820, 0x0820, 0x0820, 0x0820, 0x0820,
  0x0820, 0x0820, 0x0820, 0x0820, 0x0820, 0x0820, 0x0820, 0x0820, 0x0820, 0x0820, 0x0820, 0x0820,
  0x0820, 0x0820, 0x0820, 0x0820, 0x0820, 0x0820, 0x0820, 0x0820, 0x0820, 0x0820, 0x0820, 0x0800,
  0x0800, 0x0800, 0x0800, 0x0820, 0x0820, 0x0820, 0x0820, 0x0820, 0x0820, 0x0820, 0x0820, 0x0820,
  0x0820, 0x0800, 0x0800, 0x0800, 0x0800, 0x0800, 0x0800, 0x0800, 0x0800, 0x0800, 0x0800, 0x0800,
  0x0820, 0x0820, 0x0800, 0x0800, 0x0800, 0x0800, 0x0820, 0x0800, 0x0800, 0x0800, 0x0820, 0x0800,
  0x0800, 0x0800, 0x0800, 0x0800, 0x0800, 0x0800, 0x0800, 0x0800, 0x0800, 0x0800, 0x0800, 0x0800,
  0x0800, 0x0800, 0x0000, 0x0000, 0x0000, 0x0000, 0x0000, 0x0000, 0x0800, 0x0800, 0x0000, 0x0000,
  0x0000, 0x0000, 0x0000, 0x0000, 0x0000, 0x0000, 0x0000, 0x0000, 0x0000, 0x0000, 0x0000, 0x0000,
  0x0000, 0x0000, 0x0000, 0x0000, 0x0000, 0x0000, 0x0000, 0x0000, 0x0000, 0x0000, 0x0000, 0x0000,
  0x0000, 0x0000, 0x0000, 0x0000, 0x0000, 0x0000, 0x0000, 0x0000, 0x0000, 0x0000, 0x0000, 0x0000,
  0x0000, 0x0000, 0x0000, 0x0000, 0x0000, 0x0000, 0x0000, 0x0000, 0x0000, 0x0000, 0x0000, 0x0000,
  0x0000, 0x0000, 0x0000, 0x0000, 0x0000, 0x0000, 0x0000, 0x0000, 0x0000, 0x0000, 0x0000, 0x0000,
  0x0000, 0x0000, 0x0800, 0x0800, 0x0800, 0x0800, 0x0800, 0x0800, 0x0800, 0x0800, 0x0800, 0x0800,
  0x0800, 0x0800, 0x0800, 0x0800, 0x0800, 0x0820, 0x0820, 0x0820, 0x0820, 0x0820, 0x0800, 0x0800,
  0x0820, 0x0820, 0x0820, 0x0800, 0x0800, 0x0800, 0x0800, 0x0820, 0x0820, 0x0820, 0x0820, 0x0820,
  0x0820, 0x0820, 0x0820, 0x0820, 0x0820, 0x0820, 0x0820, 0x0820, 0x0820, 0x0820, 0x0820, 0x0820,
  0x0820, 0x0820, 0x0820, 0x0820, 0x0820, 0x0820, 0x0820, 0x0820, 0x0820, 0x0820, 0x0820, 0x0820,
  0x0820, 0x0820, 0x0820, 0x0820, 0x0820, 0x0820, 0x0820, 0x0820, 0x0820, 0x0820, 0x0820, 0x0820,
  0x0820, 0x0820, 0x0820, 0x0820, 0x0820, 0x0820, 0x0820, 0x0820, 0x0820, 0x0820, 0x0820, 0x0820,
  0x0820, 0x0820, 0x0820, 0x0820, 0x0820, 0x0820, 0x0820, 0x0820, 0x0820, 0x0820, 0x0820, 0x0820,
  0x0820, 0x0820, 0x0820, 0x0820, 0x0820, 0x0820, 0x0820, 0x0820, 0x0820, 0x0820, 0x0820, 0x0820,
  0x0820, 0x0820, 0x0820, 0x0820, 0x0820, 0x0820, 0x0820, 0x0820, 0x0820, 0x0800, 0x0800, 0x0800,
  0x0800, 0x0800, 0x0800, 0x0820, 0x0820, 0x0820, 0x0820, 0x0820, 0x0820, 0x0820, 0x0820, 0x0800,
  0x0820, 0x0820, 0x0820, 0x0820, 0x0820, 0x0800, 0x0800, 0x0800, 0x0800, 0x0820, 0x0820, 0x0820,
  0x0800, 0x0800, 0x0800, 0x0800, 0x0800, 0x0800, 0x0800, 0x0820, 0x0800, 0x0820, 0x0800, 0x0800,
  0x0800, 0x0800, 0x0800, 0x0800, 0x0800, 0x0800, 0x0800, 0x0800, 0x0800, 0x0800, 0x0800, 0x0800,
  0x0800, 0x0000, 0x0000, 0x0800, 0x0800, 0x0800, 0x0000, 0x0000, 0x0800, 0x0000, 0x0000, 0x0000,
  0x0000, 0x0000, 0x0000, 0x0000, 0x0000, 0x0000, 0x0000, 0x0000, 0x0000, 0x0000, 0x0000, 0x0000,
  0x0000, 0x0000, 0x0000, 0x0000, 0x0000, 0x0000, 0x0000, 0x0000, 0x0000, 0x0000, 0x0000, 0x0000,
  0x0000, 0x0000, 0x0000, 0x0000, 0x0000, 0x0000, 0x0000, 0x0000, 0x0000, 0x0000, 0x0000, 0x0000,
  0x0000, 0x0000, 0x0000, 0x0000, 0x0000, 0x0000, 0x0000, 0x0000, 0x0000, 0x0000, 0x0000, 0x0000,
  0x0000, 0x0000, 0x0000, 0x0000, 0x0000, 0x0000, 0x0000, 0x0000, 0x0000, 0x0000, 0x0000, 0x0000,
  0x0000, 0x0000, 0x0000, 0x0000, 0x0000, 0x0000, 0x0800, 0x0800, 0x0800, 0x0800, 0x0800, 0x0800,
  0x0800, 0x0800, 0x0800, 0x0800, 0x0800, 0x0800, 0x0800, 0x0800, 0x0800, 0x0820, 0x0800, 0x0800,
  0x0800, 0x0820, 0x0820, 0x0820, 0x0800, 0x0820, 0x0800, 0x0820, 0x0800, 0x0820, 0x0820, 0x0820,
  0x0800, 0x0820, 0x0820, 0x0820, 0x0820, 0x0800, 0x0820, 0x0820, 0x0820, 0x0820, 0x0820, 0x0820,
  0x0800, 0x0820, 0x0820, 0x0820, 0x0820, 0x0820, 0x0820, 0x0820, 0x0820, 0x0820, 0x0820, 0x0820,
  0x0820, 0x0820, 0x0820, 0x0820, 0x0820, 0x0820, 0x0820, 0x0820, 0x0820, 0x0820, 0x0820, 0x0820,
  0x0820, 0x0820, 0x0820, 0x0820, 0x0820, 0x0820, 0x0820, 0x0820, 0x0820, 0x0820, 0x0820, 0x0820,
  0x0820, 0x0820, 0x0820, 0x0820, 0x0820, 0x0820, 0x0820, 0x0820, 0x0820, 0x0820, 0x0820, 0x0820,
  0x0820, 0x0820, 0x0820, 0x0820, 0x0820, 0x0820, 0x0820, 0x0820, 0x0820, 0x0820, 0x0820, 0x0820,
  0x0820, 0x0820, 0x0820, 0x0820, 0x0820, 0x0820, 0x0820, 0x0820, 0x0820, 0x0800, 0x0820, 0x0800,
  0x0800, 0x0820, 0x0820, 0x0820, 0x0820, 0x0820, 0x0820, 0x0820, 0x0820, 0x0820, 0x0820, 0x0820,
  0x0800, 0x0800, 0x0800, 0x0800, 0x0800, 0x0800, 0x0800, 0x0800, 0x0800, 0x0800, 0x0800, 0x0800,
  0x0800, 0x0800, 0x0820, 0x0820, 0x0800, 0x0800, 0x0820, 0x0820, 0x0800, 0x0800, 0x0800, 0x0800,
  0x0800, 0x0800, 0x0800, 0x0800, 0x0000, 0x0000, 0x0000, 0x0000, 0x0800, 0x0000, 0x0800, 0x0000,
  0x0000, 0x0000, 0x0000, 0x0000, 0x0000, 0x0800, 0x0800, 0x0800, 0x0800, 0x0000, 0x0000, 0x0000,
  0x0000, 0x0000, 0x0000, 0x0000, 0x0000, 0x0000, 0x0000, 0x0000, 0x0000, 0x0000, 0x0000, 0x0000,
  0x0000, 0x0000, 0x0000, 0x0000, 0x0000, 0x0000, 0x0000, 0x0000, 0x0000, 0x0000, 0x0000, 0x0000,
  0x0000, 0x0000, 0x0000, 0x0000, 0x0000, 0x0000, 0x0000, 0x0000, 0x0000, 0x0000, 0x0000, 0x0000,
  0x0000, 0x0000, 0x0000, 0x0000, 0x0000, 0x0000, 0x0000, 0x0000, 0x0000, 0x0000, 0x0000, 0x0000,
  0x0000, 0x0000, 0x0000, 0x0000, 0x0000, 0x0000, 0x0000, 0x0000, 0x0000, 0x0000, 0x0000, 0x0000,
  0x0000, 0x0000, 0x0000, 0x0000, 0x0000, 0x0000, 0x0800, 0x0000, 0x0800, 0x0800, 0x0800, 0x0800,
  0x0800, 0x0800, 0x0800, 0x0800, 0x0800, 0x0800, 0x0800, 0x0800, 0x0800, 0x0800, 0x0800, 0x0800,
  0x0800, 0x0800, 0x0820, 0x0820, 0x0820, 0x0820, 0x0800, 0x0820, 0x0820, 0x0820, 0x0820, 0x0800,
  0x0800, 0x0800, 0x0820, 0x0800, 0x0820, 0x0800, 0x0820, 0x0820, 0x0820, 0x0820, 0x0820, 0x0820,
  0x0820, 0x0820, 0x0820, 0x0820, 0x0820, 0x0820, 0x0820, 0x0820, 0x0820, 0x0820, 0x0820, 0x0820,
  0x0820, 0x0820, 0x0820, 0x0820, 0x0820, 0x0820, 0x0820, 0x0820, 0x0820, 0x0820, 0x0820, 0x0820,
  0x0820, 0x0820, 0x0820, 0x0820, 0x0820, 0x0820, 0x0820, 0x0820, 0x0820, 0x0820, 0x0820, 0x0820,
  0x0820, 0x0820, 0x0820, 0x0820, 0x0820, 0x0820, 0x0820, 0x0820, 0x0820, 0x0820, 0x0820, 0x0820,
  0x0820, 0x0820, 0x0820, 0x0820, 0x0820, 0x0820, 0x0820, 0x0820, 0x0820, 0x0820, 0x0820, 0x0800,
  0x0820, 0x0800, 0x0800, 0x0800, 0x0800, 0x0820, 0x0820, 0x0820, 0x0820, 0x0820, 0x0800, 0x0800,
  0x0820, 0x0820, 0x0820, 0x0820, 0x0820, 0x0820, 0x0820, 0x0820, 0x0820, 0x0820, 0x0800, 0x0800,
  0x0800, 0x0800, 0x0820, 0x0800, 0x0800, 0x0800, 0x0800, 0x0800, 0x0800, 0x0800, 0x0800, 0x0800,
  0x0820, 0x0820, 0x0820, 0x0800, 0x0800, 0x0800, 0x0800, 0x0800, 0x0800, 0x0800, 0x0800, 0x0800,
  0x0800, 0x0800, 0x0800, 0x0000, 0x0000, 0x0000, 0x0000, 0x0000, 0x0000, 0x0000, 0x0000, 0x0000,
  0x0000, 0x0000, 0x0000, 0x0000, 0x0000, 0x0800, 0x0000, 0x0000, 0x0800, 0x0000, 0x0000, 0x0000,
  0x0000, 0x0000, 0x0000, 0x0000, 0x0000, 0x0000, 0x0000, 0x0000, 0x0000, 0x0000, 0x0000, 0x0000,
  0x0000, 0x0000, 0x0000, 0x0000, 0x0000, 0x0000, 0x0000, 0x0000, 0x0000, 0x0000, 0x0000, 0x0000,
  0x0000, 0x0000, 0x0000, 0x0000, 0x0000, 0x0000, 0x0000, 0x0000, 0x0000, 0x0000, 0x0000, 0x0000,
  0x0000, 0x0000, 0x0000, 0x0000, 0x0000, 0x0000, 0x0000, 0x0000, 0x0000, 0x0000, 0x0000, 0x0000,
  0x0000, 0x0000, 0x0000, 0x0000, 0x0000, 0x0000, 0x0000, 0x0000, 0x0000, 0x0000, 0x0000, 0x0000,
  0x0000, 0x0000, 0x0000, 0x0000, 0x0000, 0x0000, 0x0000, 0x0000, 0x0000, 0x0000, 0x0800, 0x0800,
  0x0800, 0x0800, 0x0800, 0x0800, 0x0800, 0x0800, 0x0800, 0x0800, 0x0800, 0x0800, 0x0800, 0x0800,
  0x0800, 0x0800, 0x0800, 0x0800, 0x0820, 0x0820, 0x0800, 0x0820, 0x0820, 0x0800, 0x0820, 0x0820,
  0x0820, 0x0800, 0x0800, 0x0820, 0x0820, 0x0820, 0x0820, 0x0820, 0x0800, 0x0820, 0x0820, 0x0820,
  0x0820, 0x0820, 0x0820, 0x0820, 0x0820, 0x0820, 0x0820, 0x0820, 0x0820, 0x0820, 0x0800, 0x0820,
  0x0820, 0x0820, 0x0820, 0x0820, 0x0820, 0x0820, 0x0820, 0x0820, 0x0820, 0x0820, 0x0820, 0x0820,
  0x0820, 0x0820, 0x0820, 0x0820, 0x0820, 0x0820, 0x0820, 0x0820, 0x0820, 0x0820, 0x0820, 0x0820,
  0x0820, 0x0820, 0x0820, 0x0820, 0x0820, 0x0820, 0x0820, 0x0820, 0x0820, 0x0820, 0x0820, 0x0820,
  0x0820, 0x0820, 0x0820, 0x0820, 0x0820, 0x0820, 0x0820, 0x0820, 0x0820, 0x0820, 0x0820, 0x0820,
  0x0820, 0x0800, 0x0800, 0x0820, 0x0820, 0x0820, 0x0820, 0x0820, 0x0820, 0x0820, 0x0800, 0x0800,
  0x0800, 0x0800, 0x0820, 0x0820, 0x0820, 0x0800, 0x0800, 0x0820, 0x0800, 0x0800, 0x0800, 0x0820,
  0x0800, 0x0800, 0x0820, 0x0800, 0x0800, 0x0800, 0x0800, 0x0800, 0x0800, 0x0800, 0x0800, 0x0800,
  0x0800, 0x0800, 0x0800, 0x0800, 0x0800, 0x0800, 0x0800, 0x0800, 0x0800, 0x0800, 0x0000, 0x0800,
  0x0000, 0x0000, 0x0000, 0x0000, 0x0000, 0x0000, 0x0000, 0x0000, 0x0000, 0x0000, 0x0000, 0x0000,
  0x0000, 0x0000, 0x0000, 0x0000, 0x0000, 0x0800, 0x0000, 0x0000, 0x0000, 0x0000, 0x0000, 0x0000,
  0x0000, 0x0000, 0x0000, 0x0000, 0x0000, 0x0000, 0x0000, 0x0000, 0x0000, 0x0000, 0x0000, 0x0000,
  0x0000, 0x0000, 0x0000, 0x0000, 0x0000, 0x0000, 0x0000, 0x0000, 0x0000, 0x0000, 0x0000, 0x0000,
  0x0000, 0x0000, 0x0000, 0x0000, 0x0000, 0x0000, 0x0000, 0x0000, 0x0000, 0x0000, 0x0000, 0x0000,
  0x0000, 0x0000, 0x0000, 0x0000, 0x0000, 0x0000, 0x0000, 0x0000, 0x0000, 0x0000, 0x0000, 0x0000,
  0x0000, 0x0000, 0x0000, 0x0000, 0x0000, 0x0000, 0x0000, 0x0000, 0x0000, 0x0000, 0x0000, 0x0000,
  0x0000, 0x0000, 0x0000, 0x0000, 0x0000, 0x0800, 0x0800, 0x0000, 0x0800, 0x0800, 0x0800, 0x0800,
  0x0800, 0x0800, 0x0800, 0x0800, 0x0800, 0x0800, 0x0800, 0x0800, 0x0800, 0x0800, 0x0800, 0x0800,
  0x0800, 0x0800, 0x0800, 0x0800, 0x0800, 0x0820, 0x0800, 0x0820, 0x0820, 0x0800, 0x0820, 0x0820,
  0x0800, 0x0800, 0x0820, 0x0820, 0x0820, 0x0820, 0x0820, 0x0820, 0x0820, 0x0820, 0x0820, 0x0820,
  0x0820, 0x0820, 0x0820, 0x0820, 0x0820, 0x0820, 0x0820, 0x0820, 0x0820, 0x0820, 0x0820, 0x0820,
  0x0820, 0x0820, 0x0820, 0x0820, 0x0820, 0x0820, 0x0820, 0x0820, 0x0820, 0x0820, 0x0820, 0x0820,
  0x0820, 0x0820, 0x0820, 0x0820, 0x0820, 0x0820, 0x0820, 0x0820, 0x0820, 0x0820, 0x0820, 0x0820,
  0x0820, 0x0820, 0x0820, 0x0820, 0x0820, 0x0820, 0x0820, 0x0820, 0x0820, 0x0820, 0x0820, 0x0820,
  0x0820, 0x0820, 0x0820, 0x0820, 0x0820, 0x0820, 0x0820, 0x0820, 0x0820, 0x0820, 0x0820, 0x0800,
  0x0800, 0x0800, 0x0820, 0x0820, 0x0800, 0x0820, 0x0820, 0x0820, 0x0820, 0x0820, 0x0800, 0x0800,
  0x0800, 0x0800, 0x0800, 0x0800, 0x0800, 0x0800, 0x0800, 0x0820, 0x0800, 0x0800, 0x0800, 0x0800,
  0x0800, 0x0800, 0x0820, 0x0800, 0x0800, 0x0800, 0x0800, 0x0800, 0x0800, 0x0800, 0x0800, 0x0800,
  0x0800, 0x0800, 0x0800, 0x0800, 0x0800, 0x0800, 0x0800, 0x0800, 0x0800, 0x0800, 0x0000, 0x0000,
  0x0800, 0x0800, 0x0000, 0x0000, 0x0000, 0x0000, 0x0000, 0x0000, 0x0000, 0x0000, 0x0000, 0x0000,
  0x0000, 0x0000, 0x0000, 0x0000, 0x0000, 0x0000, 0x0000, 0x0000, 0x0000, 0x0000, 0x0000, 0x0000,
  0x0000, 0x0000, 0x0000, 0x0000, 0x0000, 0x0000, 0x0000, 0x0000, 0x0000, 0x0000, 0x0000, 0x0000,
  0x0000, 0x0000, 0x0000, 0x0000, 0x0000, 0x0000, 0x0000, 0x0000, 0x0000, 0x0000, 0x0000, 0x0000,
  0x0000, 0x0000, 0x0000, 0x0000, 0x0000, 0x0000, 0x0000, 0x0000, 0x0000, 0x0000, 0x0000, 0x0000,
  0x0000, 0x0000, 0x0000, 0x0000, 0x0000, 0x0000, 0x0000, 0x0000, 0x0000, 0x0000, 0x0000, 0x0000,
  0x0000, 0x0000, 0x0000, 0x0000, 0x0000, 0x0000, 0x0000, 0x0000, 0x0000, 0x0000, 0x0000, 0x0000,
  0x0000, 0x0000, 0x0000, 0x0000, 0x0000, 0x0000, 0x0000, 0x0000, 0x0800, 0x0800, 0x0800, 0x0800,
  0x0800, 0x0800, 0x0800, 0x0800, 0x0800, 0x0800, 0x0800, 0x0800, 0x0800, 0x0800, 0x0800, 0x0800,
  0x0800, 0x0800, 0x0800, 0x0800, 0x0800, 0x0800, 0x0820, 0x0820, 0x0820, 0x0800, 0x0800, 0x0800,
  0x0820, 0x0800, 0x0820, 0x0820, 0x0820, 0x0820, 0x0800, 0x0800, 0x0820, 0x0800, 0x0820, 0x0820,
  0x0820, 0x0820, 0x0820, 0x0820, 0x0820, 0x0820, 0x0820, 0x0820, 0x0820, 0x0820, 0x0820, 0x0800,
  0x0820, 0x0820, 0x0800, 0x0800, 0x0820, 0x0820, 0x0820, 0x0820, 0x0800, 0x0800, 0x0820, 0x0820,
  0x0820, 0x0820, 0x0820, 0x0820, 0x0820, 0x0820, 0x0820, 0x0820, 0x0820, 0x0820, 0x0820, 0x0820,
  0x0820, 0x0820, 0x0820, 0x0820, 0x0820, 0x0820, 0x0820, 0x0820, 0x0820, 0x0820, 0x0820, 0x0820,
  0x0820, 0x0820, 0x0820, 0x0820, 0x0820, 0x0820, 0x0820, 0x0820, 0x0820, 0x0820, 0x0820, 0x0800,
  0x0820, 0x0820, 0x0800, 0x0820, 0x0820, 0x0820, 0x0820, 0x0820, 0x0820, 0x0800, 0x0800, 0x0800,
  0x0800, 0x0800, 0x0800, 0x0800, 0x0800, 0x0800, 0x0800, 0x0800, 0x0800, 0x0800, 0x0800, 0x0800,
  0x0800, 0x0800, 0x0800, 0x0800, 0x0800, 0x0800, 0x0800, 0x0800, 0x0800, 0x0800, 0x0800, 0x0800,
  0x0800, 0x0800, 0x0800, 0x0800, 0x0800, 0x0800, 0x0800, 0x0000, 0x0800, 0x0800, 0x0000, 0x0000,
  0x0000, 0x0000, 0x0000, 0x0000, 0x0000, 0x0000, 0x0000, 0x0000, 0x0000, 0x0000, 0x0000, 0x0000,
  0x0800, 0x0000, 0x0000, 0x0000, 0x0000, 0x0000, 0x0000, 0x0000, 0x0000, 0x0000, 0x0000, 0x0000,
  0x0000, 0x0000, 0x0000, 0x0000, 0x0000, 0x0000, 0x0000, 0x0000, 0x0000, 0x0000, 0x0000, 0x0000,
  0x0000, 0x0000, 0x0000, 0x0000, 0x0000, 0x0000, 0x0000, 0x0000, 0x0000, 0x0000, 0x0000, 0x0000,
  0x0000, 0x0000, 0x0000, 0x0000, 0x0000, 0x0000, 0x0000, 0x0000, 0x0000, 0x0000, 0x0000, 0x0000,
  0x0000, 0x0000, 0x0000, 0x0000, 0x0000, 0x0000, 0x0000, 0x0000, 0x0000, 0x0000, 0x0000, 0x0000,
  0x0000, 0x0000, 0x0000, 0x0000, 0x0000, 0x0000, 0x0000, 0x0000, 0x0000, 0x0000, 0x0000, 0x0000,
  0x0000, 0x0000, 0x0000, 0x0000, 0x0000, 0x0000, 0x0000, 0x0000, 0x0000, 0x0000, 0x0800, 0x0000,
  0x0000, 0x0000, 0x0800, 0x0800, 0x0800, 0x0800, 0x0800, 0x0800, 0x0800, 0x0800, 0x0800, 0x0800,
  0x0800, 0x0800, 0x0800, 0x0800, 0x0800, 0x0800, 0x0800, 0x0800, 0x0800, 0x0800, 0x0800, 0x0820,
  0x0820, 0x0820, 0x0800, 0x0820, 0x0820, 0x0800, 0x0820, 0x0820, 0x0800, 0x0820, 0x0820, 0x0820,
  0x0800, 0x0800, 0x0820, 0x0800, 0x0820, 0x0820, 0x0820, 0x0820, 0x0820, 0x0820, 0x0800, 0x0800,
  0x0800, 0x0820, 0x0800, 0x0800, 0x0800, 0x0820, 0x0800, 0x0800, 0x0800, 0x0800, 0x0820, 0x0820,
  0x0820, 0x0820, 0x0820, 0x0820, 0x0820, 0x0820, 0x0820, 0x0820, 0x0820, 0x0820, 0x0820, 0x0820,
  0x0800, 0x0800, 0x0820, 0x0820, 0x0820, 0x0800, 0x0800, 0x0820, 0x0820, 0x0820, 0x0820, 0x0820,
  0x0800, 0x0820, 0x0820, 0x0800, 0x0820, 0x0820, 0x0820, 0x0820, 0x0820, 0x0820, 0x0820, 0x0820,
  0x0820, 0x0800, 0x0800, 0x0820, 0x0800, 0x0800, 0x0800, 0x0800, 0x0800, 0x0800, 0x0800, 0x0800,
  0x0800, 0x0800, 0x0800, 0x0800, 0x0800, 0x0800, 0x0800, 0x0820, 0x0800, 0x0800, 0x0800, 0x0800,
  0x0800, 0x0800, 0x0800, 0x0800, 0x0800, 0x0800, 0x0800, 0x0800, 0x0800, 0x0800, 0x0800, 0x0800,
  0x0800, 0x0800, 0x0800, 0x0000, 0x0800, 0x0800, 0x0800, 0x0800, 0x0800, 0x0000, 0x0000, 0x0000,
  0x0000, 0x0000, 0x0000, 0x0000, 0x0000, 0x0000, 0x0000, 0x0000, 0x0000, 0x0000, 0x0000, 0x0000,
  0x0000, 0x0000, 0x0000, 0x0000, 0x0000, 0x0000, 0x0000, 0x0000, 0x0000, 0x0000, 0x0000, 0x0000,
  0x0000, 0x0000, 0x0000, 0x0000, 0x0000, 0x0000, 0x0000, 0x0000, 0x0000, 0x0000, 0x0000, 0x0000,
  0x0000, 0x0000, 0x0000, 0x0000, 0x0000, 0x0000, 0x0000, 0x0000, 0x0000, 0x0000, 0x0000, 0x0000,
  0x0000, 0x0000, 0x0000, 0x0000, 0x0000, 0x0000, 0x0000, 0x0000, 0x0000, 0x0000, 0x0000, 0x0000,
  0x0000, 0x0000, 0x0000, 0x0000, 0x0000, 0x0000, 0x0000, 0x0000, 0x0000, 0x0000, 0x0000, 0x0000,
  0x0000, 0x0000, 0x0000, 0x0000, 0x0000, 0x0000, 0x0000, 0x0000, 0x0000, 0x0000, 0x0000, 0x0000,
  0x0000, 0x0000, 0x0000, 0x0000, 0x0000, 0x0000, 0x0000, 0x0000, 0x0000, 0x0000, 0x0000, 0x0000,
  0x0000, 0x0000, 0x0000, 0x0000, 0x0800, 0x0800, 0x0800, 0x0800, 0x0800, 0x0800, 0x0800, 0x0800,
  0x0800, 0x0800, 0x0800, 0x0800, 0x0800, 0x0800, 0x0800, 0x0800, 0x0800, 0x0800, 0x0800, 0x0820,
  0x0820, 0x0800, 0x0820, 0x0800, 0x0820, 0x0800, 0x0800, 0x0820, 0x0820, 0x0820, 0x0800, 0x0820,
  0x0800, 0x0820, 0x0820, 0x0800, 0x0800, 0x0820, 0x0820, 0x0800, 0x0820, 0x0820, 0x0820, 0x0800,
  0x0800, 0x0820, 0x0800, 0x0800, 0x0800, 0x0800, 0x0800, 0x0820, 0x0820, 0x0820, 0x0820, 0x0820,
  0x0820, 0x0820, 0x0820, 0x0800, 0x0820, 0x0800, 0x0820, 0x0820, 0x0820, 0x0800, 0x0820, 0x0800,
  0x0800, 0x0800, 0x0820, 0x0800, 0x0820, 0x0800, 0x0800, 0x0800, 0x0820, 0x0820, 0x0800, 0x0800,
  0x0800, 0x0800, 0x0820, 0x0820, 0x0820, 0x0820, 0x0820, 0x0820, 0x0820, 0x0800, 0x0820, 0x0820,
  0x0820, 0x0800, 0x0800, 0x0820, 0x0800, 0x0800, 0x0820, 0x0800, 0x0820, 0x0820, 0x0820, 0x0800,
  0x0820, 0x0800, 0x0800, 0x0800, 0x0800, 0x0800, 0x0800, 0x0800, 0x0800, 0x0800, 0x0800, 0x0800,
  0x0800, 0x0800, 0x0800, 0x0800, 0x0800, 0x0800, 0x0800, 0x0800, 0x0800, 0x0800, 0x0800, 0x0800,
  0x0800, 0x0800, 0x0800, 0x0800, 0x0800, 0x0800, 0x0000, 0x0000, 0x0000, 0x0000, 0x0000, 0x0000,
  0x0000, 0x0000, 0x0000, 0x0000, 0x0000, 0x0000, 0x0000, 0x0000, 0x0000, 0x0000, 0x0000, 0x0000,
  0x0000, 0x0000, 0x0000, 0x0000, 0x0000, 0x0000, 0x0000, 0x0000, 0x0000, 0x0000, 0x0000, 0x0000,
  0x0000, 0x0000, 0x0000, 0x0000, 0x0000, 0x0000, 0x0000, 0x0000, 0x0000, 0x0000, 0x0000, 0x0000,
  0x0000, 0x0000, 0x0000, 0x0000, 0x0000, 0x0000, 0x0000, 0x0000, 0x0000, 0x0000, 0x0000, 0x0000,
  0x0000, 0x0000, 0x0000, 0x0000, 0x0000, 0x0000, 0x0000, 0x0000, 0x0000, 0x0000, 0x0000, 0x0000,
  0x0000, 0x0000, 0x0000, 0x0000, 0x0000, 0x0000, 0x0000, 0x0000, 0x0000, 0x0000, 0x0000, 0x0000,
  0x0000, 0x0000, 0x0000, 0x0000, 0x0000, 0x0000, 0x0000, 0x0000, 0x0000, 0x0000, 0x0000, 0x0000,
  0x0000, 0x0000, 0x0000, 0x0000, 0x0000, 0x0000, 0x0000, 0x0000, 0x0000, 0x0000, 0x0000, 0x0000,
  0x0000, 0x0000, 0x0000, 0x0000, 0x0000, 0x0000, 0x0800, 0x0000, 0x0800, 0x0800, 0x0000, 0x0800,
  0x0800, 0x0000, 0x0800, 0x0820, 0x0800, 0x0800, 0x0800, 0x0800, 0x0800, 0x0800, 0x0820, 0x0800,
  0x0800, 0x0820, 0x0820, 0x0800, 0x0800, 0x0800, 0x0800, 0x0820, 0x0820, 0x0820, 0x0820, 0x0820,
  0x0820, 0x0820, 0x0820, 0x0800, 0x0800, 0x0800, 0x0820, 0x0800, 0x0800, 0x0800, 0x0820, 0x0800,
  0x0800, 0x0800, 0x0800, 0x0820, 0x0820, 0x0800, 0x0800, 0x0820, 0x0820, 0x0800, 0x0800, 0x0800,
  0x0820, 0x0820, 0x0820, 0x0800, 0x0800, 0x0800, 0x0800, 0x0820, 0x0800, 0x0800, 0x0820, 0x0800,
  0x0800, 0x0800, 0x0800, 0x0800, 0x0800, 0x0800, 0x0800, 0x0800, 0x0800, 0x0800, 0x0800, 0x0800,
  0x0800, 0x0800, 0x0820, 0x0800, 0x0820, 0x0820, 0x0800, 0x0820, 0x0820, 0x0800, 0x0820, 0x0820,
  0x0820, 0x0800, 0x0820, 0x0800, 0x0800, 0x0800, 0x0820, 0x0820, 0x0800, 0x0800, 0x0820, 0x0820,
  0x0800, 0x0800, 0x0800, 0x0800, 0x0800, 0x0800, 0x0800, 0x0800, 0x0800, 0x0800, 0x0800, 0x0800,
  0x0800, 0x0800, 0x0800, 0x0800, 0x0800, 0x0800, 0x0800, 0x0800, 0x0800, 0x0800, 0x0800, 0x0800,
  0x0800, 0x0800, 0x0800, 0x0000, 0x0000, 0x0000, 0x0000, 0x0000, 0x0000, 0x0000, 0x0000, 0x0000,
  0x0000, 0x0000, 0x0000, 0x0000, 0x0000, 0x0000, 0x0000, 0x0000, 0x0000, 0x0000, 0x0000, 0x0000,
  0x0000, 0x0000, 0x0000, 0x0000, 0x0000, 0x0000, 0x0000, 0x0000, 0x0000, 0x0000, 0x0000, 0x0000,
  0x0000, 0x0000, 0x0000, 0x0000, 0x0000, 0x0000, 0x0000, 0x0000, 0x0000, 0x0000, 0x0000, 0x0000,
  0x0000, 0x0000, 0x0000, 0x0000, 0x0000, 0x0000, 0x0000, 0x0000, 0x0000, 0x0000, 0x0000, 0x0000,
  0x0000, 0x0000, 0x0000, 0x0000, 0x0000, 0x0000, 0x0000, 0x0000, 0x0000, 0x0000, 0x0000, 0x0000,
  0x0000, 0x0000, 0x0000, 0x0000, 0x0000, 0x0000, 0x0000, 0x0000, 0x0000, 0x0000, 0x0000, 0x0000,
  0x0000, 0x0000, 0x0000, 0x0000, 0x0000, 0x0000, 0x0000, 0x0000, 0x0000, 0x0000, 0x0000, 0x0000,
  0x0000, 0x0000, 0x0000, 0x0000, 0x0000, 0x0000, 0x0000, 0x0000, 0x0000, 0x0000, 0x0000, 0x0000,
  0x0000, 0x0000, 0x0000, 0x0000, 0x0000, 0x0000, 0x0000, 0x0000, 0x0000, 0x0000, 0x0800, 0x0000,
  0x0000, 0x0000, 0x0800, 0x0800, 0x0800, 0x0800, 0x0800, 0x0800, 0x0800, 0x0800, 0x0800, 0x0800,
  0x0800, 0x0820, 0x0800, 0x0800, 0x0800, 0x0800, 0x0800, 0x0820, 0x0820, 0x0820, 0x0820, 0x0820,
  0x0820, 0x0820, 0x0820, 0x0820, 0x0800, 0x0800, 0x0820, 0x0800, 0x0820, 0x0800, 0x0820, 0x0800,
  0x0800, 0x0800, 0x0800, 0x0800, 0x0800, 0x0800, 0x0820, 0x0800, 0x0820, 0x0800, 0x0800, 0x0800,
  0x0800, 0x0820, 0x0800, 0x0800, 0x0820, 0x0800, 0x0800, 0x0820, 0x0800, 0x0820, 0x0800, 0x0800,
  0x0800, 0x0800, 0x0800, 0x0800, 0x0800, 0x0800, 0x0800, 0x0800, 0x0800, 0x0800, 0x0800, 0x0800,
  0x0800, 0x0800, 0x0820, 0x0800, 0x0800, 0x0820, 0x0820, 0x0800, 0x0800, 0x0820, 0x0820, 0x0820,
  0x0820, 0x0800, 0x0820, 0x0800, 0x0800, 0x0820, 0x0820, 0x0820, 0x0800, 0x0800, 0x0820, 0x0820,
  0x0800, 0x0800, 0x0800, 0x0800, 0x0800, 0x0800, 0x0800, 0x0800, 0x0800, 0x0800, 0x0800, 0x0800,
  0x0800, 0x0800, 0x0800, 0x0800, 0x0800, 0x0800, 0x0800, 0x0800, 0x0800, 0x0800, 0x0800, 0x0800,
  0x0800, 0x0000, 0x0000, 0x0000, 0x0000, 0x0000, 0x0000, 0x0000, 0x0000, 0x0000, 0x0000, 0x0000,
  0x0000, 0x0000, 0x0000, 0x0000, 0x0000, 0x0000, 0x0000, 0x0000, 0x0000, 0x0000, 0x0000, 0x0000,
  0x0000, 0x0000, 0x0000, 0x0000, 0x0000, 0x0000, 0x0000, 0x0000, 0x0000, 0x0000, 0x0000, 0x0000,
  0x0000, 0x0000, 0x0000, 0x0000, 0x0000, 0x0000, 0x0000, 0x0000, 0x0000, 0x0000, 0x0000, 0x0000,
  0x0000, 0x0000, 0x0000, 0x0000, 0x0000, 0x0000, 0x0000, 0x0000, 0x0000, 0x0000, 0x0000, 0x0000,
  0x0000, 0x0000, 0x0000, 0x0000, 0x0000, 0x0000, 0x0000, 0x0000, 0x0000, 0x0000, 0x0000, 0x0000,
  0x0000, 0x0000, 0x0000, 0x0000, 0x0000, 0x0000, 0x0000, 0x0000, 0x0000, 0x0000, 0x0000, 0x0000,
  0x0000, 0x0000, 0x0000, 0x0000, 0x0000, 0x0000, 0x0000, 0x0000, 0x0000, 0x0000, 0x0000, 0x0000,
  0x0000, 0x0000, 0x0000, 0x0000, 0x0000, 0x0000, 0x0000, 0x0000, 0x0000, 0x0000, 0x0000, 0x0000,
  0x0000, 0x0000, 0x0000, 0x0000, 0x0000, 0x0000, 0x0000, 0x0000, 0x0000, 0x0000, 0x0000, 0x0000,
  0x0000, 0x0800, 0x0000, 0x0000, 0x0800, 0x0800, 0x0800, 0x0800, 0x0800, 0x0800, 0x0800, 0x0800,
  0x0800, 0x0800, 0x0800, 0x0800, 0x0800, 0x0800, 0x0800, 0x0800, 0x0800, 0x0820, 0x0820, 0x0820,
  0x0820, 0x0800, 0x0800, 0x0800, 0x0820, 0x0800, 0x0800, 0x0820, 0x0820, 0x0820, 0x0820, 0x0820,
  0x0800, 0x0800, 0x0800, 0x0800, 0x0800, 0x0820, 0x0820, 0x0800, 0x0820, 0x0820, 0x0800, 0x0800,
  0x0800, 0x0800, 0x0800, 0x0820, 0x0800, 0x0820, 0x0800, 0x0800, 0x0800, 0x0800, 0x0800, 0x0800,
  0x0800, 0x0800, 0x0800, 0x0800, 0x0820, 0x0800, 0x0800, 0x0800, 0x0800, 0x0800, 0x0800, 0x0820,
  0x0800, 0x0800, 0x0800, 0x0820, 0x0820, 0x0800, 0x0820, 0x0800, 0x0800, 0x0820, 0x0820, 0x0800,
  0x0800, 0x0800, 0x0800, 0x0800, 0x0800, 0x0800, 0x0820, 0x0820, 0x0800, 0x0800, 0x0800, 0x0820,
  0x0800, 0x0800, 0x0800, 0x0800, 0x0800, 0x0800, 0x0800, 0x0800, 0x0800, 0x0800, 0x0800, 0x0800,
  0x0800, 0x0800, 0x0800, 0x0800, 0x0800, 0x0800, 0x0800, 0x0800, 0x0800, 0x0800, 0x0800, 0x0000,
  0x0000, 0x0000, 0x0000, 0x0800, 0x0800, 0x0000, 0x0000, 0x0000, 0x0000, 0x0000, 0x0000, 0x0000,
  0x0000, 0x0000, 0x0000, 0x0000, 0x0000, 0x0000, 0x0000, 0x0000, 0x0000, 0x0000, 0x0000, 0x0000,
  0x0000, 0x0000, 0x0000, 0x0000, 0x0000, 0x0000, 0x0000, 0x0000, 0x0000, 0x0000, 0x0000, 0x0000,
  0x0000, 0x0000, 0x0000, 0x0000, 0x0000, 0x0000, 0x0000, 0x0000, 0x0000, 0x0000, 0x0000, 0x0000,
  0x0000, 0x0000, 0x0000, 0x0000, 0x0000, 0x0000, 0x0000, 0x0000, 0x0000, 0x0000, 0x0000, 0x0000,
  0x0000, 0x0000, 0x0000, 0x0000, 0x0000, 0x0000, 0x0000, 0x0000, 0x0000, 0x0000, 0x0000, 0x0000,
  0x0000, 0x0000, 0x0000, 0x0000, 0x0000, 0x0000, 0x0000, 0x0000, 0x0000, 0x0000, 0x0000, 0x0000,
  0x0000, 0x0000, 0x0000, 0x0000, 0x0000, 0x0000, 0x0000, 0x0000, 0x0000, 0x0000, 0x0000, 0x0000,
  0x0000, 0x0000, 0x0000, 0x0000, 0x0000, 0x0000, 0x0000, 0x0000, 0x0000, 0x0000, 0x0000, 0x0000,
  0x0000, 0x0000, 0x0000, 0x0000, 0x0000, 0x0000, 0x0000, 0x0000, 0x0000, 0x0000, 0x0000, 0x0000,
  0x0000, 0x0000, 0x0800, 0x0800, 0x0800, 0x0000, 0x0000, 0x0800, 0x0800, 0x0800, 0x0800, 0x0800,
  0x0800, 0x0800, 0x0800, 0x0800, 0x0800, 0x0800, 0x0800, 0x0820, 0x0800, 0x0800, 0x0800, 0x0820,
  0x0820, 0x0800, 0x0820, 0x0800, 0x0820, 0x0800, 0x0820, 0x0820, 0x0800, 0x0820, 0x0820, 0x0820,
  0x0800, 0x0820, 0x0800, 0x0800, 0x0820, 0x0820, 0x0800, 0x0820, 0x0820, 0x0800, 0x0800, 0x0800,
  0x0800, 0x0800, 0x0800, 0x0820, 0x0800, 0x0800, 0x0800, 0x0800, 0x0820, 0x0800, 0x0800, 0x0820,
  0x0800, 0x0820, 0x0800, 0x0800, 0x0800, 0x0800, 0x0800, 0x0800, 0x0800, 0x0800, 0x0800, 0x0800,
  0x0800, 0x0800, 0x0800, 0x0820, 0x0820, 0x0800, 0x0820, 0x0820, 0x0800, 0x0820, 0x0820, 0x0820,
  0x0800, 0x0820, 0x0800, 0x0800, 0x0820, 0x0800, 0x0800, 0x0800, 0x0800, 0x0800, 0x0800, 0x0800,
  0x0800, 0x0800, 0x0800, 0x0800, 0x0800, 0x0800, 0x0800, 0x0800, 0x0800, 0x0800, 0x0800, 0x0800,
  0x0800, 0x0800, 0x0800, 0x0800, 0x0800, 0x0000, 0x0000, 0x0800, 0x0800, 0x0800, 0x0000, 0x0800,
  0x0000, 0x0800, 0x0000, 0x0000, 0x0000, 0x0000, 0x0000, 0x0000, 0x0000, 0x0000, 0x0000, 0x0000,
  0x0000, 0x0000, 0x0000, 0x0000, 0x0000, 0x0000, 0x0000, 0x0000, 0x0000, 0x0000, 0x0000, 0x0000,
  0x0000, 0x0000, 0x0000, 0x0000, 0x0000, 0x0000, 0x0000, 0x0000, 0x0000, 0x0000, 0x0000, 0x0000,
  0x0000, 0x0000, 0x0000, 0x0000, 0x0000, 0x0000, 0x0000, 0x0000, 0x0000, 0x0000, 0x0000, 0x0000,
  0x0000, 0x0000, 0x0000, 0x0000, 0x0000, 0x0000, 0x0000, 0x0000, 0x0000, 0x0000, 0x0000, 0x0000,
  0x0000, 0x0000, 0x0000, 0x0000, 0x0000, 0x0000, 0x0000, 0x0000, 0x0000, 0x0000, 0x0000, 0x0000,
  0x0000, 0x0000, 0x0000, 0x0000, 0x0000, 0x0000, 0x0000, 0x0000, 0x0000, 0x0000, 0x0000, 0x0000,
  0x0000, 0x0000, 0x0000, 0x0000, 0x0000, 0x0000, 0x0000, 0x0000, 0x0000, 0x0000, 0x0000, 0x0000,
  0x0000, 0x0000, 0x0000, 0x0000, 0x0000, 0x0000, 0x0000, 0x0000, 0x0000, 0x0000, 0x0000, 0x0000,
  0x0000, 0x0000, 0x0000, 0x0000, 0x0000, 0x0000, 0x0800, 0x0000, 0x0000, 0x0000, 0x0000, 0x0000,
  0x0000, 0x0000, 0x0000, 0x0000, 0x0000, 0x0800, 0x0800, 0x0000, 0x0800, 0x0800, 0x0800, 0x0800,
  0x0800, 0x0800, 0x0800, 0x0800, 0x0800, 0x0800, 0x0800, 0x0800, 0x0800, 0x0800, 0x0800, 0x0800,
  0x0820, 0x0800, 0x0800, 0x0820, 0x0820, 0x0800, 0x0800, 0x0800, 0x0820, 0x0820, 0x0820, 0x0820,
  0x0820, 0x0800, 0x0800, 0x0800, 0x0800, 0x0800, 0x0800, 0x0800, 0x0800, 0x0800, 0x0800, 0x0800,
  0x0800, 0x0800, 0x0800, 0x0800, 0x0800, 0x0800, 0x0800, 0x0800, 0x0820, 0x0820, 0x0800, 0x0820,
  0x0800, 0x0800, 0x0820, 0x0820, 0x0820, 0x0820, 0x0820, 0x0800, 0x0800, 0x0800, 0x0800, 0x0800,
  0x0800, 0x0800, 0x0800, 0x0800, 0x0800, 0x0800, 0x0800, 0x0820, 0x0820, 0x0800, 0x0800, 0x0800,
  0x0800, 0x0800, 0x0800, 0x0800, 0x0800, 0x0800, 0x0800, 0x0800, 0x0800, 0x0800, 0x0800, 0x0800,
  0x0800, 0x0800, 0x0800, 0x0800, 0x0800, 0x0800, 0x0800, 0x0800, 0x0800, 0x0800, 0x0800, 0x0800,
  0x0800, 0x0800, 0x0800, 0x0800, 0x0000, 0x0800, 0x0800, 0x0800, 0x0800, 0x0800, 0x0800, 0x0800,
  0x0000, 0x0800, 0x0800, 0x0000, 0x0000, 0x0000, 0x0000, 0x0000, 0x0000, 0x0000, 0x0000, 0x0000,
  0x0000, 0x0000, 0x0000, 0x0000, 0x0000, 0x0000, 0x0000, 0x0000, 0x0000, 0x0000, 0x0000, 0x0000,
  0x0000, 0x0000, 0x0000, 0x0000, 0x0000, 0x0000, 0x0000, 0x0000, 0x0000, 0x0000, 0x0000, 0x0000,
  0x0000, 0x0000, 0x0000, 0x0000, 0x0000, 0x0000, 0x0000, 0x0000, 0x0000, 0x0000, 0x0000, 0x0000,
  0x0000, 0x0000, 0x0000, 0x0000, 0x0000, 0x0000, 0x0000, 0x0000, 0x0000, 0x0000, 0x0000, 0x0000,
  0x0000, 0x0000, 0x0000, 0x0000, 0x0000, 0x0000, 0x0000, 0x0000, 0x0000, 0x0000, 0x0000, 0x0000,
  0x0000, 0x0000, 0x0000, 0x0000, 0x0000, 0x0000, 0x0000, 0x0000, 0x0000, 0x0000, 0x0000, 0x0000,
  0x0000, 0x0000, 0x0000, 0x0000, 0x0000, 0x0000, 0x0000, 0x0000, 0x0000, 0x0000, 0x0000, 0x0000,
  0x0000, 0x0000, 0x0000, 0x0000, 0x0000, 0x0000, 0x0000, 0x0000, 0x0000, 0x0000, 0x0000, 0x0000,
  0x0000, 0x0000, 0x0000, 0x0000, 0x0000, 0x0000, 0x0000, 0x0000, 0x0800, 0x0000, 0x0000, 0x0000,
  0x0000, 0x0000, 0x0000, 0x0000, 0x0000, 0x0800, 0x0800, 0x0800, 0x0800, 0x0800, 0x0800, 0x0000,
  0x0800, 0x0800, 0x0800, 0x0800, 0x0800, 0x0800, 0x0800, 0x0800, 0x0800, 0x0800, 0x0800, 0x0800,
  0x0800, 0x0800, 0x0800, 0x0800, 0x0820, 0x0800, 0x0800, 0x0820, 0x0820, 0x0800, 0x0800, 0x0820,
  0x0820, 0x0820, 0x0820, 0x0800, 0x0800, 0x0800, 0x0800, 0x0800, 0x0800, 0x0800, 0x0800, 0x0800,
  0x0800, 0x0800, 0x0800, 0x0800, 0x0800, 0x0800, 0x0800, 0x0800, 0x0800, 0x0800, 0x0800, 0x0800,
  0x0820, 0x0800, 0x0820, 0x0820, 0x0800, 0x0820, 0x0800, 0x0800, 0x0800, 0x0800, 0x0800, 0x0800,
  0x0800, 0x0800, 0x0800, 0x0800, 0x0800, 0x0820, 0x0800, 0x0800, 0x0820, 0x0800, 0x0800, 0x0800,
  0x0800, 0x0800, 0x0800, 0x0800, 0x0800, 0x0800, 0x0800, 0x0800, 0x0800, 0x0800, 0x0800, 0x0800,
  0x0800, 0x0800, 0x0800, 0x0800, 0x0800, 0x0800, 0x0800, 0x0800, 0x0800, 0x0800, 0x0800, 0x0800,
  0x0800, 0x0800, 0x0800, 0x0000, 0x0800, 0x0800, 0x0000, 0x0000, 0x0800, 0x0800, 0x0800, 0x0800,
  0x0000, 0x0800, 0x0000, 0x0000, 0x0000, 0x0000, 0x0000, 0x0000, 0x0000, 0x0000, 0x0000, 0x0000,
  0x0000, 0x0000, 0x0000, 0x0000, 0x0000, 0x0000, 0x0000, 0x0000, 0x0000, 0x0000, 0x0000, 0x0000,
  0x0000, 0x0000, 0x0000, 0x0000, 0x0000, 0x0000, 0x0000, 0x0000, 0x0000, 0x0000, 0x0000, 0x0000,
  0x0000, 0x0000, 0x0000, 0x0000, 0x0000, 0x0000, 0x0000, 0x0000, 0x0000, 0x0000, 0x0000, 0x0000,
  0x0000, 0x0000, 0x0000, 0x0000, 0x0000, 0x0000, 0x0000, 0x0000, 0x0000, 0x0000, 0x0000, 0x0000,
};

static const lv_img_dsc_t cinemaWallpaper = {
  { LV_IMG_CF_TRUE_COLOR, 0, 0, 240, 320 },
  240 * 320 * 2,
  (const uint8_t *)cinemaWallpaperPixels
};
